variant,actor_update_window,train_bc_drift_0,train_expert_mse_0,action_mean_0,action_across_states_std_0,gaussian_std_mean_0,log_std_min_0,log_std_max_0,deterministic_saturation_0,train_bc_drift_1,train_expert_mse_1,action_mean_1,action_across_states_std_1,gaussian_std_mean_1,log_std_min_1,log_std_max_1,deterministic_saturation_1,validation_bc_drift_0,validation_expert_mse_0,validation_bc_drift_1,validation_expert_mse_1,optimizer_counts,Q_at_fixed_BC_mean,dQ_da_at_BC_norm_0,dQ_alignment_with_recorded_collapse_0,dQ_da_at_BC_norm_1,dQ_alignment_with_recorded_collapse_1
restored,1,0.0032097927760332823,0.0033765118569135666,"[0.09267990291118622, 0.044576916843652725, 0.1677493155002594, 0.047189291566610336, 0.0415026880800724, 0.003772607073187828, 0.6638566851615906]","[0.08342563360929489, 0.13475924730300903, 0.12560659646987915, 0.02716701664030552, 0.026471661403775215, 0.21847335994243622, 0.7489901185035706]",0.049787066876888275,-3.0,-3.0,0.1473214328289032,0.003572565969079733,0.003746564267203212,"[-0.017817486077547073, 0.04508835822343826, 0.18537163734436035, -0.06762482970952988, -0.033410392701625824, -0.10336959362030029, 0.6639796495437622]","[0.08109313994646072, 0.13104236125946045, 0.13211944699287415, 0.021351899951696396, 0.02580902725458145, 0.20404264330863953, 0.7489153146743774]",0.049787066876888275,-3.0,-3.0,0.1478794664144516,0.002851076191291213,0.003731775563210249,0.003535682801157236,0.0038318494334816933,"{""critic_optimizer_updates"": 2001, ""actor_optimizer_updates_0"": 1, ""actor_optimizer_updates_1"": 1, ""actor_optimizer_steps_total"": 2, ""alpha_optimizer_updates"": 1}",-3.112229347229004,2.202852249145508,0.6280354261398315,3.7376794815063477,0.880581259727478
restored,2,0.012426422908902168,0.01254764012992382,"[0.1538824588060379, 0.08542788028717041, 0.2447146475315094, 0.08994966745376587, 0.07150794565677643, 0.07194684445858002, 0.6638474464416504]","[0.08099909126758575, 0.13913311064243317, 0.11279289424419403, 0.04233565926551819, 0.03354301676154137, 0.22871840000152588, 0.7489825487136841]",0.049787066876888275,-3.0,-3.0,0.1467633992433548,0.013720602728426456,0.013873502612113953,"[-0.0657448023557663, 0.08767001330852509, 0.2834915518760681, -0.13622918725013733, -0.06450963020324707, -0.1408717930316925, 0.6639841794967651]","[0.08556113392114639, 0.13479942083358765, 0.12436962872743607, 0.04031013324856758, 0.030510621145367622, 0.19971460103988647, 0.7488943338394165]",0.049787066876888275,-3.0,-3.0,0.1478794664144516,0.01109887845814228,0.011924993246793747,0.013584393076598644,0.013799966312944889,"{""critic_optimizer_updates"": 2002, ""actor_optimizer_updates_0"": 2, ""actor_optimizer_updates_1"": 2, ""actor_optimizer_steps_total"": 4, ""alpha_optimizer_updates"": 2}",-2.5784878730773926,2.0894718170166016,0.6207144260406494,3.5307254791259766,0.8815531730651855
restored,3,0.0268650371581316,0.026951119303703308,"[0.21331065893173218, 0.1254992038011551, 0.31625550985336304, 0.1300201117992401, 0.09891463071107864, 0.13983143866062164, 0.6638345718383789]","[0.0817190483212471, 0.14405177533626556, 0.10302505642175674, 0.0562812015414238, 0.041207414120435715, 0.23853610455989838, 0.7489721775054932]",0.049787066876888275,-3.0,-3.0,0.145647332072258,0.0295113418251276,0.029641617089509964,"[-0.11384745687246323, 0.13195505738258362, 0.3742048144340515, -0.20054082572460175, -0.0942358747124672, -0.17877665162086487, 0.6639878749847412]","[0.09204515814781189, 0.13999541103839874, 0.11771944910287857, 0.058386243879795074, 0.035893891006708145, 0.19618041813373566, 0.7488725781440735]",0.049787066876888275,-3.0,-3.0,0.1478794664144516,0.02408088557422161,0.02486695535480976,0.029229145497083664,0.0293738953769207,"{""critic_optimizer_updates"": 2003, ""actor_optimizer_updates_0"": 3, ""actor_optimizer_updates_1"": 3, ""actor_optimizer_steps_total"": 6, ""alpha_optimizer_updates"": 3}",-1.6367543935775757,1.8043935298919678,0.61371910572052,3.0592916011810303,0.876738429069519
restored,4,0.045461904257535934,0.04551135003566742,"[0.26902759075164795, 0.16425414383411407, 0.38566213846206665, 0.1664687544107437, 0.12404296547174454, 0.20205295085906982, 0.6638177633285522]","[0.08459028601646423, 0.14938274025917053, 0.09698379039764404, 0.06910876929759979, 0.04931975528597832, 0.24684998393058777, 0.7489587664604187]",0.049787066876888275,-3.0,-3.0,0.1450892984867096,0.049171172082424164,0.04927990213036537,"[-0.1591416895389557, 0.17381426692008972, 0.4546612501144409, -0.26115623116493225, -0.1200394555926323, -0.21449345350265503, 0.6639949083328247]","[0.09988106787204742, 0.14568063616752625, 0.11197090148925781, 0.07456143200397491, 0.040815725922584534, 0.19369059801101685, 0.7488423585891724]",0.049787066876888275,-3.0,-3.0,0.1478794664144516,0.04094290733337402,0.04169448837637901,0.048799559473991394,0.04888411983847618,"{""critic_optimizer_updates"": 2004, ""actor_optimizer_updates_0"": 4, ""actor_optimizer_updates_1"": 4, ""actor_optimizer_steps_total"": 8, ""alpha_optimizer_updates"": 4}",-0.7440541982650757,1.5974640846252441,0.6064767837524414,2.6889970302581787,0.8759059906005859
restored,5,0.06625637412071228,0.06627590954303741,"[0.31987881660461426, 0.19871440529823303, 0.44676369428634644, 0.19876046478748322, 0.14244532585144043, 0.2607669532299042, 0.6637957096099854]","[0.08844175934791565, 0.1544606238603592, 0.09450021386146545, 0.08042418211698532, 0.056924402713775635, 0.2532931864261627, 0.7489408850669861]",0.049787066876888275,-3.0,-3.0,0.14453125,0.07099159061908722,0.07108224928379059,"[-0.20079831779003143, 0.2123643010854721, 0.5241125822067261, -0.31657037138938904, -0.14506873488426208, -0.24709704518318176, 0.6640004515647888]","[0.10778754949569702, 0.15164180099964142, 0.10689747333526611, 0.08810540288686752, 0.046437639743089676, 0.1924082487821579, 0.7488097548484802]",0.049787066876888275,-3.0,-3.0,0.1478794664144516,0.059978146106004715,0.060706619173288345,0.0706581100821495,0.0706867128610611,"{""critic_optimizer_updates"": 2005, ""actor_optimizer_updates_0"": 5, ""actor_optimizer_updates_1"": 5, ""actor_optimizer_steps_total"": 10, ""alpha_optimizer_updates"": 5}",-0.03453008085489273,1.4102783203125,0.6044666767120361,2.377497673034668,0.8762568235397339
restored,6,0.08766825497150421,0.0876704528927803,"[0.3656806945800781, 0.22896520793437958, 0.4991447329521179, 0.22646307945251465, 0.15381455421447754, 0.31487488746643066, 0.6637625694274902]","[0.09251990169286728, 0.1587870568037033, 0.09421399980783463, 0.09014733880758286, 0.06424069404602051, 0.2574383020401001, 0.7489186525344849]",0.049787066876888275,-3.0,-3.0,0.1434151828289032,0.09341582655906677,0.09349442273378372,"[-0.23858758807182312, 0.24862322211265564, 0.5818047523498535, -0.36684849858283997, -0.16982676088809967, -0.27493172883987427, 0.6640056371688843]","[0.11523865908384323, 0.15730510652065277, 0.10261321812868118, 0.09883666783571243, 0.05273500829935074, 0.19195255637168884, 0.748771607875824]",0.049787066876888275,-3.0,-3.0,0.1478794664144516,0.07974844425916672,0.08047454804182053,0.09326589852571487,0.09324739873409271,"{""critic_optimizer_updates"": 2006, ""actor_optimizer_updates_0"": 6, ""actor_optimizer_updates_1"": 6, ""actor_optimizer_steps_total"": 12, ""alpha_optimizer_updates"": 6}",0.412558376789093,1.2708160877227783,0.6077755689620972,2.1392698287963867,0.8767256736755371
restored,7,0.1087166965007782,0.10871289670467377,"[0.40649014711380005, 0.25587382912635803, 0.544592022895813, 0.24985858798027039, 0.15927499532699585, 0.3631174862384796, 0.6637176275253296]","[0.09649766236543655, 0.16252559423446655, 0.09526299685239792, 0.09852530062198639, 0.07149471342563629, 0.25940555334091187, 0.7488906383514404]",0.049787066876888275,-3.0,-3.0,0.1428571492433548,0.11569853127002716,0.11576598882675171,"[-0.2727234363555908, 0.28196197748184204, 0.6298568844795227, -0.41250622272491455, -0.19463932514190674, -0.29933902621269226, 0.6640083193778992]","[0.12182018160820007, 0.1624506711959839, 0.09906652569770813, 0.10701305419206619, 0.059299953281879425, 0.19187068939208984, 0.7487318515777588]",0.049787066876888275,-3.0,-3.0,0.1478794664144516,0.09933330863714218,0.10007790476083755,0.11583100259304047,0.11577421426773071,"{""critic_optimizer_updates"": 2007, ""actor_optimizer_updates_0"": 7, ""actor_optimizer_updates_1"": 7, ""actor_optimizer_steps_total"": 14, ""alpha_optimizer_updates"": 7}",0.6020616888999939,1.1513137817382812,0.614140510559082,1.9502650499343872,0.8781511187553406
restored,8,0.1284642070531845,0.12846575677394867,"[0.44219088554382324, 0.2794041335582733, 0.5826262831687927, 0.26899847388267517, 0.16180403530597687, 0.4054860770702362, 0.6636505126953125]","[0.09988211840391159, 0.1656230390071869, 0.09681157767772675, 0.10571864992380142, 0.07872830331325531, 0.25930875539779663, 0.748855471611023]",0.049787066876888275,-3.0,-3.0,0.1428571492433548,0.13658884167671204,0.136647567152977,"[-0.30177170038223267, 0.31137770414352417, 0.6695245504379272, -0.45352500677108765, -0.21759597957134247, -0.31812670826911926, 0.6640032529830933]","[0.1273396909236908, 0.1668572723865509, 0.0960138589143753, 0.1128070279955864, 0.06547906994819641, 0.19175338745117188, 0.7486947774887085]",0.049787066876888275,-3.0,-3.0,0.1489955484867096,0.11780931800603867,0.11860243231058121,0.13699960708618164,0.1369081735610962,"{""critic_optimizer_updates"": 2008, ""actor_optimizer_updates_0"": 8, ""actor_optimizer_updates_1"": 8, ""actor_optimizer_steps_total"": 16, ""alpha_optimizer_updates"": 8}",0.6510758399963379,1.091855764389038,0.6242570877075195,1.8443126678466797,0.8822275400161743
restored,9,0.14649198949337006,0.14650797843933105,"[0.47347259521484375, 0.2992657423019409, 0.6140480041503906, 0.2842029929161072, 0.16215680539608002, 0.4429386556148529, 0.6635602116584778]","[0.10270467400550842, 0.168105348944664, 0.09823557734489441, 0.1116221621632576, 0.08569490164518356, 0.2572712302207947, 0.7488110065460205]",0.049787066876888275,-3.0,-3.0,0.1428571492433548,0.1557961255311966,0.15584950149059296,"[-0.32713568210601807, 0.33734965324401855, 0.7020763158798218, -0.4903183579444885, -0.23824693262577057, -0.3325253129005432, 0.6639903783798218]","[0.13195300102233887, 0.17051726579666138, 0.093299001455307, 0.11670956760644913, 0.07097311317920685, 0.19116045534610748, 0.7486615777015686]",0.049787066876888275,-3.0,-3.0,0.1489955484867096,0.13474278151988983,0.1355958729982376,0.1564175933599472,0.15629707276821136,"{""critic_optimizer_updates"": 2009, ""actor_optimizer_updates_0"": 9, ""actor_optimizer_updates_1"": 9, ""actor_optimizer_steps_total"": 18, ""alpha_optimizer_updates"": 9}",0.5847023725509644,1.044438123703003,0.6380543112754822,1.758812665939331,0.883524477481842
restored,10,0.16257642209529877,0.16261105239391327,"[0.5005800724029541, 0.31562504172325134, 0.6400432586669922, 0.2959338426589966, 0.15994220972061157, 0.47599703073501587, 0.6634434461593628]","[0.10500776767730713, 0.17006075382232666, 0.09931609779596329, 0.11647391319274902, 0.09212476015090942, 0.2535097897052765, 0.7487558722496033]",0.049787066876888275,-3.0,-3.0,0.1434151828289032,0.17298391461372375,0.17303314805030823,"[-0.3482303023338318, 0.35996687412261963, 0.7290803790092468, -0.5233716368675232, -0.25613510608673096, -0.34209394454956055, 0.6639683842658997]","[0.1356736272573471, 0.17361584305763245, 0.09070862084627151, 0.11904691159725189, 0.07569972425699234, 0.19019484519958496, 0.748633086681366]",0.049787066876888275,-3.0,-3.0,0.149553582072258,0.1498979777097702,0.15082082152366638,0.1737777590751648,0.1736319363117218,"{""critic_optimizer_updates"": 2010, ""actor_optimizer_updates_0"": 10, ""actor_optimizer_updates_1"": 10, ""actor_optimizer_steps_total"": 20, ""alpha_optimizer_updates"": 10}",0.48396629095077515,1.0107059478759766,0.6476812362670898,1.7003613710403442,0.8858523368835449
restored,11,0.1766873449087143,0.1767427623271942,"[0.5239592790603638, 0.3290502429008484, 0.6615604758262634, 0.30454838275909424, 0.15611472725868225, 0.5047472715377808, 0.6632903814315796]","[0.10681293904781342, 0.17164328694343567, 0.10002756863832474, 0.12047085165977478, 0.09806585311889648, 0.24840247631072998, 0.7486860156059265]",0.049787066876888275,-3.0,-3.0,0.1439732164144516,0.18820637464523315,0.18825170397758484,"[-0.3655758202075958, 0.3795614242553711, 0.7515355348587036, -0.5530790686607361, -0.27122169733047485, -0.3482346832752228, 0.6639370918273926]","[0.13870607316493988, 0.17624954879283905, 0.08819612860679626, 0.12018687278032303, 0.07978588342666626, 0.18908603489398956, 0.7486065626144409]",0.049787066876888275,-3.0,-3.0,0.1501116156578064,0.1632472723722458,0.1642483025789261,0.18915821611881256,0.1889902949333191,"{""critic_optimizer_updates"": 2011, ""actor_optimizer_updates_0"": 11, ""actor_optimizer_updates_1"": 11, ""actor_optimizer_steps_total"": 22, ""alpha_optimizer_updates"": 11}",0.411202609539032,0.9779043793678284,0.659034013748169,1.6445579528808594,0.8898923993110657
restored,12,0.1888706088066101,0.18894702196121216,"[0.544086754322052, 0.339423805475235, 0.6793372631072998, 0.31027039885520935, 0.15068022906780243, 0.5298454761505127, 0.6630964279174805]","[0.10824664682149887, 0.1729418933391571, 0.10048350691795349, 0.123750701546669, 0.10348711162805557, 0.24217219650745392, 0.7485995888710022]",0.049787066876888275,-3.0,-3.0,0.1450892984867096,0.20143426954746246,0.2014746367931366,"[-0.37983131408691406, 0.3965356945991516, 0.7703009247779846, -0.5797770023345947, -0.2828408479690552, -0.35068851709365845, 0.6638960838317871]","[0.14123860001564026, 0.17842403054237366, 0.08574769645929337, 0.12041787803173065, 0.08323563635349274, 0.18800762295722961, 0.7485811114311218]",0.049787066876888275,-3.0,-3.0,0.1512276828289032,0.1748388409614563,0.1759205460548401,0.20254050195217133,0.2023525983095169,"{""critic_optimizer_updates"": 2012, ""actor_optimizer_updates_0"": 12, ""actor_optimizer_updates_1"": 12, ""actor_optimizer_steps_total"": 24, ""alpha_optimizer_updates"": 12}",0.40778785943984985,0.941717267036438,0.6645569801330566,1.5872948169708252,0.8905341029167175
restored,13,0.19919565320014954,0.1992921531200409,"[0.5612231492996216, 0.34709084033966064, 0.6939196586608887, 0.3134337067604065, 0.14385393261909485, 0.5516817569732666, 0.6628453731536865]","[0.10931480675935745, 0.17397834360599518, 0.10075800865888596, 0.12641482055187225, 0.10823554545640945, 0.23520834743976593, 0.7484902739524841]",0.049787066876888275,-3.0,-3.0,0.1450892984867096,0.21276208758354187,0.21279671788215637,"[-0.3909246325492859, 0.4108497202396393, 0.7860518097877502, -0.6037863492965698, -0.29208505153656006, -0.34994247555732727, 0.6638404130935669]","[0.14334574341773987, 0.18023762106895447, 0.08339786529541016, 0.11991901695728302, 0.0861901268362999, 0.18704047799110413, 0.7485588192939758]",0.049787066876888275,-3.0,-3.0,0.15234375,0.18473587930202484,0.18590117990970612,0.2140197455883026,0.2138146311044693,"{""critic_optimizer_updates"": 2013, ""actor_optimizer_updates_0"": 13, ""actor_optimizer_updates_1"": 13, ""actor_optimizer_steps_total"": 26, ""alpha_optimizer_updates"": 13}",0.4598269760608673,0.9061757326126099,0.6705969572067261,1.5351014137268066,0.8910427093505859
restored,14,0.2077801376581192,0.20789499580860138,"[0.5756792426109314, 0.35229676961898804, 0.7058159112930298, 0.3142014443874359, 0.13675791025161743, 0.5703998804092407, 0.6625255346298218]","[0.11011568456888199, 0.1748737394809723, 0.10093957930803299, 0.1285587102174759, 0.11219615489244461, 0.22792351245880127, 0.7483524680137634]",0.049787066876888275,-3.0,-3.0,0.1450892984867096,0.22231173515319824,0.22233936190605164,"[-0.39917993545532227, 0.42327094078063965, 0.7992788553237915, -0.6253339648246765, -0.29870012402534485, -0.3461475074291229, 0.6637700796127319]","[0.14517207443714142, 0.1817573606967926, 0.08121222257614136, 0.11890725791454315, 0.08859562128782272, 0.18617163598537445, 0.7485354542732239]",0.049787066876888275,-3.0,-3.0,0.1529017984867096,0.19301936030387878,0.19426296651363373,0.22372296452522278,0.22350254654884338,"{""critic_optimizer_updates"": 2014, ""actor_optimizer_updates_0"": 14, ""actor_optimizer_updates_1"": 14, ""actor_optimizer_steps_total"": 28, ""alpha_optimizer_updates"": 14}",0.5674033761024475,0.8719035983085632,0.672999918460846,1.4793381690979004,0.8905428647994995
restored,15,0.2147684395313263,0.2148996889591217,"[0.5877366065979004, 0.3553563356399536, 0.7154560089111328, 0.31276988983154297, 0.1284061074256897, 0.586517333984375, 0.662132203578949]","[0.11075681447982788, 0.17565040290355682, 0.10109893232584, 0.1302211880683899, 0.11557494848966599, 0.220526322722435, 0.7481843829154968]",0.049787066876888275,-3.0,-3.0,0.14453125,0.23037342727184296,0.23039448261260986,"[-0.40499523282051086, 0.4335184693336487, 0.8104497194290161, -0.6446924805641174, -0.304716557264328, -0.33985018730163574, 0.6636878252029419]","[0.1468309909105301, 0.18303699791431427, 0.07918940484523773, 0.11757147312164307, 0.09053363651037216, 0.18550153076648712, 0.7485050559043884]",0.049787066876888275,-3.0,-3.0,0.1545758992433548,0.1997939944267273,0.20111025869846344,0.2319309413433075,0.23169836401939392,"{""critic_optimizer_updates"": 2015, ""actor_optimizer_updates_0"": 15, ""actor_optimizer_updates_1"": 15, ""actor_optimizer_steps_total"": 30, ""alpha_optimizer_updates"": 15}",0.7214280366897583,0.8382678031921387,0.6714282035827637,1.421149730682373,0.8884626626968384
restored,16,0.22032877802848816,0.2204742431640625,"[0.5976647138595581, 0.35630330443382263, 0.7231469750404358, 0.3094727396965027, 0.11923786997795105, 0.6003933548927307, 0.6616367697715759]","[0.11127995699644089, 0.17631837725639343, 0.10129813104867935, 0.13150851428508759, 0.11834347248077393, 0.21309372782707214, 0.7479760050773621]",0.049787066876888275,-3.0,-3.0,0.1462053656578064,0.23686379194259644,0.23687700927257538,"[-0.4084125757217407, 0.44168758392333984, 0.8198473453521729, -0.6620908975601196, -0.30837729573249817, -0.3310598134994507, 0.6635842323303223]","[0.1483881026506424, 0.1841769963502884, 0.07736396789550781, 0.11601582914590836, 0.09222958236932755, 0.1851252317428589, 0.7484706044197083]",0.049787066876888275,-3.0,-3.0,0.1556919664144516,0.2052134871482849,0.20659880340099335,0.23859450221061707,0.23835155367851257,"{""critic_optimizer_updates"": 2016, ""actor_optimizer_updates_0"": 16, ""actor_optimizer_updates_1"": 16, ""actor_optimizer_steps_total"": 32, ""alpha_optimizer_updates"": 16}",0.8896890878677368,0.8029863238334656,0.6684257388114929,1.361148476600647,0.8863707780838013
restored,17,0.22468264400959015,0.2248401790857315,"[0.6057641506195068, 0.3554559350013733, 0.7291332483291626, 0.30481261014938354, 0.11055855453014374, 0.6123070120811462, 0.6610190868377686]","[0.11173886805772781, 0.1768798828125, 0.10156575590372086, 0.1324676275253296, 0.1202639490365982, 0.20587551593780518, 0.7477214336395264]",0.049787066876888275,-3.0,-3.0,0.1467633992433548,0.24201351404190063,0.24201837182044983,"[-0.4097689092159271, 0.447961688041687, 0.8277645111083984, -0.6777347326278687, -0.31056058406829834, -0.32005971670150757, 0.6634631156921387]","[0.14985792338848114, 0.18521864712238312, 0.07574068754911423, 0.11432529985904694, 0.09369564801454544, 0.18499962985515594, 0.748424232006073]",0.049787066876888275,-3.0,-3.0,0.1568080484867096,0.2094746083021164,0.21092577278614044,0.24391388893127441,0.24366144835948944,"{""critic_optimizer_updates"": 2017, ""actor_optimizer_updates_0"": 17, ""actor_optimizer_updates_1"": 17, ""actor_optimizer_steps_total"": 34, ""alpha_optimizer_updates"": 17}",1.0486974716186523,0.7717956900596619,0.6624749302864075,1.3076540231704712,0.8840715289115906
restored,18,0.2278612107038498,0.22802847623825073,"[0.6121289134025574, 0.3527473211288452, 0.7336632609367371, 0.2985484302043915, 0.10203089565038681, 0.6224472522735596, 0.6602590084075928]","[0.11217907816171646, 0.17735882103443146, 0.10191092640161514, 0.1330203264951706, 0.12136873602867126, 0.19895678758621216, 0.7474140524864197]",0.049787066876888275,-3.0,-3.0,0.1473214328289032,0.24594444036483765,0.24594011902809143,"[-0.4090454578399658, 0.45239654183387756, 0.8344624042510986, -0.6918586492538452, -0.3114830255508423, -0.30699849128723145, 0.6633138656616211]","[0.1512453407049179, 0.18620461225509644, 0.07429446280002594, 0.11255497485399246, 0.0950164720416069, 0.1851455420255661, 0.7483700513839722]",0.049787066876888275,-3.0,-3.0,0.16015625,0.21260663866996765,0.21411475539207458,0.24801494181156158,0.24775399267673492,"{""critic_optimizer_updates"": 2018, ""actor_optimizer_updates_0"": 18, ""actor_optimizer_updates_1"": 18, ""actor_optimizer_steps_total"": 36, ""alpha_optimizer_updates"": 18}",1.1821894645690918,0.7511723041534424,0.6573250889778137,1.2728326320648193,0.8823642134666443
restored,19,0.2300507128238678,0.23022577166557312,"[0.6169851422309875, 0.3482716977596283, 0.7369225025177002, 0.2908680737018585, 0.09529929608106613, 0.6310943961143494, 0.659342885017395]","[0.11264988034963608, 0.17773929238319397, 0.10235815495252609, 0.13326537609100342, 0.12162254750728607, 0.19244061410427094, 0.7470520734786987]",0.049787066876888275,-3.0,-3.0,0.1473214328289032,0.24880172312259674,0.24878782033920288,"[-0.4064447581768036, 0.4550703465938568, 0.8400968909263611, -0.7045990228652954, -0.3118206858634949, -0.2917618155479431, 0.6631343364715576]","[0.1525728702545166, 0.18716906011104584, 0.07303329557180405, 0.11075365543365479, 0.09600657224655151, 0.1856318563222885, 0.7483039498329163]",0.049787066876888275,-3.0,-3.0,0.16015625,0.21478696167469025,0.2163451611995697,0.25105223059654236,0.250784695148468,"{""critic_optimizer_updates"": 2019, ""actor_optimizer_updates_0"": 19, ""actor_optimizer_updates_1"": 19, ""actor_optimizer_steps_total"": 38, ""alpha_optimizer_updates"": 19}",1.2855405807495117,0.7374750971794128,0.6505982279777527,1.2515442371368408,0.8800477981567383
restored,20,0.23131664097309113,0.231497123837471,"[0.6205164194107056, 0.3425792157649994, 0.739135205745697, 0.2818974256515503, 0.08860140293836594, 0.6382035613059998, 0.6582511067390442]","[0.113106369972229, 0.17797385156154633, 0.10290389508008957, 0.13317418098449707, 0.12123310565948486, 0.1866818368434906, 0.7466310858726501]",0.049787066876888275,-3.0,-3.0,0.1473214328289032,0.2509886920452118,0.2509658634662628,"[-0.4023422300815582, 0.4564216136932373, 0.8449277877807617, -0.7161575555801392, -0.3129095435142517, -0.2753228545188904, 0.6629167795181274]","[0.1538356989622116, 0.18811045587062836, 0.07190126925706863, 0.10895365476608276, 0.09674400836229324, 0.18641012907028198, 0.7482242584228516]",0.049787066876888275,-3.0,-3.0,0.1618303656578064,0.2160617709159851,0.2176605761051178,0.2534205913543701,0.2531485855579376,"{""critic_optimizer_updates"": 2020, ""actor_optimizer_updates_0"": 20, ""actor_optimizer_updates_1"": 20, ""actor_optimizer_steps_total"": 40, ""alpha_optimizer_updates"": 20}",1.3235267400741577,0.7372916340827942,0.642841100692749,1.254880666732788,0.8786282539367676
restored,21,0.23169057071208954,0.23187406361103058,"[0.622735857963562, 0.335751473903656, 0.7403734922409058, 0.2717779278755188, 0.08179651200771332, 0.6437696218490601, 0.6569854021072388]","[0.11356918513774872, 0.17807120084762573, 0.10354699939489365, 0.13269364833831787, 0.12015930563211441, 0.181839257478714, 0.7461554408073425]",0.049787066876888275,-3.0,-3.0,0.1473214328289032,0.2523040771484375,0.2522713541984558,"[-0.39648449420928955, 0.45625579357147217, 0.848975658416748, -0.7266097664833069, -0.3130778968334198, -0.2573133707046509, 0.6626549959182739]","[0.15500648319721222, 0.18901847302913666, 0.07093042880296707, 0.10718299448490143, 0.09732384979724884, 0.18752539157867432, 0.748124897480011]",0.049787066876888275,-3.0,-3.0,0.1635044664144516,0.21645963191986084,0.21809077262878418,0.25492510199546814,0.25464940071105957,"{""critic_optimizer_updates"": 2021, ""actor_optimizer_updates_0"": 21, ""actor_optimizer_updates_1"": 21, ""actor_optimizer_steps_total"": 42, ""alpha_optimizer_updates"": 21}",1.3304938077926636,0.7490152716636658,0.6425445079803467,1.2715495824813843,0.8785154819488525
restored,22,0.23140521347522736,0.23158998787403107,"[0.6239014863967896, 0.3280838429927826, 0.7407687306404114, 0.2609640955924988, 0.0756281316280365, 0.6481610536575317, 0.6555442810058594]","[0.11410003900527954, 0.17805035412311554, 0.10427907109260559, 0.13191545009613037, 0.11835154891014099, 0.17769472301006317, 0.7456251978874207]",0.049787066876888275,-3.0,-3.0,0.1473214328289032,0.25306224822998047,0.2530199885368347,"[-0.38923606276512146, 0.4547707140445709, 0.852373480796814, -0.7360664010047913, -0.3136674463748932, -0.2384556531906128, 0.6623497009277344]","[0.15618881583213806, 0.18996797502040863, 0.07009807229042053, 0.10547962039709091, 0.09763757139444351, 0.1889481097459793, 0.7480010390281677]",0.049787066876888275,-3.0,-3.0,0.1640625,0.2162010371685028,0.21785518527030945,0.2558848261833191,0.2556056082248688,"{""critic_optimizer_updates"": 2022, ""actor_optimizer_updates_0"": 22, ""actor_optimizer_updates_1"": 22, ""actor_optimizer_steps_total"": 44, ""alpha_optimizer_updates"": 22}",1.3184502124786377,0.7646363377571106,0.6414436101913452,1.2959344387054443,0.8782187104225159
restored,23,0.2304939329624176,0.23067815601825714,"[0.6241111755371094, 0.31957048177719116, 0.7404453754425049, 0.24919477105140686, 0.06996624171733856, 0.651447594165802, 0.6539182662963867]","[0.114658884704113, 0.1778954267501831, 0.10507236421108246, 0.13087718188762665, 0.11586693674325943, 0.1742570996284485, 0.7450401186943054]",0.049787066876888275,-3.0,-3.0,0.145647332072258,0.25344952940940857,0.2533979117870331,"[-0.3807221055030823, 0.45227140188217163, 0.8552559018135071, -0.74466472864151, -0.3147233724594116, -0.21996533870697021, 0.6619848012924194]","[0.15735562145709991, 0.19090020656585693, 0.06936975568532944, 0.10386206209659576, 0.09764035791158676, 0.19056643545627594, 0.7478524446487427]",0.049787066876888275,-3.0,-3.0,0.165178582072258,0.2153218686580658,0.21699108183383942,0.2564786970615387,0.2561972737312317,"{""critic_optimizer_updates"": 2023, ""actor_optimizer_updates_0"": 23, ""actor_optimizer_updates_1"": 23, ""actor_optimizer_steps_total"": 46, ""alpha_optimizer_updates"": 23}",1.2996652126312256,0.7801533937454224,0.6415870189666748,1.3182419538497925,0.8788975477218628
restored,24,0.2291552722454071,0.2293381690979004,"[0.6235257983207703, 0.3102864921092987, 0.7395049929618835, 0.2366573065519333, 0.06431669741868973, 0.6541223526000977, 0.6520769596099854]","[0.11524134874343872, 0.17756791412830353, 0.10592629015445709, 0.12955614924430847, 0.11305616796016693, 0.17108771204948425, 0.7443943619728088]",0.049787066876888275,-3.0,-3.0,0.140625,0.2534351050853729,0.25337445735931396,"[-0.37098145484924316, 0.4486239552497864, 0.8576963543891907, -0.7525292634963989, -0.31621503829956055, -0.2004958987236023, 0.6615472435951233]","[0.1584625095129013, 0.19184716045856476, 0.06873413175344467, 0.10231424123048782, 0.09747208654880524, 0.19245342910289764, 0.7476755380630493]",0.049787066876888275,-3.0,-3.0,0.1646205484867096,0.21402601897716522,0.21570827066898346,0.25668570399284363,0.25640344619750977,"{""critic_optimizer_updates"": 2024, ""actor_optimizer_updates_0"": 24, ""actor_optimizer_updates_1"": 24, ""actor_optimizer_steps_total"": 48, ""alpha_optimizer_updates"": 24}",1.2831745147705078,0.8035233020782471,0.6345775723457336,1.3527812957763672,0.8832845091819763
restored,25,0.2274225354194641,0.22760285437107086,"[0.6221820116043091, 0.3005298376083374, 0.7379764318466187, 0.22362838685512543, 0.05908910930156708, 0.6560392379760742, 0.6500131487846375]","[0.11582185328006744, 0.17707151174545288, 0.1068471148610115, 0.12806956470012665, 0.1099032461643219, 0.16847148537635803, 0.7436877489089966]",0.049787066876888275,-3.0,-3.0,0.1411830484867096,0.25318703055381775,0.25311779975891113,"[-0.3600471615791321, 0.44400689005851746, 0.859739363193512, -0.7597106695175171, -0.31852802634239197, -0.181583970785141, 0.6610126495361328]","[0.1595735102891922, 0.19282247126102448, 0.06818602979183197, 0.10083336383104324, 0.09693442285060883, 0.1944855898618698, 0.7474603056907654]",0.049787066876888275,-3.0,-3.0,0.1635044664144516,0.2123466581106186,0.21404096484184265,0.2566639184951782,0.2563830018043518,"{""critic_optimizer_updates"": 2025, ""actor_optimizer_updates_0"": 25, ""actor_optimizer_updates_1"": 25, ""actor_optimizer_steps_total"": 50, ""alpha_optimizer_updates"": 25}",1.2783260345458984,0.8258103728294373,0.6319655776023865,1.3809525966644287,0.8879562616348267
restored,26,0.2253730595111847,0.2255498468875885,"[0.6201156973838806, 0.29004281759262085, 0.7358865737915039, 0.2103913575410843, 0.054868023842573166, 0.6574303507804871, 0.647716760635376]","[0.11644040793180466, 0.1764741688966751, 0.10782286524772644, 0.12636706233024597, 0.10640143603086472, 0.16620305180549622, 0.742917537689209]",0.049787066876888275,-3.0,-3.0,0.1389508992433548,0.2526886761188507,0.2526109218597412,"[-0.3479394316673279, 0.4384807348251343, 0.8614206314086914, -0.7662848234176636, -0.3209051787853241, -0.1633089929819107, 0.6603713631629944]","[0.16066457331180573, 0.19381868839263916, 0.06772672384977341, 0.09941783547401428, 0.09640061110258102, 0.19662801921367645, 0.7472013235092163]",0.049787066876888275,-3.0,-3.0,0.1635044664144516,0.21036383509635925,0.21206516027450562,0.25640201568603516,0.25612351298332214,"{""critic_optimizer_updates"": 2026, ""actor_optimizer_updates_0"": 26, ""actor_optimizer_updates_1"": 26, ""actor_optimizer_steps_total"": 52, ""alpha_optimizer_updates"": 26}",1.2746280431747437,0.845126748085022,0.6322181224822998,1.4097166061401367,0.8916940689086914
restored,27,0.22314026951789856,0.22331291437149048,"[0.6175768971443176, 0.2793072462081909, 0.7334091663360596, 0.1968638151884079, 0.051206402480602264, 0.6584025621414185, 0.645256519317627]","[0.11707155406475067, 0.17580163478851318, 0.10881557315587997, 0.12446930259466171, 0.1026511937379837, 0.16421757638454437, 0.7420980930328369]",0.049787066876888275,-3.0,-3.0,0.13671875,0.25222811102867126,0.2521434426307678,"[-0.3350450396537781, 0.43231090903282166, 0.8628658652305603, -0.772363543510437, -0.32532304525375366, -0.14580966532230377, 0.6596215963363647]","[0.16170094907283783, 0.1947966367006302, 0.06731341034173965, 0.0980459451675415, 0.0956718847155571, 0.19870278239250183, 0.7468944787979126]",0.049787066876888275,-3.0,-3.0,0.1635044664144516,0.20820026099681854,0.20990405976772308,0.25616884231567383,0.2558947205543518,"{""critic_optimizer_updates"": 2027, ""actor_optimizer_updates_0"": 27, ""actor_optimizer_updates_1"": 27, ""actor_optimizer_steps_total"": 54, ""alpha_optimizer_updates"": 27}",1.311192512512207,0.8576667308807373,0.6308095455169678,1.4257328510284424,0.894684910774231
restored,28,0.22069543600082397,0.22086307406425476,"[0.614529550075531, 0.26814043521881104, 0.7305498123168945, 0.18292692303657532, 0.048174355179071426, 0.6588935256004333, 0.6426709890365601]","[0.11764732748270035, 0.17502982914447784, 0.10982884466648102, 0.1224924847483635, 0.09901083260774612, 0.16256961226463318, 0.741241991519928]",0.049787066876888275,-3.0,-3.0,0.1311383992433548,0.251640260219574,0.2515486776828766,"[-0.3211592435836792, 0.42535147070884705, 0.8640618920326233, -0.7779439091682434, -0.33025243878364563, -0.1299639195203781, 0.6587371826171875]","[0.16264593601226807, 0.19578295946121216, 0.06694500893354416, 0.09673739969730377, 0.0948084145784378, 0.20061421394348145, 0.746531069278717]",0.049787066876888275,-3.0,-3.0,0.165178582072258,0.20582428574562073,0.2075270712375641,0.25579243898391724,0.2555232644081116,"{""critic_optimizer_updates"": 2028, ""actor_optimizer_updates_0"": 28, ""actor_optimizer_updates_1"": 28, ""actor_optimizer_steps_total"": 56, ""alpha_optimizer_updates"": 28}",1.3675289154052734,0.8628029823303223,0.6305040717124939,1.4316647052764893,0.895841121673584
restored,29,0.21818986535072327,0.21835224330425262,"[0.6111830472946167, 0.2567160427570343, 0.7273765206336975, 0.1691090166568756, 0.047228798270225525, 0.6590975522994995, 0.6400008201599121]","[0.11820685863494873, 0.17408667504787445, 0.11085603386163712, 0.12048950046300888, 0.09501347690820694, 0.16109275817871094, 0.7403604388237]",0.049787066876888275,-3.0,-3.0,0.1266741156578064,0.2510349452495575,0.25093746185302734,"[-0.3064784109592438, 0.4176371693611145, 0.8650801777839661, -0.7830810546875, -0.33626171946525574, -0.11548049747943878, 0.6576970219612122]","[0.1635505110025406, 0.19679051637649536, 0.06661272794008255, 0.09549698978662491, 0.09410567581653595, 0.20234724879264832, 0.7461035251617432]",0.049787066876888275,-3.0,-3.0,0.165178582072258,0.20338664948940277,0.20508457720279694,0.25537997484207153,0.25511664152145386,"{""critic_optimizer_updates"": 2029, ""actor_optimizer_updates_0"": 29, ""actor_optimizer_updates_1"": 29, ""actor_optimizer_steps_total"": 58, ""alpha_optimizer_updates"": 29}",1.445775032043457,0.8605239391326904,0.6279428005218506,1.4282324314117432,0.8963172435760498
restored,30,0.2155711054801941,0.21572726964950562,"[0.6075286865234375, 0.24502882361412048, 0.7239618301391602, 0.15525676310062408, 0.04680246114730835, 0.6588320732116699, 0.6372686624526978]","[0.1187095195055008, 0.17305339872837067, 0.11187690496444702, 0.11862266808748245, 0.0910843014717102, 0.15997660160064697, 0.7394475340843201]",0.049787066876888275,-3.0,-3.0,0.125,0.250152051448822,0.2500472664833069,"[-0.2908501625061035, 0.4090906083583832, 0.8659321665763855, -0.7878715395927429, -0.3410678505897522, -0.10076847672462463, 0.6564554572105408]","[0.16437941789627075, 0.19784006476402283, 0.06630706042051315, 0.09430146962404251, 0.09343412518501282, 0.20402449369430542, 0.7455968856811523]",0.049787066876888275,-3.0,-3.0,0.165178582072258,0.20084746181964874,0.202538400888443,0.2547004222869873,0.2544420063495636,"{""critic_optimizer_updates"": 2030, ""actor_optimizer_updates_0"": 30, ""actor_optimizer_updates_1"": 30, ""actor_optimizer_steps_total"": 60, ""alpha_optimizer_updates"": 30}",1.5299043655395508,0.850123405456543,0.6300071477890015,1.4104869365692139,0.8955795764923096
restored,31,0.21297875046730042,0.21312901377677917,"[0.6036930084228516, 0.23332953453063965, 0.7203066349029541, 0.1414133906364441, 0.04676445201039314, 0.6584649085998535, 0.6345161199569702]","[0.11917884647846222, 0.1719164103269577, 0.11287153512239456, 0.1168295294046402, 0.08747268468141556, 0.1588837206363678, 0.7385154366493225]",0.049787066876888275,-3.0,-3.0,0.1222098246216774,0.2493126094341278,0.24920111894607544,"[-0.2747873067855835, 0.400116503238678, 0.8666576147079468, -0.792332649230957, -0.3464812636375427, -0.08789640665054321, 0.6550083160400391]","[0.16514965891838074, 0.1988624930381775, 0.06601913273334503, 0.09315507858991623, 0.09282419830560684, 0.20543774962425232, 0.7450094223022461]",0.049787066876888275,-3.0,-3.0,0.1635044664144516,0.19834144413471222,0.20002320408821106,0.2540484368801117,0.2537952661514282,"{""critic_optimizer_updates"": 2031, ""actor_optimizer_updates_0"": 31, ""actor_optimizer_updates_1"": 31, ""actor_optimizer_steps_total"": 62, ""alpha_optimizer_updates"": 31}",1.6019905805587769,0.843395471572876,0.6290665864944458,1.403479814529419,0.8947861194610596
restored,32,0.2103254497051239,0.21046976745128632,"[0.5994892120361328, 0.2217734158039093, 0.7163315415382385, 0.1277221441268921, 0.04814229533076286, 0.6577578783035278, 0.6316306591033936]","[0.11963073164224625, 0.1706436723470688, 0.11386934667825699, 0.11497626453638077, 0.08354975283145905, 0.15798421204090118, 0.7375417351722717]",0.049787066876888275,-3.0,-3.0,0.1199776828289032,0.2483331561088562,0.2482142597436905,"[-0.2582916021347046, 0.3905543088912964, 0.8672044277191162, -0.7965000867843628, -0.3508487939834595, -0.07597143203020096, 0.65333491563797]","[0.16585981845855713, 0.1998584270477295, 0.06576459854841232, 0.09204602241516113, 0.09229753166437149, 0.20675748586654663, 0.7443348169326782]",0.049787066876888275,-3.0,-3.0,0.16015625,0.19577160477638245,0.19744352996349335,0.2532457709312439,0.25299662351608276,"{""critic_optimizer_updates"": 2032, ""actor_optimizer_updates_0"": 32, ""actor_optimizer_updates_1"": 32, ""actor_optimizer_steps_total"": 64, ""alpha_optimizer_updates"": 32}",1.659968614578247,0.8272402286529541,0.6325575113296509,1.3928592205047607,0.8874154090881348
restored,33,0.2076183259487152,0.20775623619556427,"[0.5950275659561157, 0.2107146829366684, 0.7120840549468994, 0.11435043811798096, 0.04950738698244095, 0.656635046005249, 0.6289690732955933]","[0.12004154920578003, 0.16923920810222626, 0.11488576978445053, 0.11316978186368942, 0.0799243226647377, 0.15739670395851135, 0.7366095781326294]",0.049787066876888275,-3.0,-3.0,0.1160714328289032,0.24735796451568604,0.2472313940525055,"[-0.24154627323150635, 0.38087812066078186, 0.8676137328147888, -0.8004279136657715, -0.3551322817802429, -0.06530599296092987, 0.6514744758605957]","[0.16643477976322174, 0.2007589042186737, 0.06554210931062698, 0.09096004068851471, 0.09189082682132721, 0.20772051811218262, 0.7435871958732605]",0.049787066876888275,-3.0,-3.0,0.15625,0.1931539922952652,0.1948101967573166,0.2524176836013794,0.25217074155807495,"{""critic_optimizer_updates"": 2033, ""actor_optimizer_updates_0"": 33, ""actor_optimizer_updates_1"": 33, ""actor_optimizer_steps_total"": 66, ""alpha_optimizer_updates"": 33}",1.6682525873184204,0.8077466487884521,0.6444002985954285,1.3770415782928467,0.8783239126205444
restored,34,0.20486433804035187,0.20499686896800995,"[0.5902815461158752, 0.20084205269813538, 0.7073562145233154, 0.10184706002473831, 0.050533100962638855, 0.6550717353820801, 0.626665472984314]","[0.12049847841262817, 0.16774499416351318, 0.11593376845121384, 0.11133546382188797, 0.07657512277364731, 0.15701377391815186, 0.7357423305511475]",0.049787066876888275,-3.0,-3.0,0.113839291036129,0.246282696723938,0.24614763259887695,"[-0.2249424010515213, 0.37097787857055664, 0.8678371906280518, -0.8041105270385742, -0.3585236072540283, -0.05715470761060715, 0.6494300365447998]","[0.16691124439239502, 0.2015925496816635, 0.06537458300590515, 0.08991753309965134, 0.09142420440912247, 0.20819063484668732, 0.7427719235420227]",0.049787066876888275,-3.0,-3.0,0.15234375,0.1905120462179184,0.1921500563621521,0.2514626085758209,0.25121715664863586,"{""critic_optimizer_updates"": 2034, ""actor_optimizer_updates_0"": 34, ""actor_optimizer_updates_1"": 34, ""actor_optimizer_steps_total"": 68, ""alpha_optimizer_updates"": 34}",1.6550620794296265,0.7971788644790649,0.6515911817550659,1.369992971420288,0.8766941428184509
restored,35,0.20205990970134735,0.20218776166439056,"[0.585263729095459, 0.19156020879745483, 0.7021837830543518, 0.09046508371829987, 0.05134987458586693, 0.6531459093093872, 0.6245757341384888]","[0.12099951505661011, 0.16612344980239868, 0.1170107051730156, 0.10948225110769272, 0.0734768882393837, 0.15675368905067444, 0.7349148988723755]",0.049787066876888275,-3.0,-3.0,0.1127232164144516,0.24493899941444397,0.24479402601718903,"[-0.20831117033958435, 0.3606271743774414, 0.8678475618362427, -0.8075131177902222, -0.35972803831100464, -0.053229816257953644, 0.6472105979919434]","[0.16725856065750122, 0.2023550570011139, 0.06527577340602875, 0.08893731236457825, 0.09107015281915665, 0.20816604793071747, 0.7418966889381409]",0.049787066876888275,-3.0,-3.0,0.1478794664144516,0.18784557282924652,0.1894654631614685,0.25021782517433167,0.24997259676456451,"{""critic_optimizer_updates"": 2035, ""actor_optimizer_updates_0"": 35, ""actor_optimizer_updates_1"": 35, ""actor_optimizer_steps_total"": 70, ""alpha_optimizer_updates"": 35}",1.6144335269927979,0.7874900102615356,0.6625485420227051,1.3654017448425293,0.8746218681335449
restored,36,0.19914144277572632,0.1992654651403427,"[0.579806923866272, 0.18387815356254578, 0.6965087652206421, 0.08156891912221909, 0.05153252184391022, 0.6504837870597839, 0.6225300431251526]","[0.12152532488107681, 0.1644829511642456, 0.11812476813793182, 0.10787762701511383, 0.07050164043903351, 0.15690924227237701, 0.7340896129608154]",0.049787066876888275,-3.0,-3.0,0.1104910746216774,0.2433941811323166,0.2432376891374588,"[-0.19182652235031128, 0.3502422571182251, 0.8676712512969971, -0.8107047080993652, -0.3589543104171753, -0.052018310874700546, 0.6446921229362488]","[0.1674928069114685, 0.20300669968128204, 0.0652257427573204, 0.08799286186695099, 0.09078578650951385, 0.20777198672294617, 0.7409206628799438]",0.049787066876888275,-3.0,-3.0,0.14453125,0.18508370220661163,0.18668772280216217,0.24875417351722717,0.24850836396217346,"{""critic_optimizer_updates"": 2036, ""actor_optimizer_updates_0"": 36, ""actor_optimizer_updates_1"": 36, ""actor_optimizer_steps_total"": 72, ""alpha_optimizer_updates"": 36}",1.5837161540985107,0.7779839038848877,0.667543888092041,1.3553251028060913,0.8749843835830688
restored,37,0.19620563089847565,0.19632668793201447,"[0.5741143226623535, 0.17667990922927856, 0.6902881860733032, 0.07470974326133728, 0.05334661900997162, 0.6476246118545532, 0.6205116510391235]","[0.12208327651023865, 0.1628444790840149, 0.1192823201417923, 0.10636060684919357, 0.06768916547298431, 0.15711967647075653, 0.733260989189148]",0.049787066876888275,-3.0,-3.0,0.1077008992433548,0.24168027937412262,0.2415105104446411,"[-0.17637145519256592, 0.34008461236953735, 0.8672689199447632, -0.8136349320411682, -0.35634511709213257, -0.056190621107816696, 0.6419311761856079]","[0.16760268807411194, 0.20359067618846893, 0.06522568315267563, 0.08709733933210373, 0.09040308743715286, 0.20651838183403015, 0.739868700504303]",0.049787066876888275,-3.0,-3.0,0.1411830484867096,0.1823202669620514,0.18390853703022003,0.2470753937959671,0.24682839214801788,"{""critic_optimizer_updates"": 2037, ""actor_optimizer_updates_0"": 37, ""actor_optimizer_updates_1"": 37, ""actor_optimizer_steps_total"": 74, ""alpha_optimizer_updates"": 37}",1.5550282001495361,0.765021562576294,0.6718910336494446,1.3378239870071411,0.8760287761688232
restored,38,0.1932082623243332,0.19332699477672577,"[0.5683267116546631, 0.17025800049304962, 0.6836719512939453, 0.06852209568023682, 0.05489827319979668, 0.6444604992866516, 0.6188591718673706]","[0.12258364260196686, 0.1612180918455124, 0.12044879049062729, 0.10491817444562912, 0.06582529842853546, 0.15752525627613068, 0.7325192093849182]",0.049787066876888275,-3.0,-3.0,0.1054687574505806,0.24009396135807037,0.2399112582206726,"[-0.1632511466741562, 0.3302783966064453, 0.8667462468147278, -0.8163856267929077, -0.3531729280948639, -0.06209813430905342, 0.6390179395675659]","[0.16769744455814362, 0.20408307015895844, 0.065254807472229, 0.08624579757452011, 0.09003842622041702, 0.20500005781650543, 0.7387767434120178]",0.049787066876888275,-3.0,-3.0,0.1400669664144516,0.1795087605714798,0.1810786873102188,0.24549421668052673,0.24524590373039246,"{""critic_optimizer_updates"": 2038, ""actor_optimizer_updates_0"": 38, ""actor_optimizer_updates_1"": 38, ""actor_optimizer_steps_total"": 76, ""alpha_optimizer_updates"": 38}",1.5320627689361572,0.751078724861145,0.6744993925094604,1.3182322978973389,0.8772385120391846
restored,39,0.1901581734418869,0.19027645885944366,"[0.5622929930686951, 0.16552993655204773, 0.6766445636749268, 0.06383100897073746, 0.055863574147224426, 0.6408919095993042, 0.6174986362457275]","[0.12310726940631866, 0.15956199169158936, 0.12161777168512344, 0.10360859334468842, 0.06422936916351318, 0.1580650955438614, 0.7318519353866577]",0.049787066876888275,-3.0,-3.0,0.1054687574505806,0.23846042156219482,0.23826465010643005,"[-0.1509125530719757, 0.32034870982170105, 0.8660805225372314, -0.8189808130264282, -0.34889745712280273, -0.06746421754360199, 0.6359556317329407]","[0.16775432229042053, 0.20448453724384308, 0.06532375514507294, 0.08541687577962875, 0.08994189649820328, 0.20353282988071442, 0.7376488447189331]",0.049787066876888275,-3.0,-3.0,0.1356026828289032,0.17666791379451752,0.17822135984897614,0.24385826289653778,0.24360817670822144,"{""critic_optimizer_updates"": 2039, ""actor_optimizer_updates_0"": 39, ""actor_optimizer_updates_1"": 39, ""actor_optimizer_steps_total"": 78, ""alpha_optimizer_updates"": 39}",1.5042506456375122,0.7418277859687805,0.6726561784744263,1.3003499507904053,0.8802724480628967
restored,40,0.18707047402858734,0.18719030916690826,"[0.5561898946762085, 0.16281917691230774, 0.6692189574241638, 0.06025480479001999, 0.054865747690200806, 0.6369280815124512, 0.6163933277130127]","[0.12362150102853775, 0.15805290639400482, 0.12275879085063934, 0.10258622467517853, 0.06286504864692688, 0.15874125063419342, 0.7312501072883606]",0.049787066876888275,-3.0,-3.0,0.1037946492433548,0.2368002086877823,0.2365911602973938,"[-0.13890033960342407, 0.3104076087474823, 0.8652538061141968, -0.8213794231414795, -0.34406837821006775, -0.07179940491914749, 0.6327860355377197]","[0.1677495837211609, 0.20481303334236145, 0.06545134633779526, 0.08463174849748611, 0.09008841961622238, 0.20219922065734863, 0.736501157283783]",0.049787066876888275,-3.0,-3.0,0.1350446492433548,0.17379707098007202,0.1753343939781189,0.24218720197677612,0.24193470180034637,"{""critic_optimizer_updates"": 2040, ""actor_optimizer_updates_0"": 40, ""actor_optimizer_updates_1"": 40, ""actor_optimizer_steps_total"": 80, ""alpha_optimizer_updates"": 40}",1.4938676357269287,0.732101559638977,0.668914794921875,1.2790322303771973,0.8850123286247253
restored,41,0.18396618962287903,0.18408776819705963,"[0.5500705242156982, 0.1605040729045868, 0.6615777015686035, 0.05749965459108353, 0.05322321876883507, 0.6328423023223877, 0.6153915524482727]","[0.1240837424993515, 0.15652278065681458, 0.12388698011636734, 0.10168978571891785, 0.0621962808072567, 0.15958106517791748, 0.730678141117096]",0.049787066876888275,-3.0,-3.0,0.1032366082072258,0.235418438911438,0.2351967692375183,"[-0.12750083208084106, 0.3018609881401062, 0.864379346370697, -0.8236437439918518, -0.3399205803871155, -0.07716530561447144, 0.6294025182723999]","[0.16764937341213226, 0.2050704061985016, 0.06558406352996826, 0.08386833220720291, 0.09029101580381393, 0.2008225917816162, 0.735300600528717]",0.049787066876888275,-3.0,-3.0,0.1328125,0.17091400921344757,0.17243875563144684,0.24077321588993073,0.24051858484745026,"{""critic_optimizer_updates"": 2041, ""actor_optimizer_updates_0"": 41, ""actor_optimizer_updates_1"": 41, ""actor_optimizer_steps_total"": 82, ""alpha_optimizer_updates"": 41}",1.4704861640930176,0.727751612663269,0.6664683222770691,1.267124891281128,0.8895837068557739
restored,42,0.18091420829296112,0.18103761970996857,"[0.5440399646759033, 0.15811152756214142, 0.6538370847702026, 0.05477520450949669, 0.050883740186691284, 0.6289323568344116, 0.6145073175430298]","[0.1244783103466034, 0.15499134361743927, 0.12495642900466919, 0.10101068019866943, 0.061772823333740234, 0.16037459671497345, 0.7301428318023682]",0.049787066876888275,-3.0,-3.0,0.1004464328289032,0.23421895503997803,0.23398569226264954,"[-0.11667869985103607, 0.29344069957733154, 0.8635220527648926, -0.825799822807312, -0.3367089033126831, -0.08184975385665894, 0.6260265707969666]","[0.16750873625278473, 0.20525234937667847, 0.0657016932964325, 0.08313272893428802, 0.09054094552993774, 0.1996086984872818, 0.7341225147247314]",0.049787066876888275,-3.0,-3.0,0.1311383992433548,0.16808520257472992,0.169596329331398,0.23953820765018463,0.23928166925907135,"{""critic_optimizer_updates"": 2042, ""actor_optimizer_updates_0"": 42, ""actor_optimizer_updates_1"": 42, ""actor_optimizer_steps_total"": 84, ""alpha_optimizer_updates"": 42}",1.4668655395507812,0.7223793268203735,0.6632789373397827,1.2569749355316162,0.8938093781471252
restored,43,0.17787271738052368,0.17799827456474304,"[0.5380311012268066, 0.15602397918701172, 0.645950436592102, 0.05233416706323624, 0.04784487932920456, 0.6249985694885254, 0.613853394985199]","[0.12484347820281982, 0.15347890555858612, 0.1259848028421402, 0.10040022432804108, 0.06165909394621849, 0.16121605038642883, 0.7296813130378723]",0.049787066876888275,-3.0,-3.0,0.0993303582072258,0.23308220505714417,0.23283860087394714,"[-0.10757886618375778, 0.2848450541496277, 0.862589955329895, -0.827782928943634, -0.3333887457847595, -0.08628201484680176, 0.6228115558624268]","[0.16741997003555298, 0.205415740609169, 0.06584127247333527, 0.08244750648736954, 0.09089673310518265, 0.19863121211528778, 0.7330111265182495]",0.049787066876888275,-3.0,-3.0,0.130022332072258,0.16527564823627472,0.16677220165729523,0.23836101591587067,0.23810258507728577,"{""critic_optimizer_updates"": 2043, ""actor_optimizer_updates_0"": 43, ""actor_optimizer_updates_1"": 43, ""actor_optimizer_steps_total"": 86, ""alpha_optimizer_updates"": 43}",1.489378571510315,0.7113432884216309,0.6601873636245728,1.2367147207260132,0.8956427574157715
restored,44,0.17486949265003204,0.17499849200248718,"[0.5320437550544739, 0.15509183704853058, 0.6378532648086548, 0.050559744238853455, 0.044314250349998474, 0.6209334135055542, 0.6132473945617676]","[0.12519893050193787, 0.15205498039722443, 0.12698568403720856, 0.09986482560634613, 0.06162581592798233, 0.16208048164844513, 0.7292399406433105]",0.049787066876888275,-3.0,-3.0,0.0993303582072258,0.23203593492507935,0.2317831963300705,"[-0.09894606471061707, 0.2763392925262451, 0.8615747690200806, -0.8296042084693909, -0.3307746648788452, -0.08954006433486938, 0.6197032928466797]","[0.1672533005475998, 0.20551247894763947, 0.06600800156593323, 0.08180529624223709, 0.09129548817873001, 0.19792857766151428, 0.7319490909576416]",0.049787066876888275,-3.0,-3.0,0.1277901828289032,0.16249792277812958,0.16398201882839203,0.23727041482925415,0.23701079189777374,"{""critic_optimizer_updates"": 2044, ""actor_optimizer_updates_0"": 44, ""actor_optimizer_updates_1"": 44, ""actor_optimizer_steps_total"": 88, ""alpha_optimizer_updates"": 44}",1.5381261110305786,0.694410502910614,0.6645861864089966,1.2141705751419067,0.8933864831924438
restored,45,0.17180338501930237,0.17193730175495148,"[0.5258947610855103, 0.15537789463996887, 0.629368007183075, 0.05038533732295036, 0.04234755411744118, 0.6164876818656921, 0.612816333770752]","[0.12551330029964447, 0.15066878497600555, 0.12794005870819092, 0.09937295317649841, 0.06138401851058006, 0.1630852222442627, 0.7288514375686646]",0.049787066876888275,-3.0,-3.0,0.0976562574505806,0.23086325824260712,0.23060211539268494,"[-0.09224208444356918, 0.26739591360092163, 0.8603367805480957, -0.8311901688575745, -0.3271152973175049, -0.09225205332040787, 0.6169611215591431]","[0.16721925139427185, 0.20556119084358215, 0.06624389439821243, 0.08123299479484558, 0.09154938161373138, 0.19745175540447235, 0.7310103178024292]",0.049787066876888275,-3.0,-3.0,0.1244419664144516,0.15966518223285675,0.1611369103193283,0.2360556274652481,0.23579424619674683,"{""critic_optimizer_updates"": 2045, ""actor_optimizer_updates_0"": 45, ""actor_optimizer_updates_1"": 45, ""actor_optimizer_steps_total"": 90, ""alpha_optimizer_updates"": 45}",1.5874555110931396,0.6797000169754028,0.6737842559814453,1.2001752853393555,0.8880221843719482
restored,46,0.16876207292079926,0.1689012199640274,"[0.5199137926101685, 0.15585049986839294, 0.6206851005554199, 0.05027560889720917, 0.040307991206645966, 0.6120156049728394, 0.6124048829078674]","[0.1257655918598175, 0.1493314653635025, 0.12882772088050842, 0.0988992229104042, 0.06109284237027168, 0.16414563357830048, 0.7284699082374573]",0.049787066876888275,-3.0,-3.0,0.0970982164144516,0.22962598502635956,0.2293565422296524,"[-0.08576474338769913, 0.2583959698677063, 0.8590068817138672, -0.8326165080070496, -0.3230292797088623, -0.09357082843780518, 0.6146234273910522]","[0.16709443926811218, 0.20553378760814667, 0.06650499999523163, 0.080713652074337, 0.09199349582195282, 0.19720295071601868, 0.730201244354248]",0.049787066876888275,-3.0,-3.0,0.1238839328289032,0.15685060620307922,0.15830948948860168,0.23478111624717712,0.23451735079288483,"{""critic_optimizer_updates"": 2046, ""actor_optimizer_updates_0"": 46, ""actor_optimizer_updates_1"": 46, ""actor_optimizer_steps_total"": 92, ""alpha_optimizer_updates"": 46}",1.6367356777191162,0.6619791388511658,0.6742956638336182,1.174883484840393,0.88569575548172
restored,47,0.165692538022995,0.16583678126335144,"[0.5139193534851074, 0.15626972913742065, 0.6118088960647583, 0.05056745558977127, 0.03776867315173149, 0.6074084043502808, 0.6119901537895203]","[0.12594474852085114, 0.14810314774513245, 0.12965232133865356, 0.0985388234257698, 0.06108204647898674, 0.1652735471725464, 0.7280901074409485]",0.049787066876888275,-3.0,-3.0,0.0954241082072258,0.22847217321395874,0.22819463908672333,"[-0.08269158005714417, 0.2518658936023712, 0.8574681282043457, -0.8338380455970764, -0.31704288721084595, -0.0936083197593689, 0.6126164197921753]","[0.1673317849636078, 0.2054119110107422, 0.06684187054634094, 0.08025703579187393, 0.09272943437099457, 0.1972000151872635, 0.7294961214065552]",0.049787066876888275,-3.0,-3.0,0.121651791036129,0.15401491522789001,0.15546080470085144,0.23360782861709595,0.23334062099456787,"{""critic_optimizer_updates"": 2047, ""actor_optimizer_updates_0"": 47, ""actor_optimizer_updates_1"": 47, ""actor_optimizer_steps_total"": 94, ""alpha_optimizer_updates"": 47}",1.6826047897338867,0.6471644639968872,0.6790043115615845,1.1546270847320557,0.8829010725021362
restored,48,0.16267654299736023,0.16282594203948975,"[0.5081708431243896, 0.15690186619758606, 0.6028338670730591, 0.05061637982726097, 0.03437655046582222, 0.6028435230255127, 0.6115761995315552]","[0.12603239715099335, 0.1469946801662445, 0.1304236203432083, 0.09829200804233551, 0.061330124735832214, 0.16645629703998566, 0.7277143001556396]",0.049787066876888275,-3.0,-3.0,0.0948660746216774,0.22741222381591797,0.22712716460227966,"[-0.07939205318689346, 0.24559131264686584, 0.8559491634368896, -0.8350256085395813, -0.3120310306549072, -0.09241525828838348, 0.6109639406204224]","[0.1674974262714386, 0.20526324212551117, 0.06716014444828033, 0.07980326563119888, 0.09333918243646622, 0.19739292562007904, 0.7288991212844849]",0.049787066876888275,-3.0,-3.0,0.121651791036129,0.1512133777141571,0.15264704823493958,0.23252679407596588,0.23225641250610352,"{""critic_optimizer_updates"": 2048, ""actor_optimizer_updates_0"": 48, ""actor_optimizer_updates_1"": 48, ""actor_optimizer_steps_total"": 96, ""alpha_optimizer_updates"": 48}",1.7155604362487793,0.6395077109336853,0.687107503414154,1.1457428932189941,0.8811065554618835
restored,49,0.1596774309873581,0.1598321944475174,"[0.5025089979171753, 0.15752582252025604, 0.5936425924301147, 0.050415556877851486, 0.030207322910428047, 0.5983940362930298, 0.6112892031669617]","[0.12604902684688568, 0.14599326252937317, 0.13108700513839722, 0.09809204936027527, 0.06169615313410759, 0.16757535934448242, 0.7273691892623901]",0.049787066876888275,-3.0,-3.0,0.094308041036129,0.22631236910820007,0.22601988911628723,"[-0.0761948674917221, 0.23925729095935822, 0.8543587923049927, -0.8361106514930725, -0.30707061290740967, -0.09145675599575043, 0.6098358631134033]","[0.16762655973434448, 0.20505133271217346, 0.06748851388692856, 0.0793791338801384, 0.09380847960710526, 0.1975838840007782, 0.72845858335495]",0.049787066876888275,-3.0,-3.0,0.1188616156578064,0.14840766787528992,0.14982609450817108,0.2313987910747528,0.23112495243549347,"{""critic_optimizer_updates"": 2049, ""actor_optimizer_updates_0"": 49, ""actor_optimizer_updates_1"": 49, ""actor_optimizer_steps_total"": 98, ""alpha_optimizer_updates"": 49}",1.7249391078948975,0.6359698176383972,0.6905733346939087,1.1394559144973755,0.8791968822479248
restored,50,0.15675050020217896,0.15691165626049042,"[0.4970063269138336, 0.15857332944869995, 0.5842193365097046, 0.05057509243488312, 0.02542874962091446, 0.5940241813659668, 0.6109575629234314]","[0.1260797679424286, 0.1450318992137909, 0.13167017698287964, 0.09788884222507477, 0.06245078891515732, 0.16868670284748077, 0.727006196975708]",0.049787066876888275,-3.0,-3.0,0.0931919664144516,0.22523944079875946,0.22493986785411835,"[-0.07340563833713531, 0.2332746386528015, 0.8527155518531799, -0.83711177110672, -0.3021874725818634, -0.09120405465364456, 0.6091339588165283]","[0.1676686406135559, 0.20483867824077606, 0.06783619523048401, 0.07897920906543732, 0.09425469487905502, 0.1976567953824997, 0.7281444668769836]",0.049787066876888275,-3.0,-3.0,0.117745541036129,0.14567096531391144,0.14707565307617188,0.2302923947572708,0.23001529276371002,"{""critic_optimizer_updates"": 2050, ""actor_optimizer_updates_0"": 50, ""actor_optimizer_updates_1"": 50, ""actor_optimizer_steps_total"": 100, ""alpha_optimizer_updates"": 50}",1.721375584602356,0.6356898546218872,0.6929498910903931,1.141860008239746,0.8773553967475891
restored,51,0.15389388799667358,0.154061421751976,"[0.4915691018104553, 0.15914662182331085, 0.5746780633926392, 0.05032707750797272, 0.01988309621810913, 0.5899479389190674, 0.6106526255607605]","[0.12606118619441986, 0.1441175490617752, 0.13215048611164093, 0.09771422296762466, 0.06353887915611267, 0.16964124143123627, 0.7266396284103394]",0.049787066876888275,-3.0,-3.0,0.0926339328289032,0.22414559125900269,0.22383858263492584,"[-0.07058622688055038, 0.22808678448200226, 0.8509975671768188, -0.8379897475242615, -0.29682356119155884, -0.09041525423526764, 0.6089671850204468]","[0.16769064962863922, 0.20467740297317505, 0.06819023191928864, 0.07860854268074036, 0.09485886245965958, 0.1976834237575531, 0.7279882431030273]",0.049787066876888275,-3.0,-3.0,0.117745541036129,0.14300331473350525,0.14439387619495392,0.229168102145195,0.22888676822185516,"{""critic_optimizer_updates"": 2051, ""actor_optimizer_updates_0"": 51, ""actor_optimizer_updates_1"": 51, ""actor_optimizer_steps_total"": 102, ""alpha_optimizer_updates"": 51}",1.7107138633728027,0.6369976997375488,0.6922212243080139,1.1378670930862427,0.8786295652389526
restored,52,0.15108779072761536,0.15126235783100128,"[0.4862314462661743, 0.1599884033203125, 0.5649155378341675, 0.05092377960681915, 0.013868093490600586, 0.5858815908432007, 0.610450267791748]","[0.12601114809513092, 0.143220454454422, 0.1325361132621765, 0.09754934906959534, 0.06509578973054886, 0.17055866122245789, 0.726296067237854]",0.049787066876888275,-3.0,-3.0,0.0898437574505806,0.22292959690093994,0.22261446714401245,"[-0.06928229331970215, 0.2228356897830963, 0.8492060899734497, -0.8387860059738159, -0.28971049189567566, -0.08932040631771088, 0.6089599132537842]","[0.16780667006969452, 0.20447884500026703, 0.0685456395149231, 0.07825053483247757, 0.09586314111948013, 0.1978970468044281, 0.7278815507888794]",0.049787066876888275,-3.0,-3.0,0.1155133992433548,0.14038985967636108,0.14176896214485168,0.22792384028434753,0.22763721644878387,"{""critic_optimizer_updates"": 2052, ""actor_optimizer_updates_0"": 52, ""actor_optimizer_updates_1"": 52, ""actor_optimizer_steps_total"": 104, ""alpha_optimizer_updates"": 52}",1.6794397830963135,0.6423801183700562,0.6876912713050842,1.1400700807571411,0.8798239231109619
restored,53,0.14839497208595276,0.14857721328735352,"[0.48106569051742554, 0.1606980264186859, 0.5550549626350403, 0.05105311796069145, 0.007915344089269638, 0.5821186304092407, 0.6101713180541992]","[0.12592217326164246, 0.14234012365341187, 0.13282737135887146, 0.09742521494626999, 0.06659634411334991, 0.17130471765995026, 0.725918173789978]",0.049787066876888275,-3.0,-3.0,0.0870535746216774,0.2214723825454712,0.2211465984582901,"[-0.06731408834457397, 0.21768712997436523, 0.8473414182662964, -0.8395151495933533, -0.27978646755218506, -0.08618408441543579, 0.6090209484100342]","[0.1677475869655609, 0.2042323499917984, 0.06891518831253052, 0.07790926843881607, 0.09786288440227509, 0.19834491610527039, 0.7277973890304565]",0.049787066876888275,-3.0,-3.0,0.1132812574505806,0.13788777589797974,0.13925738632678986,0.22645704448223114,0.22616244852542877,"{""critic_optimizer_updates"": 2053, ""actor_optimizer_updates_0"": 53, ""actor_optimizer_updates_1"": 53, ""actor_optimizer_steps_total"": 106, ""alpha_optimizer_updates"": 53}",1.6504532098770142,0.6495660543441772,0.6829219460487366,1.1445987224578857,0.8836382627487183
restored,54,0.14570792019367218,0.14589709043502808,"[0.47594133019447327, 0.16112473607063293, 0.5452414751052856, 0.05113714188337326, 0.001940419664606452, 0.5782915353775024, 0.6100361347198486]","[0.12575505673885345, 0.14154347777366638, 0.13298426568508148, 0.09730895608663559, 0.06845248490571976, 0.17218120396137238, 0.7255627512931824]",0.049787066876888275,-3.0,-3.0,0.0859375074505806,0.2201208770275116,0.219784677028656,"[-0.06637632846832275, 0.2134512960910797, 0.8454949855804443, -0.8401834964752197, -0.2695201635360718, -0.08268165588378906, 0.6092283129692078]","[0.16773448884487152, 0.20401857793331146, 0.06927698850631714, 0.07757720351219177, 0.10031325370073318, 0.1987941712141037, 0.7277618646621704]",0.049787066876888275,-3.0,-3.0,0.1127232164144516,0.13538141548633575,0.13673818111419678,0.2251056730747223,0.22480270266532898,"{""critic_optimizer_updates"": 2054, ""actor_optimizer_updates_0"": 54, ""actor_optimizer_updates_1"": 54, ""actor_optimizer_steps_total"": 108, ""alpha_optimizer_updates"": 54}",1.629653811454773,0.6522401571273804,0.6701492071151733,1.1376242637634277,0.8886743783950806
restored,55,0.14314523339271545,0.14334088563919067,"[0.471104234457016, 0.16108275949954987, 0.5356806516647339, 0.05055611580610275, -0.003512158989906311, 0.5747925043106079, 0.6100145578384399]","[0.1255444884300232, 0.14080528914928436, 0.1329914778470993, 0.09749779105186462, 0.07024189829826355, 0.17300355434417725, 0.725220799446106]",0.049787066876888275,-3.0,-3.0,0.0853794664144516,0.21922175586223602,0.21888065338134766,"[-0.06527523696422577, 0.2089175283908844, 0.8438812494277954, -0.8407803773880005, -0.26533210277557373, -0.0791323184967041, 0.6098565459251404]","[0.16765567660331726, 0.20381726324558258, 0.06955673545598984, 0.07726702094078064, 0.10123284161090851, 0.19915631413459778, 0.727857768535614]",0.049787066876888275,-3.0,-3.0,0.1121651828289032,0.13297921419143677,0.13432011008262634,0.22419942915439606,0.2238924652338028,"{""critic_optimizer_updates"": 2055, ""actor_optimizer_updates_0"": 55, ""actor_optimizer_updates_1"": 55, ""actor_optimizer_steps_total"": 110, ""alpha_optimizer_updates"": 55}",1.6193835735321045,0.6643226146697998,0.6502187252044678,1.1336220502853394,0.8995730876922607
restored,56,0.1407918781042099,0.1409940868616104,"[0.4666106402873993, 0.1605091094970703, 0.5264360904693604, 0.049307048320770264, -0.009676208719611168, 0.5719178915023804, 0.6102167367935181]","[0.12530280649662018, 0.1401497721672058, 0.1328417956829071, 0.09795459359884262, 0.07228458672761917, 0.17360176146030426, 0.7249148488044739]",0.049787066876888275,-3.0,-3.0,0.0842633992433548,0.2188362181186676,0.21849679946899414,"[-0.06301555782556534, 0.2039746642112732, 0.8425254225730896, -0.8413184881210327, -0.26869121193885803, -0.07482032477855682, 0.6106114387512207]","[0.16740193963050842, 0.20361924171447754, 0.06974203884601593, 0.07695800065994263, 0.10022307187318802, 0.19947682321071625, 0.7279969453811646]",0.049787066876888275,-3.0,-3.0,0.1121651828289032,0.13075977563858032,0.13208217918872833,0.22380554676055908,0.22350065410137177,"{""critic_optimizer_updates"": 2056, ""actor_optimizer_updates_0"": 56, ""actor_optimizer_updates_1"": 56, ""actor_optimizer_steps_total"": 112, ""alpha_optimizer_updates"": 56}",1.613682746887207,0.664568305015564,0.6454063653945923,1.1319401264190674,0.9023683667182922
restored,57,0.13856905698776245,0.13877758383750916,"[0.46242624521255493, 0.1595325469970703, 0.5174707174301147, 0.04708218574523926, -0.014561941847205162, 0.5694711804389954, 0.6104208827018738]","[0.12496835738420486, 0.13954807817935944, 0.13257205486297607, 0.09854539483785629, 0.07341770082712173, 0.1739918738603592, 0.7245855331420898]",0.049787066876888275,-3.0,-3.0,0.0842633992433548,0.21857941150665283,0.2182433158159256,"[-0.05975665524601936, 0.1987176239490509, 0.8413245677947998, -0.8418278098106384, -0.2739485204219818, -0.06914982199668884, 0.6114803552627563]","[0.16699528694152832, 0.2034013569355011, 0.06985634565353394, 0.07663916051387787, 0.09887592494487762, 0.1999163180589676, 0.728173553943634]",0.049787066876888275,-3.0,-3.0,0.1121651828289032,0.12866370379924774,0.12996798753738403,0.22354313731193542,0.22324086725711823,"{""critic_optimizer_updates"": 2057, ""actor_optimizer_updates_0"": 57, ""actor_optimizer_updates_1"": 57, ""actor_optimizer_steps_total"": 114, ""alpha_optimizer_updates"": 57}",1.6182066202163696,0.661031186580658,0.644924521446228,1.1272566318511963,0.9018857479095459
restored,58,0.13641797006130219,0.1366322636604309,"[0.4583534896373749, 0.15827137231826782, 0.508679986000061, 0.04416944831609726, -0.020252447575330734, 0.5671926736831665, 0.6106816530227661]","[0.12460927665233612, 0.1390136182308197, 0.13214938342571259, 0.09916865080595016, 0.07464322447776794, 0.1744033843278885, 0.7242254614830017]",0.049787066876888275,-3.0,-3.0,0.0831473246216774,0.2183995246887207,0.21806778013706207,"[-0.05557747185230255, 0.19316795468330383, 0.84019935131073, -0.842280387878418, -0.2806214690208435, -0.06289276480674744, 0.612737774848938]","[0.16634707152843475, 0.20316040515899658, 0.06993494927883148, 0.07633548974990845, 0.09729140251874924, 0.20034587383270264, 0.7284708023071289]",0.049787066876888275,-3.0,-3.0,0.1121651828289032,0.12663030624389648,0.12791353464126587,0.2233589142560959,0.2230597883462906,"{""critic_optimizer_updates"": 2058, ""actor_optimizer_updates_0"": 58, ""actor_optimizer_updates_1"": 58, ""actor_optimizer_steps_total"": 116, ""alpha_optimizer_updates"": 58}",1.615952730178833,0.6592245101928711,0.6487745642662048,1.1243960857391357,0.8985546827316284
restored,59,0.134465754032135,0.13468730449676514,"[0.4545746445655823, 0.15825378894805908, 0.5000848770141602, 0.041175127029418945, -0.02663462981581688, 0.5650633573532104, 0.6109734773635864]","[0.12421423941850662, 0.13859869539737701, 0.13164764642715454, 0.09993354231119156, 0.07616204768419266, 0.17474479973316193, 0.7238303422927856]",0.049787066876888275,-3.0,-3.0,0.082589291036129,0.21833595633506775,0.2180088311433792,"[-0.05081774294376373, 0.18766702711582184, 0.8392264246940613, -0.8426790237426758, -0.2883804142475128, -0.057935167104005814, 0.6141923666000366]","[0.16561929881572723, 0.20295196771621704, 0.06995516270399094, 0.07603894174098969, 0.0955486074090004, 0.20075930655002594, 0.7288358211517334]",0.049787066876888275,-3.0,-3.0,0.1121651828289032,0.12477895617485046,0.12604039907455444,0.2232753187417984,0.2229796051979065,"{""critic_optimizer_updates"": 2059, ""actor_optimizer_updates_0"": 59, ""actor_optimizer_updates_1"": 59, ""actor_optimizer_steps_total"": 118, ""alpha_optimizer_updates"": 59}",1.618406057357788,0.6590104699134827,0.6513119339942932,1.1214969158172607,0.8964886665344238
restored,60,0.13268107175827026,0.13291150331497192,"[0.45094650983810425, 0.15933310985565186, 0.4914618134498596, 0.03788647800683975, -0.03436492383480072, 0.5631409883499146, 0.611220121383667]","[0.12380461394786835, 0.1382264494895935, 0.13106459379196167, 0.10074327141046524, 0.07809696346521378, 0.17493467032909393, 0.7233797907829285]",0.049787066876888275,-3.0,-3.0,0.082589291036129,0.21791508793830872,0.21758843958377838,"[-0.04542232304811478, 0.18210233747959137, 0.8382073640823364, -0.8430284857749939, -0.2918485701084137, -0.05505090951919556, 0.6155097484588623]","[0.16479484736919403, 0.2026829570531845, 0.06997659802436829, 0.0757441520690918, 0.09448835998773575, 0.2008492797613144, 0.7291605472564697]",0.049787066876888275,-3.0,-3.0,0.1116071492433548,0.12307865917682648,0.12432095408439636,0.22282573580741882,0.2225302755832672,"{""critic_optimizer_updates"": 2060, ""actor_optimizer_updates_0"": 60, ""actor_optimizer_updates_1"": 60, ""actor_optimizer_steps_total"": 120, ""alpha_optimizer_updates"": 60}",1.6231378316879272,0.6546673774719238,0.6574045419692993,1.1186401844024658,0.8919297456741333
restored,61,0.13094113767147064,0.1311802864074707,"[0.4472707509994507, 0.1600673645734787, 0.48270779848098755, 0.03425535559654236, -0.04215572029352188, 0.5614440441131592, 0.6112809181213379]","[0.12339386343955994, 0.13783545792102814, 0.13043801486492157, 0.10150805115699768, 0.07968130707740784, 0.17500536143779755, 0.7228377461433411]",0.049787066876888275,-3.0,-3.0,0.08203125,0.21732428669929504,0.216994971036911,"[-0.03968028724193573, 0.17841096222400665, 0.8370466232299805, -0.8432932496070862, -0.2924472987651825, -0.05171353369951248, 0.6167367696762085]","[0.16386964917182922, 0.20232559740543365, 0.07005192339420319, 0.07546825706958771, 0.09348124265670776, 0.20088012516498566, 0.7294553518295288]",0.049787066876888275,-3.0,-3.0,0.1104910746216774,0.12142503261566162,0.12265056371688843,0.222215935587883,0.2219173014163971,"{""critic_optimizer_updates"": 2061, ""actor_optimizer_updates_0"": 61, ""actor_optimizer_updates_1"": 61, ""actor_optimizer_steps_total"": 122, ""alpha_optimizer_updates"": 61}",1.6418193578720093,0.6385130286216736,0.6749877333641052,1.1049481630325317,0.8825916051864624
restored,62,0.12937591969966888,0.12962448596954346,"[0.44376760721206665, 0.16074234247207642, 0.47405725717544556, 0.030083443969488144, -0.050181202590465546, 0.5602144002914429, 0.6114121675491333]","[0.12301646918058395, 0.1374569982290268, 0.12971645593643188, 0.10223647952079773, 0.08140268921852112, 0.1748693883419037, 0.7222312092781067]",0.049787066876888275,-3.0,-3.0,0.0814732164144516,0.21692639589309692,0.2165963351726532,"[-0.03365933150053024, 0.17476022243499756, 0.8360131978988647, -0.8435347080230713, -0.2948285937309265, -0.04814687371253967, 0.6179958581924438]","[0.1628771722316742, 0.20186321437358856, 0.07009532302618027, 0.07520702481269836, 0.09259065240621567, 0.20088057219982147, 0.7297542691230774]",0.049787066876888275,-3.0,-3.0,0.109933041036129,0.11993315070867538,0.1211419478058815,0.2217942178249359,0.22149448096752167,"{""critic_optimizer_updates"": 2062, ""actor_optimizer_updates_0"": 62, ""actor_optimizer_updates_1"": 62, ""actor_optimizer_steps_total"": 124, ""alpha_optimizer_updates"": 62}",1.6554789543151855,0.6298108100891113,0.6849209070205688,1.0975714921951294,0.8762938380241394
restored,63,0.12792685627937317,0.12818574905395508,"[0.44032829999923706, 0.16180936992168427, 0.4652421176433563, 0.025889486074447632, -0.05889613926410675, 0.559238076210022, 0.6115375757217407]","[0.12260313332080841, 0.13710394501686096, 0.12895920872688293, 0.10302987694740295, 0.08356043696403503, 0.17458771169185638, 0.7215647101402283]",0.049787066876888275,-3.0,-3.0,0.0809151828289032,0.21644453704357147,0.2161124050617218,"[-0.027743114158511162, 0.1715175360441208, 0.8349589705467224, -0.8438078761100769, -0.2955314517021179, -0.044237688183784485, 0.619166374206543]","[0.1618487536907196, 0.20132635533809662, 0.07012354582548141, 0.07491140812635422, 0.09206992387771606, 0.20085835456848145, 0.7300195693969727]",0.049787066876888275,-3.0,-3.0,0.1104910746216774,0.11854235082864761,0.11973682790994644,0.22129447758197784,0.22099265456199646,"{""critic_optimizer_updates"": 2063, ""actor_optimizer_updates_0"": 63, ""actor_optimizer_updates_1"": 63, ""actor_optimizer_steps_total"": 126, ""alpha_optimizer_updates"": 63}",1.6721916198730469,0.6228481531143188,0.6917884945869446,1.1015057563781738,0.8716818690299988
restored,64,0.12654903531074524,0.12681874632835388,"[0.43677228689193726, 0.16305240988731384, 0.4563881754875183, 0.021484093740582466, -0.06802280247211456, 0.5583411455154419, 0.6116439700126648]","[0.1222207173705101, 0.13679282367229462, 0.1281413435935974, 0.10385773330926895, 0.08579051494598389, 0.17426171898841858, 0.7207995653152466]",0.049787066876888275,-3.0,-3.0,0.0792410746216774,0.21567046642303467,0.2153320014476776,"[-0.02137107215821743, 0.1702292412519455, 0.8337409496307373, -0.843926191329956, -0.2921053171157837, -0.044123806059360504, 0.6200827360153198]","[0.1607617884874344, 0.2009134590625763, 0.0701979547739029, 0.07465947419404984, 0.09225384891033173, 0.2001931518316269, 0.7302003502845764]",0.049787066876888275,-3.0,-3.0,0.109933041036129,0.1172235906124115,0.11840566992759705,0.22051355242729187,0.22020763158798218,"{""critic_optimizer_updates"": 2064, ""actor_optimizer_updates_0"": 64, ""actor_optimizer_updates_1"": 64, ""actor_optimizer_steps_total"": 128, ""alpha_optimizer_updates"": 64}",1.6903901100158691,0.6125685572624207,0.7008770704269409,1.097585678100586,0.8655847311019897
restored,65,0.1252806931734085,0.1255621612071991,"[0.4332791268825531, 0.16475224494934082, 0.4475313127040863, 0.017325986176729202, -0.07718152552843094, 0.5574535727500916, 0.6117218136787415]","[0.12192051112651825, 0.13653524219989777, 0.12729765474796295, 0.1046384647488594, 0.08817266672849655, 0.17395137250423431, 0.7199336290359497]",0.049787066876888275,-3.0,-3.0,0.078683041036129,0.2148878276348114,0.21454259753227234,"[-0.015147984027862549, 0.16913756728172302, 0.8325146436691284, -0.844066321849823, -0.28809380531311035, -0.0435708686709404, 0.6209755539894104]","[0.1596919149160385, 0.2004825919866562, 0.07028622925281525, 0.07440955191850662, 0.09228795021772385, 0.19958707690238953, 0.7303642630577087]",0.049787066876888275,-3.0,-3.0,0.1093750074505806,0.11602190881967545,0.117193304002285,0.21972739696502686,0.21941718459129333,"{""critic_optimizer_updates"": 2065, ""actor_optimizer_updates_0"": 65, ""actor_optimizer_updates_1"": 65, ""actor_optimizer_steps_total"": 130, ""alpha_optimizer_updates"": 65}",1.7097386121749878,0.6066559553146362,0.7046101093292236,1.0951842069625854,0.861503005027771
restored,66,0.1241360679268837,0.1244300827383995,"[0.4298986494541168, 0.1669955849647522, 0.4385777413845062, 0.013356920331716537, -0.08647923171520233, 0.5567684173583984, 0.6118047833442688]","[0.12164972722530365, 0.1363675892353058, 0.12640166282653809, 0.10546646267175674, 0.09050646424293518, 0.17356891930103302, 0.7190043330192566]",0.049787066876888275,-3.0,-3.0,0.0770089328289032,0.21394632756710052,0.21359023451805115,"[-0.009062277153134346, 0.16888660192489624, 0.8312934637069702, -0.844245195388794, -0.2813778221607208, -0.044376954436302185, 0.621777355670929]","[0.1586434692144394, 0.20021334290504456, 0.0703524500131607, 0.07413367927074432, 0.09265094250440598, 0.1990581452846527, 0.7304899096488953]",0.049787066876888275,-3.0,-3.0,0.109933041036129,0.11493122577667236,0.11609325557947159,0.2187691032886505,0.21845105290412903,"{""critic_optimizer_updates"": 2066, ""actor_optimizer_updates_0"": 66, ""actor_optimizer_updates_1"": 66, ""actor_optimizer_steps_total"": 132, ""alpha_optimizer_updates"": 66}",1.725937843322754,0.6010819673538208,0.705808162689209,1.0911422967910767,0.8588579893112183
restored,67,0.12318076938390732,0.1234888881444931,"[0.4266580641269684, 0.16918744146823883, 0.42944568395614624, 0.009910514578223228, -0.09583330899477005, 0.5566568970680237, 0.6119545698165894]","[0.12146326154470444, 0.1362883448600769, 0.12544606626033783, 0.1063302606344223, 0.09289663285017014, 0.17276838421821594, 0.7179197072982788]",0.049787066876888275,-3.0,-3.0,0.0758928582072258,0.21302704513072968,0.21265998482704163,"[-0.0035202703438699245, 0.16914284229278564, 0.8301531076431274, -0.8444205522537231, -0.27395129203796387, -0.045599304139614105, 0.6224789619445801]","[0.1578010618686676, 0.19996587932109833, 0.07039562612771988, 0.07385274022817612, 0.0932694524526596, 0.19863763451576233, 0.7305675745010376]",0.049787066876888275,-3.0,-3.0,0.109933041036129,0.11401510238647461,0.11516911536455154,0.21783222258090973,0.21750673651695251,"{""critic_optimizer_updates"": 2067, ""actor_optimizer_updates_0"": 67, ""actor_optimizer_updates_1"": 67, ""actor_optimizer_steps_total"": 134, ""alpha_optimizer_updates"": 67}",1.7390882968902588,0.5982327461242676,0.7026342153549194,1.080085039138794,0.8596888780593872
restored,68,0.12230533361434937,0.12262795120477676,"[0.4233199954032898, 0.1715817153453827, 0.42042431235313416, 0.006735261995345354, -0.10549847781658173, 0.5565453767776489, 0.6121237277984619]","[0.12136242538690567, 0.13625404238700867, 0.12440572679042816, 0.10719089955091476, 0.09511081874370575, 0.17197413742542267, 0.7167055606842041]",0.049787066876888275,-3.0,-3.0,0.0753348246216774,0.21207337081432343,0.211693674325943,"[0.0014137222897261381, 0.1703261286020279, 0.8290364742279053, -0.8445608615875244, -0.2654629051685333, -0.04783192276954651, 0.6231474280357361]","[0.15698906779289246, 0.19969263672828674, 0.07045601308345795, 0.07358730584383011, 0.09372448176145554, 0.19827453792095184, 0.7306200861930847]",0.049787066876888275,-3.0,-3.0,0.1093750074505806,0.1131809651851654,0.1143278107047081,0.2168525904417038,0.2165181040763855,"{""critic_optimizer_updates"": 2068, ""actor_optimizer_updates_0"": 68, ""actor_optimizer_updates_1"": 68, ""actor_optimizer_steps_total"": 136, ""alpha_optimizer_updates"": 68}",1.7549705505371094,0.5971783399581909,0.6979436874389648,1.0722224712371826,0.8610575199127197
restored,69,0.12145024538040161,0.12178681790828705,"[0.41988784074783325, 0.1741163283586502, 0.4114859402179718, 0.0036269240081310272, -0.11501989513635635, 0.5563011765480042, 0.6123496294021606]","[0.1213178038597107, 0.13621628284454346, 0.12333595752716064, 0.1080191507935524, 0.09712251275777817, 0.17134322226047516, 0.7153478264808655]",0.049787066876888275,-3.0,-3.0,0.07421875,0.21137501299381256,0.2109852284193039,"[0.0063730161637067795, 0.17083483934402466, 0.8280515670776367, -0.8447515964508057, -0.2599318325519562, -0.04897003248333931, 0.6237096786499023]","[0.15615780651569366, 0.1994602084159851, 0.07048307359218597, 0.07330916821956635, 0.09381446242332458, 0.19805407524108887, 0.7306320071220398]",0.049787066876888275,-3.0,-3.0,0.1110491156578064,0.11237867176532745,0.11351710557937622,0.216129869222641,0.21578896045684814,"{""critic_optimizer_updates"": 2069, ""actor_optimizer_updates_0"": 69, ""actor_optimizer_updates_1"": 69, ""actor_optimizer_steps_total"": 138, ""alpha_optimizer_updates"": 69}",1.7591410875320435,0.5976206064224243,0.6929564476013184,1.0679574012756348,0.8616451025009155
restored,70,0.12054949998855591,0.12089995294809341,"[0.41629838943481445, 0.17688629031181335, 0.40243494510650635, 0.0008723539067432284, -0.12403669953346252, 0.5557260513305664, 0.6125381588935852]","[0.12127886712551117, 0.13622619211673737, 0.12221426516771317, 0.10894929617643356, 0.09919550269842148, 0.17082571983337402, 0.7138343453407288]",0.049787066876888275,-3.0,-3.0,0.0736607164144516,0.2108333855867386,0.21043580770492554,"[0.011020733043551445, 0.17099425196647644, 0.8270649909973145, -0.8448905944824219, -0.2564826011657715, -0.04899223893880844, 0.6241967082023621]","[0.1552416831254959, 0.1993115097284317, 0.07050268352031708, 0.07304490357637405, 0.0937778577208519, 0.197932630777359, 0.7306071519851685]",0.049787066876888275,-3.0,-3.0,0.1104910746216774,0.11151784658432007,0.11264864355325699,0.2155667245388031,0.21522149443626404,"{""critic_optimizer_updates"": 2070, ""actor_optimizer_updates_0"": 70, ""actor_optimizer_updates_1"": 70, ""actor_optimizer_steps_total"": 140, ""alpha_optimizer_updates"": 70}",1.7606942653656006,0.5959325432777405,0.6902235746383667,1.0606335401535034,0.8623549938201904
restored,71,0.1196250393986702,0.11998846381902695,"[0.4124772548675537, 0.1794711947441101, 0.39369362592697144, -0.0006507867947220802, -0.1325574815273285, 0.5548362731933594, 0.6127703189849854]","[0.12132737785577774, 0.13624532520771027, 0.12110811471939087, 0.10983934998512268, 0.10130196064710617, 0.1704419106245041, 0.7121608257293701]",0.049787066876888275,-3.0,-3.0,0.0725446492433548,0.21024194359779358,0.2098364531993866,"[0.015572333708405495, 0.17130166292190552, 0.8260042667388916, -0.8449361324310303, -0.25218290090560913, -0.04889199137687683, 0.6245282888412476]","[0.1544075310230255, 0.1992163062095642, 0.07053970545530319, 0.07280232012271881, 0.09409711509943008, 0.19785311818122864, 0.7305143475532532]",0.049787066876888275,-3.0,-3.0,0.1110491156578064,0.11063922941684723,0.11176332831382751,0.2149583399295807,0.21460860967636108,"{""critic_optimizer_updates"": 2071, ""actor_optimizer_updates_0"": 71, ""actor_optimizer_updates_1"": 71, ""actor_optimizer_steps_total"": 142, ""alpha_optimizer_updates"": 71}",1.7740625143051147,0.5897336006164551,0.6832132339477539,1.0431865453720093,0.8640611171722412
restored,72,0.11880622804164886,0.11918342858552933,"[0.4088544249534607, 0.1822570264339447, 0.38502058386802673, -0.0023793529253453016, -0.1403026133775711, 0.5542428493499756, 0.6131045818328857]","[0.12138831615447998, 0.13626156747341156, 0.1199551448225975, 0.11079828441143036, 0.10300882160663605, 0.1698993742465973, 0.7103517651557922]",0.049787066876888275,-3.0,-3.0,0.0725446492433548,0.2097732126712799,0.20936204493045807,"[0.019407441839575768, 0.170561283826828, 0.8251621723175049, -0.8450367450714111, -0.24923154711723328, -0.04751281067728996, 0.6248895525932312]","[0.15371355414390564, 0.19907598197460175, 0.07050788402557373, 0.07254323363304138, 0.09429866820573807, 0.1978539377450943, 0.7304077744483948]",0.049787066876888275,-3.0,-3.0,0.1121651828289032,0.10985991358757019,0.1109776571393013,0.21447516977787018,0.21412250399589539,"{""critic_optimizer_updates"": 2072, ""actor_optimizer_updates_0"": 72, ""actor_optimizer_updates_1"": 72, ""actor_optimizer_steps_total"": 144, ""alpha_optimizer_updates"": 72}",1.7785985469818115,0.5868650674819946,0.678192138671875,1.0303800106048584,0.8656265139579773
restored,73,0.11800996214151382,0.11840059608221054,"[0.40515878796577454, 0.1849917620420456, 0.3764130771160126, -0.004583931528031826, -0.14749866724014282, 0.5536791086196899, 0.6136118173599243]","[0.12142627686262131, 0.1362842321395874, 0.1188240572810173, 0.11177477240562439, 0.10444299131631851, 0.16927650570869446, 0.7083805799484253]",0.049787066876888275,-3.0,-3.0,0.0714285746216774,0.20926864445209503,0.20885127782821655,"[0.023610984906554222, 0.16922153532505035, 0.824434757232666, -0.8451023101806641, -0.24574711918830872, -0.04591233655810356, 0.6252199411392212]","[0.1529998630285263, 0.19894857704639435, 0.07043194025754929, 0.07229046523571014, 0.09471640735864639, 0.1979297697544098, 0.7302690744400024]",0.049787066876888275,-3.0,-3.0,0.1121651828289032,0.10910943895578384,0.11022268235683441,0.21396072208881378,0.2136051058769226,"{""critic_optimizer_updates"": 2073, ""actor_optimizer_updates_0"": 73, ""actor_optimizer_updates_1"": 73, ""actor_optimizer_steps_total"": 146, ""alpha_optimizer_updates"": 73}",1.7742806673049927,0.5860771536827087,0.6731703281402588,1.022099256515503,0.8672788143157959
restored,74,0.11723722517490387,0.11763967573642731,"[0.4012753367424011, 0.18751811981201172, 0.36854416131973267, -0.006865896284580231, -0.15427935123443604, 0.5528937578201294, 0.6141713857650757]","[0.12146235257387161, 0.13629166781902313, 0.11784301698207855, 0.11273501068353653, 0.10541747510433197, 0.16872163116931915, 0.70624840259552]",0.049787066876888275,-3.0,-3.0,0.0697544664144516,0.20897310972213745,0.2085534781217575,"[0.02543291077017784, 0.16832661628723145, 0.82373046875, -0.8450961112976074, -0.2442750632762909, -0.04227574169635773, 0.6255397796630859]","[0.15279251337051392, 0.1988094449043274, 0.07034765183925629, 0.07203901559114456, 0.09472542256116867, 0.19817966222763062, 0.7300950884819031]",0.049787066876888275,-3.0,-3.0,0.1121651828289032,0.10839629173278809,0.10950775444507599,0.2136562317609787,0.21330007910728455,"{""critic_optimizer_updates"": 2074, ""actor_optimizer_updates_0"": 74, ""actor_optimizer_updates_1"": 74, ""actor_optimizer_steps_total"": 148, ""alpha_optimizer_updates"": 74}",1.7684440612792969,0.5890159606933594,0.6639658212661743,1.018540382385254,0.8699453473091125
restored,75,0.11656583100557327,0.11698003113269806,"[0.39735203981399536, 0.19009342789649963, 0.360775887966156, -0.0096176378428936, -0.1615982949733734, 0.5522620677947998, 0.6149348616600037]","[0.12150409072637558, 0.13629227876663208, 0.11682261526584625, 0.1137627437710762, 0.10629766434431076, 0.16809988021850586, 0.7039522528648376]",0.049787066876888275,-3.0,-3.0,0.0686383992433548,0.20881016552448273,0.20839060842990875,"[0.027962669730186462, 0.16629627346992493, 0.8231446743011475, -0.8450863361358643, -0.24513182044029236, -0.03766670078039169, 0.6258703470230103]","[0.15247169137001038, 0.1986321210861206, 0.07021578401327133, 0.07178037613630295, 0.09438139945268631, 0.19850775599479675, 0.7298983335494995]",0.049787066876888275,-3.0,-3.0,0.1116071492433548,0.10775176435709,0.10886240750551224,0.2134804129600525,0.21312692761421204,"{""critic_optimizer_updates"": 2075, ""actor_optimizer_updates_0"": 75, ""actor_optimizer_updates_1"": 75, ""actor_optimizer_steps_total"": 150, ""alpha_optimizer_updates"": 75}",1.7644633054733276,0.586467981338501,0.6622119545936584,1.0132067203521729,0.8690182566642761
restored,76,0.1159810870885849,0.11640725284814835,"[0.39330512285232544, 0.1926203966140747, 0.35312390327453613, -0.012116080150008202, -0.16976961493492126, 0.5516180992126465, 0.6159647703170776]","[0.12153118848800659, 0.1362854540348053, 0.1157149076461792, 0.11486867815256119, 0.10716579109430313, 0.16730040311813354, 0.7014046311378479]",0.049787066876888275,-3.0,-3.0,0.0686383992433548,0.208735853433609,0.20831920206546783,"[0.03036222979426384, 0.1629558801651001, 0.8224929571151733, -0.8449753522872925, -0.2482893466949463, -0.03136055916547775, 0.6260947585105896]","[0.15224473178386688, 0.19839443266391754, 0.07009202241897583, 0.0715581625699997, 0.09366480261087418, 0.19899486005306244, 0.7296443581581116]",0.049787066876888275,-3.0,-3.0,0.1110491156578064,0.10718092322349548,0.10828999429941177,0.21339796483516693,0.2130502313375473,"{""critic_optimizer_updates"": 2076, ""actor_optimizer_updates_0"": 76, ""actor_optimizer_updates_1"": 76, ""actor_optimizer_steps_total"": 152, ""alpha_optimizer_updates"": 76}",1.759728193283081,0.5836411714553833,0.6620132923126221,1.0088461637496948,0.8684393167495728
restored,77,0.1154799535870552,0.11591792851686478,"[0.38922715187072754, 0.1950831115245819, 0.3455813527107239, -0.014563034288585186, -0.1779271811246872, 0.5510501861572266, 0.6172293424606323]","[0.12158916890621185, 0.1363019049167633, 0.114644855260849, 0.1159810796380043, 0.10802308470010757, 0.16646280884742737, 0.6985469460487366]",0.049787066876888275,-3.0,-3.0,0.0680803582072258,0.2087969034910202,0.2083844542503357,"[0.03316829353570938, 0.15919649600982666, 0.8220530152320862, -0.8448531031608582, -0.252876341342926, -0.026368767023086548, 0.6263378858566284]","[0.15206651389598846, 0.1982053965330124, 0.06991137564182281, 0.07133935391902924, 0.09294895827770233, 0.19941668212413788, 0.7293619513511658]",0.049787066876888275,-3.0,-3.0,0.1110491156578064,0.10667308419942856,0.1077798381447792,0.21344119310379028,0.21310098469257355,"{""critic_optimizer_updates"": 2077, ""actor_optimizer_updates_0"": 77, ""actor_optimizer_updates_1"": 77, ""actor_optimizer_steps_total"": 154, ""alpha_optimizer_updates"": 77}",1.7491509914398193,0.5821040868759155,0.6599913835525513,1.0062137842178345,0.8672231435775757
restored,78,0.11497557908296585,0.11542531847953796,"[0.38505980372428894, 0.1978386491537094, 0.3382744789123535, -0.016704833135008812, -0.18536433577537537, 0.5501248836517334, 0.6187852621078491]","[0.1216755136847496, 0.1364077925682068, 0.11362913250923157, 0.11725523322820663, 0.10891605168581009, 0.16571852564811707, 0.6953087449073792]",0.049787066876888275,-3.0,-3.0,0.0680803582072258,0.20895370841026306,0.20854797959327698,"[0.03475737199187279, 0.1546909213066101, 0.8216822147369385, -0.8446590304374695, -0.2593030631542206, -0.022357333451509476, 0.6265859603881836]","[0.15209247171878815, 0.19797509908676147, 0.06970083713531494, 0.0711403489112854, 0.09209854900836945, 0.19988760352134705, 0.7290343046188354]",0.049787066876888275,-3.0,-3.0,0.1104910746216774,0.10615301877260208,0.10725575685501099,0.2135649174451828,0.21323533356189728,"{""critic_optimizer_updates"": 2078, ""actor_optimizer_updates_0"": 78, ""actor_optimizer_updates_1"": 78, ""actor_optimizer_steps_total"": 156, ""alpha_optimizer_updates"": 78}",1.7294211387634277,0.5790013670921326,0.6647422313690186,1.0070104598999023,0.865225076675415
restored,79,0.11454419046640396,0.1150055080652237,"[0.38095128536224365, 0.20100975036621094, 0.33095043897628784, -0.018808521330356598, -0.19294613599777222, 0.549157977104187, 0.6205912232398987]","[0.12174319475889206, 0.13652369379997253, 0.11265183240175247, 0.11855176091194153, 0.10968046635389328, 0.1650366634130478, 0.691824734210968]",0.049787066876888275,-3.0,-3.0,0.066964291036129,0.2090419977903366,0.20864161849021912,"[0.03683941066265106, 0.14962506294250488, 0.8214472532272339, -0.8445240259170532, -0.2649441659450531, -0.022022634744644165, 0.6267863512039185]","[0.15205173194408417, 0.1977255642414093, 0.06943843513727188, 0.07090899348258972, 0.09130930155515671, 0.20003701746463776, 0.7286667823791504]",0.049787066876888275,-3.0,-3.0,0.109933041036129,0.10567592084407806,0.10677450150251389,0.21361055970191956,0.21329189836978912,"{""critic_optimizer_updates"": 2079, ""actor_optimizer_updates_0"": 79, ""actor_optimizer_updates_1"": 79, ""actor_optimizer_steps_total"": 158, ""alpha_optimizer_updates"": 79}",1.7173569202423096,0.5770362615585327,0.6676070690155029,1.008854866027832,0.8619073629379272
restored,80,0.11426819115877151,0.11474178731441498,"[0.37712863087654114, 0.20436902344226837, 0.3234862685203552, -0.020775308832526207, -0.200769305229187, 0.548304557800293, 0.6225083470344543]","[0.12188858538866043, 0.13667801022529602, 0.11170487850904465, 0.11984676122665405, 0.11054516583681107, 0.16435422003269196, 0.6880427598953247]",0.049787066876888275,-3.0,-3.0,0.066964291036129,0.20918656885623932,0.208791121840477,"[0.03968429937958717, 0.14395204186439514, 0.8212895393371582, -0.8444615006446838, -0.27109289169311523, -0.02211921289563179, 0.6269034147262573]","[0.15191832184791565, 0.19745704531669617, 0.06917104125022888, 0.07066119462251663, 0.09053175896406174, 0.20014868676662445, 0.728259801864624]",0.049787066876888275,-3.0,-3.0,0.1082589328289032,0.10531552881002426,0.10641173273324966,0.21370628476142883,0.21339908242225647,"{""critic_optimizer_updates"": 2080, ""actor_optimizer_updates_0"": 80, ""actor_optimizer_updates_1"": 80, ""actor_optimizer_steps_total"": 160, ""alpha_optimizer_updates"": 80}",1.714257001876831,0.5725007057189941,0.6735591888427734,1.0097815990447998,0.85877525806427
restored,81,0.11393972486257553,0.11442520469427109,"[0.37318044900894165, 0.20781563222408295, 0.31592506170272827, -0.022653140127658844, -0.20789305865764618, 0.5472131371498108, 0.6244592666625977]","[0.12204902619123459, 0.1368987113237381, 0.11073973774909973, 0.12117821723222733, 0.11133743822574615, 0.16374042630195618, 0.6840758919715881]",0.049787066876888275,-3.0,-3.0,0.06640625,0.20904164016246796,0.20864753425121307,"[0.04341252148151398, 0.13749942183494568, 0.8212260007858276, -0.8443943858146667, -0.2738798260688782, -0.02393754944205284, 0.6271007061004639]","[0.1515791118144989, 0.1972142904996872, 0.06887952238321304, 0.07041648030281067, 0.0901341438293457, 0.20023447275161743, 0.7278249859809875]",0.049787066876888275,-3.0,-3.0,0.1082589328289032,0.10488541424274445,0.10598007589578629,0.21350960433483124,0.21321120858192444,"{""critic_optimizer_updates"": 2081, ""actor_optimizer_updates_0"": 81, ""actor_optimizer_updates_1"": 81, ""actor_optimizer_steps_total"": 162, ""alpha_optimizer_updates"": 81}",1.7304613590240479,0.5672441720962524,0.6784071922302246,1.0100831985473633,0.8559234142303467
restored,82,0.11366663873195648,0.11416338384151459,"[0.3693351745605469, 0.2108379304409027, 0.3088931441307068, -0.024104228243231773, -0.21429157257080078, 0.5461200475692749, 0.6269572377204895]","[0.12220657616853714, 0.1371321678161621, 0.1097942516207695, 0.12227627635002136, 0.11192953586578369, 0.1630716174840927, 0.6796940565109253]",0.049787066876888275,-3.0,-3.0,0.0652901828289032,0.20901867747306824,0.20862719416618347,"[0.0478682741522789, 0.13037534058094025, 0.8212432861328125, -0.8443800210952759, -0.2778831720352173, -0.0254676453769207, 0.6274172067642212]","[0.15107834339141846, 0.19687964022159576, 0.06856384873390198, 0.07015267759561539, 0.0895058810710907, 0.2002985030412674, 0.7273491621017456]",0.049787066876888275,-3.0,-3.0,0.1071428656578064,0.10449199378490448,0.10558299720287323,0.21342477202415466,0.21313732862472534,"{""critic_optimizer_updates"": 2082, ""actor_optimizer_updates_0"": 82, ""actor_optimizer_updates_1"": 82, ""actor_optimizer_steps_total"": 164, ""alpha_optimizer_updates"": 82}",1.746131420135498,0.5610655546188354,0.6834792494773865,1.0087859630584717,0.8531234264373779
restored,83,0.11349378526210785,0.11400220543146133,"[0.3658665418624878, 0.2139938920736313, 0.3019385039806366, -0.025482237339019775, -0.2199063003063202, 0.5451071262359619, 0.6295800805091858]","[0.12237133830785751, 0.1373630315065384, 0.10895261913537979, 0.12333221733570099, 0.11218850314617157, 0.1622711569070816, 0.6751716136932373]",0.049787066876888275,-3.0,-3.0,0.0652901828289032,0.2089170515537262,0.20852576196193695,"[0.05296255275607109, 0.12325650453567505, 0.8214395046234131, -0.8444703221321106, -0.2798389196395874, -0.0272807739675045, 0.6278403401374817]","[0.1504736840724945, 0.19654370844364166, 0.06820685416460037, 0.06986477226018906, 0.08902322500944138, 0.20038791000843048, 0.7268375158309937]",0.049787066876888275,-3.0,-3.0,0.1077008992433548,0.10419996827840805,0.10528893768787384,0.21326008439064026,0.2129816859960556,"{""critic_optimizer_updates"": 2083, ""actor_optimizer_updates_0"": 83, ""actor_optimizer_updates_1"": 83, ""actor_optimizer_steps_total"": 166, ""alpha_optimizer_updates"": 83}",1.7726922035217285,0.54912269115448,0.6918301582336426,1.0007045269012451,0.8502780199050903
restored,84,0.11340067535638809,0.1139218658208847,"[0.3629402220249176, 0.21751494705677032, 0.294752299785614, -0.026618868112564087, -0.2249017357826233, 0.5440440773963928, 0.6323285102844238]","[0.12251295894384384, 0.13761916756629944, 0.10811838507652283, 0.12439150363206863, 0.11257313191890717, 0.1614827811717987, 0.6705448031425476]",0.049787066876888275,-3.0,-3.0,0.0647321492433548,0.20849105715751648,0.20809556543827057,"[0.05834821239113808, 0.1160217747092247, 0.821693480014801, -0.844680905342102, -0.2770978808403015, -0.02997022308409214, 0.6282093524932861]","[0.14980816841125488, 0.1961917132139206, 0.06780390441417694, 0.06952625513076782, 0.08886636793613434, 0.20041526854038239, 0.7262757420539856]",0.049787066876888275,-3.0,-3.0,0.1065848246216774,0.10395990312099457,0.1050490289926529,0.212759330868721,0.21248695254325867,"{""critic_optimizer_updates"": 2084, ""actor_optimizer_updates_0"": 84, ""actor_optimizer_updates_1"": 84, ""actor_optimizer_steps_total"": 168, ""alpha_optimizer_updates"": 84}",1.7896159887313843,0.5471359491348267,0.6918798089027405,1.0019590854644775,0.851101279258728
restored,85,0.11335445195436478,0.11388792842626572,"[0.36044079065322876, 0.2209453582763672, 0.2876877784729004, -0.027965746819972992, -0.22912025451660156, 0.5428764820098877, 0.6352415084838867]","[0.12261942774057388, 0.13787226378917694, 0.10736078023910522, 0.12544581294059753, 0.11259616911411285, 0.1608208268880844, 0.6657343506813049]",0.049787066876888275,-3.0,-3.0,0.0641741082072258,0.20780573785305023,0.20740129053592682,"[0.06436748802661896, 0.10913492739200592, 0.8220555186271667, -0.8450084924697876, -0.26975321769714355, -0.03233223408460617, 0.6285700798034668]","[0.1489657312631607, 0.19578753411769867, 0.0673905685544014, 0.06916715204715729, 0.08916949480772018, 0.20038852095603943, 0.7256655097007751]",0.049787066876888275,-3.0,-3.0,0.1065848246216774,0.103742316365242,0.10483118891716003,0.21200768649578094,0.21173685789108276,"{""critic_optimizer_updates"": 2085, ""actor_optimizer_updates_0"": 85, ""actor_optimizer_updates_1"": 85, ""actor_optimizer_steps_total"": 170, ""alpha_optimizer_updates"": 85}",1.8132226467132568,0.5467629432678223,0.6919494867324829,1.0014539957046509,0.8527998328208923
restored,86,0.11313706636428833,0.11368106305599213,"[0.3582528233528137, 0.22374001145362854, 0.2812674939632416, -0.029373934492468834, -0.23221617937088013, 0.5408768653869629, 0.6380640268325806]","[0.12266109883785248, 0.13810013234615326, 0.10658042877912521, 0.12622225284576416, 0.11217689514160156, 0.16043409705162048, 0.6609691977500916]",0.049787066876888275,-3.0,-3.0,0.0625,0.2069718986749649,0.20655547082424164,"[0.06952381134033203, 0.10442355275154114, 0.8220280408859253, -0.8451651334762573, -0.2600615918636322, -0.03297470510005951, 0.6287704110145569]","[0.14849953353405, 0.19553998112678528, 0.06706704944372177, 0.06884399056434631, 0.08961618691682816, 0.20043618977069855, 0.724992573261261]",0.049787066876888275,-3.0,-3.0,0.106026791036129,0.10339071601629257,0.10447828471660614,0.2111252099275589,0.21085092425346375,"{""critic_optimizer_updates"": 2086, ""actor_optimizer_updates_0"": 86, ""actor_optimizer_updates_1"": 86, ""actor_optimizer_steps_total"": 172, ""alpha_optimizer_updates"": 86}",1.8210937976837158,0.5483853816986084,0.6875450611114502,1.0007438659667969,0.8548860549926758
restored,87,0.11301306635141373,0.11356792598962784,"[0.3565196990966797, 0.2264176905155182, 0.2753511965274811, -0.03060150146484375, -0.23408861458301544, 0.5388989448547363, 0.6411736011505127]","[0.12266994267702103, 0.138334721326828, 0.10581399500370026, 0.12701350450515747, 0.11142826080322266, 0.1599818915128708, 0.6559310555458069]",0.049787066876888275,-3.0,-3.0,0.0619419664144516,0.20623081922531128,0.20580264925956726,"[0.07494014501571655, 0.1001095101237297, 0.8221501111984253, -0.8453437685966492, -0.2502971291542053, -0.03391694650053978, 0.628984808921814]","[0.14799773693084717, 0.1952282339334488, 0.0667342096567154, 0.06854011118412018, 0.09022542834281921, 0.20035457611083984, 0.7242692708969116]",0.049787066876888275,-3.0,-3.0,0.1049107164144516,0.10312359035015106,0.10420802980661392,0.21035490930080414,0.21007810533046722,"{""critic_optimizer_updates"": 2087, ""actor_optimizer_updates_0"": 87, ""actor_optimizer_updates_1"": 87, ""actor_optimizer_steps_total"": 174, ""alpha_optimizer_updates"": 87}",1.8311121463775635,0.5501483678817749,0.6807234287261963,0.9999940991401672,0.8567373156547546
restored,88,0.1129891574382782,0.11355456709861755,"[0.35513749718666077, 0.22844402492046356, 0.2698172926902771, -0.032513391226530075, -0.235590860247612, 0.5369192361831665, 0.6447423100471497]","[0.1225927397608757, 0.13847880065441132, 0.10495000332593918, 0.1277725249528885, 0.11035282909870148, 0.15950827300548553, 0.6504926085472107]",0.049787066876888275,-3.0,-3.0,0.0613839328289032,0.20525036752223969,0.2048075944185257,"[0.07985992729663849, 0.09662278741598129, 0.822049617767334, -0.8454254865646362, -0.23684583604335785, -0.03575795888900757, 0.6290299892425537]","[0.1475834995508194, 0.19493477046489716, 0.06645246595144272, 0.0682787075638771, 0.09145445376634598, 0.20012180507183075, 0.7234858274459839]",0.049787066876888275,-3.0,-3.0,0.1043526828289032,0.102951280772686,0.10402996838092804,0.20937174558639526,0.20909029245376587,"{""critic_optimizer_updates"": 2088, ""actor_optimizer_updates_0"": 88, ""actor_optimizer_updates_1"": 88, ""actor_optimizer_steps_total"": 176, ""alpha_optimizer_updates"": 88}",1.8321722745895386,0.555628776550293,0.6763490438461304,1.0024819374084473,0.8599926233291626
restored,89,0.11305049806833267,0.11362660676240921,"[0.35496050119400024, 0.2298632562160492, 0.26461362838745117, -0.03506661206483841, -0.23622968792915344, 0.5346866846084595, 0.648790717124939]","[0.12233945727348328, 0.13857008516788483, 0.103901706635952, 0.12841184437274933, 0.10887043923139572, 0.1590411514043808, 0.6446661353111267]",0.049787066876888275,-3.0,-3.0,0.0602678582072258,0.20451922714710236,0.2040630429983139,"[0.08403290063142776, 0.09620104730129242, 0.8220515251159668, -0.8453412652015686, -0.22490611672401428, -0.038221970200538635, 0.6292775869369507]","[0.14742612838745117, 0.19499047100543976, 0.0661560446023941, 0.06806211173534393, 0.09278885275125504, 0.19980235397815704, 0.722644031047821]",0.049787066876888275,-3.0,-3.0,0.1037946492433548,0.1028398796916008,0.10391069203615189,0.20864419639110565,0.20835791528224945,"{""critic_optimizer_updates"": 2089, ""actor_optimizer_updates_0"": 89, ""actor_optimizer_updates_1"": 89, ""actor_optimizer_steps_total"": 178, ""alpha_optimizer_updates"": 89}",1.8251633644104004,0.5564796924591064,0.6733180284500122,1.0067939758300781,0.8599154949188232
restored,90,0.11322878301143646,0.11381520330905914,"[0.35530102252960205, 0.23070494830608368, 0.2597705125808716, -0.0378153994679451, -0.2358318716287613, 0.5326724648475647, 0.6532227993011475]","[0.1219736710190773, 0.13863761723041534, 0.10293953120708466, 0.12906281650066376, 0.10719119012355804, 0.15853266417980194, 0.6386167407035828]",0.049787066876888275,-3.0,-3.0,0.0597098246216774,0.20414119958877563,0.2036752551794052,"[0.08871414512395859, 0.09509196877479553, 0.8223651051521301, -0.8453102111816406, -0.21694457530975342, -0.041224535554647446, 0.6297601461410522]","[0.14723441004753113, 0.194954976439476, 0.06574702262878418, 0.06782221049070358, 0.09380090236663818, 0.19943217933177948, 0.7217008471488953]",0.049787066876888275,-3.0,-3.0,0.102120541036129,0.10282959789037704,0.10389155894517899,0.20825035870075226,0.20796361565589905,"{""critic_optimizer_updates"": 2090, ""actor_optimizer_updates_0"": 90, ""actor_optimizer_updates_1"": 90, ""actor_optimizer_steps_total"": 180, ""alpha_optimizer_updates"": 90}",1.8162167072296143,0.5576350092887878,0.6710227727890015,1.0094903707504272,0.8606505393981934
restored,91,0.11385778337717056,0.11445529758930206,"[0.3564736247062683, 0.23134338855743408, 0.2552691698074341, -0.040862075984478, -0.2366747409105301, 0.5311341285705566, 0.6582565307617188]","[0.12154053896665573, 0.13876834511756897, 0.10196047276258469, 0.12975189089775085, 0.10583309084177017, 0.15798240900039673, 0.6321890354156494]",0.049787066876888275,-3.0,-3.0,0.0585937537252903,0.2039579451084137,0.203484907746315,"[0.09290439635515213, 0.09501826763153076, 0.82283616065979, -0.8451842069625854, -0.21112221479415894, -0.0447186604142189, 0.630266547203064]","[0.14719313383102417, 0.19497621059417725, 0.06531623750925064, 0.06760788708925247, 0.0945277214050293, 0.1990135908126831, 0.720669686794281]",0.049787066876888275,-3.0,-3.0,0.1015625074505806,0.10319013893604279,0.10424294322729111,0.20804937183856964,0.2077651172876358,"{""critic_optimizer_updates"": 2091, ""actor_optimizer_updates_0"": 91, ""actor_optimizer_updates_1"": 91, ""actor_optimizer_steps_total"": 182, ""alpha_optimizer_updates"": 91}",1.809513807296753,0.5594735145568848,0.6659016609191895,1.0108249187469482,0.8629308938980103
restored,92,0.11457431316375732,0.11518112570047379,"[0.3577410578727722, 0.23188483715057373, 0.2518441081047058, -0.04344460368156433, -0.23747199773788452, 0.529510498046875, 0.6634372472763062]","[0.1211034283041954, 0.13893131911754608, 0.10105448216199875, 0.13062530755996704, 0.10464165359735489, 0.157684788107872, 0.6256725788116455]",0.049787066876888275,-3.0,-3.0,0.0580357164144516,0.20409207046031952,0.2036162167787552,"[0.09759408235549927, 0.09477053582668304, 0.8234876990318298, -0.844988226890564, -0.2102660834789276, -0.04895409941673279, 0.6307804584503174]","[0.1469983011484146, 0.19496586918830872, 0.06486266851425171, 0.06742016226053238, 0.09451717883348465, 0.19855743646621704, 0.7195562720298767]",0.049787066876888275,-3.0,-3.0,0.1004464328289032,0.10366552323102951,0.10470804572105408,0.20816431939601898,0.20788691937923431,"{""critic_optimizer_updates"": 2092, ""actor_optimizer_updates_0"": 92, ""actor_optimizer_updates_1"": 92, ""actor_optimizer_steps_total"": 184, ""alpha_optimizer_updates"": 92}",1.8072211742401123,0.5623805522918701,0.658685564994812,1.0119377374649048,0.8659633994102478
restored,93,0.11527857184410095,0.11589391529560089,"[0.3594874143600464, 0.23330527544021606, 0.24930799007415771, -0.04664091765880585, -0.23786062002182007, 0.5273261070251465, 0.6684932112693787]","[0.12060319632291794, 0.13881008327007294, 0.1001102551817894, 0.13156065344810486, 0.10331688821315765, 0.15779103338718414, 0.6192941069602966]",0.049787066876888275,-3.0,-3.0,0.0591517873108387,0.20461703836917877,0.20414359867572784,"[0.10228147357702255, 0.09463875740766525, 0.8244842290878296, -0.8447328209877014, -0.21436850726604462, -0.0525544136762619, 0.6313800811767578]","[0.1470096856355667, 0.19495752453804016, 0.06430418789386749, 0.0672503411769867, 0.09401307255029678, 0.19810831546783447, 0.7183728814125061]",0.049787066876888275,-3.0,-3.0,0.1004464328289032,0.10420123487710953,0.10523544996976852,0.20867225527763367,0.2084069401025772,"{""critic_optimizer_updates"": 2093, ""actor_optimizer_updates_0"": 93, ""actor_optimizer_updates_1"": 93, ""actor_optimizer_steps_total"": 186, ""alpha_optimizer_updates"": 93}",1.7980756759643555,0.5711644291877747,0.6382805705070496,1.0213663578033447,0.8731698393821716
restored,94,0.11596091091632843,0.11658252030611038,"[0.36104413866996765, 0.2335679978132248, 0.24748679995536804, -0.050498299300670624, -0.23839342594146729, 0.5250793695449829, 0.6736656427383423]","[0.12000314891338348, 0.13871070742607117, 0.09914883971214294, 0.1326209455728531, 0.10196065157651901, 0.15798163414001465, 0.6127763390541077]",0.049787066876888275,-3.0,-3.0,0.0580357164144516,0.20548242330551147,0.20501486957073212,"[0.10847077518701553, 0.09363408386707306, 0.8257530331611633, -0.8444545865058899, -0.22280696034431458, -0.05556317791342735, 0.6319224834442139]","[0.14687907695770264, 0.1948612779378891, 0.06363818049430847, 0.06707406044006348, 0.09305307269096375, 0.1976829320192337, 0.7171403169631958]",0.049787066876888275,-3.0,-3.0,0.0987723246216774,0.10474608838558197,0.10576937347650528,0.20951980352401733,0.20927056670188904,"{""critic_optimizer_updates"": 2094, ""actor_optimizer_updates_0"": 94, ""actor_optimizer_updates_1"": 94, ""actor_optimizer_steps_total"": 188, ""alpha_optimizer_updates"": 94}",1.8020673990249634,0.5681159496307373,0.6374630928039551,1.0174589157104492,0.8730573654174805
restored,95,0.11659219861030579,0.1172177866101265,"[0.36239486932754517, 0.23348143696784973, 0.2463502138853073, -0.05452245473861694, -0.23865173757076263, 0.5228217840194702, 0.678409993648529]","[0.11938013881444931, 0.13865821063518524, 0.09852979332208633, 0.13369478285312653, 0.1010073721408844, 0.15825216472148895, 0.6064921021461487]",0.049787066876888275,-3.0,-3.0,0.0574776828289032,0.20651187002658844,0.2060512900352478,"[0.11431065946817398, 0.0937969759106636, 0.8271063566207886, -0.8441372513771057, -0.23229393362998962, -0.05876088887453079, 0.6325796842575073]","[0.14688539505004883, 0.194961279630661, 0.06296218931674957, 0.0669117122888565, 0.09200100600719452, 0.1971823126077652, 0.7158364057540894]",0.049787066876888275,-3.0,-3.0,0.0987723246216774,0.1052931398153305,0.10630473494529724,0.21053458750247955,0.2103019654750824,"{""critic_optimizer_updates"": 2095, ""actor_optimizer_updates_0"": 95, ""actor_optimizer_updates_1"": 95, ""actor_optimizer_steps_total"": 190, ""alpha_optimizer_updates"": 95}",1.819878339767456,0.561876118183136,0.6396051645278931,1.0110838413238525,0.8703922033309937
restored,96,0.11730105429887772,0.11793054640293121,"[0.3638933598995209, 0.23313365876674652, 0.24523723125457764, -0.0582147017121315, -0.23899178206920624, 0.5209029912948608, 0.6829708218574524]","[0.1187526285648346, 0.13865531980991364, 0.0979519784450531, 0.1348377764225006, 0.1002032682299614, 0.15843723714351654, 0.6002479195594788]",0.049787066876888275,-3.0,-3.0,0.0569196455180645,0.20765744149684906,0.20720364153385162,"[0.12109585851430893, 0.09375768899917603, 0.828570544719696, -0.8438338041305542, -0.24225656688213348, -0.06239929795265198, 0.6331887245178223]","[0.1467348039150238, 0.19498519599437714, 0.06227113679051399, 0.06675371527671814, 0.09103930741548538, 0.19660726189613342, 0.7144966721534729]",0.049787066876888275,-3.0,-3.0,0.098214291036129,0.10592897236347198,0.10693079978227615,0.21168266236782074,0.21146732568740845,"{""critic_optimizer_updates"": 2096, ""actor_optimizer_updates_0"": 96, ""actor_optimizer_updates_1"": 96, ""actor_optimizer_steps_total"": 192, ""alpha_optimizer_updates"": 96}",1.854217767715454,0.5481780171394348,0.6550447344779968,0.9973260164260864,0.8636128902435303
restored,97,0.1180957555770874,0.11872769892215729,"[0.3646247684955597, 0.23234114050865173, 0.2445428967475891, -0.062138788402080536, -0.2410433143377304, 0.5189631581306458, 0.6875409483909607]","[0.11817808449268341, 0.13859787583351135, 0.09750760346651077, 0.13583186268806458, 0.09959900379180908, 0.15871144831180573, 0.5936856269836426]",0.049787066876888275,-3.0,-3.0,0.0574776828289032,0.20891517400741577,0.20846866071224213,"[0.12809014320373535, 0.0942673534154892, 0.8299041986465454, -0.8435447216033936, -0.2532661259174347, -0.06618450582027435, 0.6336291432380676]","[0.14649255573749542, 0.19496957957744598, 0.06162673979997635, 0.06658857315778732, 0.08995787799358368, 0.19598892331123352, 0.7131196856498718]",0.049787066876888275,-3.0,-3.0,0.0970982164144516,0.10668184608221054,0.10767334699630737,0.21294155716896057,0.21274475753307343,"{""critic_optimizer_updates"": 2097, ""actor_optimizer_updates_0"": 97, ""actor_optimizer_updates_1"": 97, ""actor_optimizer_steps_total"": 194, ""alpha_optimizer_updates"": 97}",1.8960750102996826,0.532355546951294,0.6610138416290283,0.9824724197387695,0.8573819398880005
restored,98,0.11925661563873291,0.11989326775074005,"[0.3652802109718323, 0.2314271777868271, 0.2429961860179901, -0.06660088896751404, -0.24365976452827454, 0.5184847116470337, 0.6922899484634399]","[0.11780712008476257, 0.1386037915945053, 0.09712936729192734, 0.13655148446559906, 0.09925606846809387, 0.1587720513343811, 0.5867000222206116]",0.049787066876888275,-3.0,-3.0,0.0563616082072258,0.20997855067253113,0.20953623950481415,"[0.13508087396621704, 0.09508561342954636, 0.8310418128967285, -0.8432611227035522, -0.26144808530807495, -0.07087159901857376, 0.6340490579605103]","[0.1459699273109436, 0.19492243230342865, 0.06107080727815628, 0.06643938273191452, 0.08905956149101257, 0.19529740512371063, 0.7116891741752625]",0.049787066876888275,-3.0,-3.0,0.0954241082072258,0.10778352618217468,0.10876664519309998,0.21399889886379242,0.21381762623786926,"{""critic_optimizer_updates"": 2098, ""actor_optimizer_updates_0"": 98, ""actor_optimizer_updates_1"": 98, ""actor_optimizer_steps_total"": 196, ""alpha_optimizer_updates"": 98}",1.9427475929260254,0.5184286832809448,0.6648155450820923,0.9621629118919373,0.8534308671951294
restored,99,0.12040051072835922,0.1210426539182663,"[0.3656572699546814, 0.2304975688457489, 0.2408549189567566, -0.0716250091791153, -0.24591398239135742, 0.5182650685310364, 0.696919322013855]","[0.11748611927032471, 0.1386650651693344, 0.09680990129709244, 0.13717301189899445, 0.09876533597707748, 0.1587427258491516, 0.5795754194259644]",0.049787066876888275,-3.0,-3.0,0.0552455373108387,0.21100838482379913,0.21057109534740448,"[0.14104995131492615, 0.09565267711877823, 0.8321212530136108, -0.842985987663269, -0.2691443860530853, -0.07513517886400223, 0.6344834566116333]","[0.1457688808441162, 0.19483396410942078, 0.060539115220308304, 0.06630214303731918, 0.08826585114002228, 0.19452664256095886, 0.7101946473121643]",0.049787066876888275,-3.0,-3.0,0.0948660746216774,0.10889360308647156,0.10986984521150589,0.21502390503883362,0.2148592174053192,"{""critic_optimizer_updates"": 2099, ""actor_optimizer_updates_0"": 99, ""actor_optimizer_updates_1"": 99, ""actor_optimizer_steps_total"": 198, ""alpha_optimizer_updates"": 99}",1.9737766981124878,0.5023362040519714,0.6675993800163269,0.9380050897598267,0.8507752418518066
restored,100,0.12138522416353226,0.1220337375998497,"[0.3655719757080078, 0.22941605746746063, 0.23803630471229553, -0.07577572017908096, -0.2472325712442398, 0.5177817344665527, 0.7014341354370117]","[0.11724911630153656, 0.1387796849012375, 0.09661221504211426, 0.13774825632572174, 0.09829070419073105, 0.15864616632461548, 0.5722254514694214]",0.049787066876888275,-3.0,-3.0,0.0546875037252903,0.21174301207065582,0.21130627393722534,"[0.14704188704490662, 0.09707941114902496, 0.8330308198928833, -0.8426930904388428, -0.2726908326148987, -0.07958851754665375, 0.6350300312042236]","[0.14545685052871704, 0.19483305513858795, 0.06010502949357033, 0.06620374321937561, 0.08792449533939362, 0.1936575323343277, 0.7085452079772949]",0.049787066876888275,-3.0,-3.0,0.094308041036129,0.10990963876247406,0.11088114976882935,0.21577498316764832,0.21562273800373077,"{""critic_optimizer_updates"": 2100, ""actor_optimizer_updates_0"": 100, ""actor_optimizer_updates_1"": 100, ""actor_optimizer_steps_total"": 200, ""alpha_optimizer_updates"": 100}",2.0061697959899902,0.4899989664554596,0.6643508672714233,0.9188354015350342,0.8475098609924316
A_fixed_critic,1,0.0032084407284855843,0.0033753521274775267,"[0.0925387442111969, 0.04489150270819664, 0.16802570223808289, 0.047161974012851715, 0.04140763729810715, 0.003386491909623146, 0.6638563871383667]","[0.08339003473520279, 0.1347823292016983, 0.1256934404373169, 0.02720801718533039, 0.026467980816960335, 0.2183963656425476, 0.748989999294281]",0.049787066876888275,-3.0,-3.0,0.1473214328289032,0.0035697142593562603,0.0037433309480547905,"[-0.017730727791786194, 0.045159704983234406, 0.18526874482631683, -0.06772975623607635, -0.033296018838882446, -0.10332678258419037, 0.6639796495437622]","[0.08107544481754303, 0.13104094564914703, 0.1321495622396469, 0.021353214979171753, 0.025903450325131416, 0.20410795509815216, 0.7489151954650879]",0.049787066876888275,-3.0,-3.0,0.1478794664144516,0.002850137185305357,0.003732093842700124,0.003532684175297618,0.0038286293856799603,"{""critic_optimizer_updates"": 2000, ""actor_optimizer_updates_0"": 1, ""actor_optimizer_updates_1"": 1, ""actor_optimizer_steps_total"": 2, ""alpha_optimizer_updates"": 1}",-3.131948947906494,2.1975388526916504,0.6229655742645264,3.719773292541504,0.878682017326355
A_fixed_critic,2,0.012451018206775188,0.012571669183671474,"[0.15328145027160645, 0.0858171209692955, 0.24583420157432556, 0.09007348865270615, 0.0712229460477829, 0.07169727981090546, 0.6638481020927429]","[0.08102960884571075, 0.13922326266765594, 0.11304598301649094, 0.04239201173186302, 0.033526912331581116, 0.22870269417762756, 0.7489829063415527]",0.049787066876888275,-3.0,-3.0,0.1467633992433548,0.013761104084551334,0.013913970440626144,"[-0.06585022807121277, 0.08803818374872208, 0.28367936611175537, -0.1363716870546341, -0.06521318107843399, -0.14080169796943665, 0.6639845371246338]","[0.085520438849926, 0.134766086935997, 0.1244770959019661, 0.04034336283802986, 0.03117096982896328, 0.19982348382472992, 0.7488941550254822]",0.049787066876888275,-3.0,-3.0,0.1478794664144516,0.01112073939293623,0.011947421357035637,0.013622619211673737,0.01383798848837614,"{""critic_optimizer_updates"": 2000, ""actor_optimizer_updates_0"": 2, ""actor_optimizer_updates_1"": 2, ""actor_optimizer_steps_total"": 4, ""alpha_optimizer_updates"": 2}",-3.131948947906494,2.1975388526916504,0.6229655742645264,3.719773292541504,0.878682017326355
A_fixed_critic,3,0.02712162584066391,0.027206042781472206,"[0.21259883046150208, 0.1260988861322403, 0.318776935338974, 0.13119491934776306, 0.09989264607429504, 0.14066678285598755, 0.6638385057449341]","[0.08180507272481918, 0.1442103385925293, 0.10340134799480438, 0.05642324313521385, 0.04112306982278824, 0.23874880373477936, 0.7489736676216125]",0.049787066876888275,-3.0,-3.0,0.145647332072258,0.029733262956142426,0.029862234368920326,"[-0.11476781964302063, 0.13293489813804626, 0.37538033723831177, -0.2013823390007019, -0.0945286899805069, -0.17897367477416992, 0.6639896631240845]","[0.09195730835199356, 0.13992899656295776, 0.11797361820936203, 0.05844413489103317, 0.03644590452313423, 0.19632373750209808, 0.7488723397254944]",0.049787066876888275,-3.0,-3.0,0.1478794664144516,0.024299507960677147,0.02508394606411457,0.02944161742925644,0.02958417497575283,"{""critic_optimizer_updates"": 2000, ""actor_optimizer_updates_0"": 3, ""actor_optimizer_updates_1"": 3, ""actor_optimizer_steps_total"": 6, ""alpha_optimizer_updates"": 3}",-3.131948947906494,2.1975388526916504,0.6229655742645264,3.719773292541504,0.878682017326355
A_fixed_critic,4,0.04643099755048752,0.04647860676050186,"[0.26908057928085327, 0.1659950315952301, 0.38992786407470703, 0.16982117295265198, 0.12680190801620483, 0.2060546576976776, 0.6638283729553223]","[0.08474274724721909, 0.14966639876365662, 0.0972590297460556, 0.06927569210529327, 0.049078527837991714, 0.2475431263446808, 0.7489623427391052]",0.049787066876888275,-3.0,-3.0,0.1450892984867096,0.04992399364709854,0.05002574622631073,"[-0.1623804271221161, 0.17671099305152893, 0.4579848051071167, -0.2640824019908905, -0.1155010312795639, -0.21593505144119263, 0.6639992594718933]","[0.09980130940675735, 0.1455945074558258, 0.11228165775537491, 0.07474195957183838, 0.03977520391345024, 0.19373221695423126, 0.7488421201705933]",0.049787066876888275,-3.0,-3.0,0.1478794664144516,0.041765037924051285,0.042510759085416794,0.04952993616461754,0.0496075414121151,"{""critic_optimizer_updates"": 2000, ""actor_optimizer_updates_0"": 4, ""actor_optimizer_updates_1"": 4, ""actor_optimizer_steps_total"": 8, ""alpha_optimizer_updates"": 4}",-3.131948947906494,2.1975388526916504,0.6229655742645264,3.719773292541504,0.878682017326355
A_fixed_critic,5,0.06914117187261581,0.06916024535894394,"[0.3228168785572052, 0.20396244525909424, 0.45440250635147095, 0.20641876757144928, 0.14980226755142212, 0.2703680396080017, 0.6638191938400269]","[0.08876337110996246, 0.15513861179351807, 0.09438344091176987, 0.08067821711301804, 0.05648718401789665, 0.25468936562538147, 0.7489482164382935]",0.049787066876888275,-3.0,-3.0,0.14453125,0.07308226078748703,0.07315494865179062,"[-0.2086986005306244, 0.21956424415111542, 0.5309971570968628, -0.32376575469970703, -0.13008128106594086, -0.2517339587211609, 0.6640108227729797]","[0.10806770622730255, 0.15165357291698456, 0.10708015412092209, 0.08864336460828781, 0.04305751621723175, 0.1920991688966751, 0.748806893825531]",0.049787066876888275,-3.0,-3.0,0.1478794664144516,0.062432512640953064,0.06314481794834137,0.07269443571567535,0.07270821928977966,"{""critic_optimizer_updates"": 2000, ""actor_optimizer_updates_0"": 5, ""actor_optimizer_updates_1"": 5, ""actor_optimizer_steps_total"": 10, ""alpha_optimizer_updates"": 5}",-3.131948947906494,2.1975388526916504,0.6229655742645264,3.719773292541504,0.878682017326355
A_fixed_critic,6,0.09423541277647018,0.09424037486314774,"[0.37388157844543457, 0.24056540429592133, 0.5120573043823242, 0.24130865931510925, 0.16755983233451843, 0.3330235779285431, 0.6638079285621643]","[0.09317757934331894, 0.16029712557792664, 0.09323503822088242, 0.09050252288579941, 0.06326764076948166, 0.2596164643764496, 0.7489312291145325]",0.049787066876888275,-3.0,-3.0,0.1434151828289032,0.09809546917676926,0.09813954681158066,"[-0.25386783480644226, 0.2625829875469208, 0.5937429666519165, -0.3807017207145691, -0.13879799842834473, -0.2854657471179962, 0.6640269756317139]","[0.11632321774959564, 0.15744633972644806, 0.10223876684904099, 0.09991313517093658, 0.047780029475688934, 0.191182479262352, 0.7487615346908569]",0.049787066876888275,-3.0,-3.0,0.1478794664144516,0.08539573103189468,0.08608674257993698,0.09784888476133347,0.09780485928058624,"{""critic_optimizer_updates"": 2000, ""actor_optimizer_updates_0"": 6, ""actor_optimizer_updates_1"": 6, ""actor_optimizer_steps_total"": 12, ""alpha_optimizer_updates"": 6}",-3.131948947906494,2.1975388526916504,0.6229655742645264,3.719773292541504,0.878682017326355
A_fixed_critic,7,0.12089803069829941,0.12090269476175308,"[0.4220740795135498, 0.2763766646385193, 0.5643336772918701, 0.27504003047943115, 0.17915543913841248, 0.39227113127708435, 0.6637948155403137]","[0.09750594198703766, 0.16513089835643768, 0.0929744765162468, 0.0994134396314621, 0.06963396072387695, 0.26203763484954834, 0.7489100098609924]",0.049787066876888275,-3.0,-3.0,0.1428571492433548,0.12439167499542236,0.12440548837184906,"[-0.29789358377456665, 0.3046724200248718, 0.6477494239807129, -0.4349515736103058, -0.14467591047286987, -0.31764423847198486, 0.6640468835830688]","[0.12405189126729965, 0.16274933516979218, 0.09765614569187164, 0.10854475200176239, 0.054831936955451965, 0.1906007081270218, 0.7487063407897949]",0.049787066876888275,-3.0,-3.0,0.1484375,0.10995863378047943,0.11064281314611435,0.12439481914043427,0.12430176138877869,"{""critic_optimizer_updates"": 2000, ""actor_optimizer_updates_0"": 7, ""actor_optimizer_updates_1"": 7, ""actor_optimizer_steps_total"": 14, ""alpha_optimizer_updates"": 7}",-3.131948947906494,2.1975388526916504,0.6229655742645264,3.719773292541504,0.878682017326355
A_fixed_critic,8,0.1477498710155487,0.14776833355426788,"[0.4662633538246155, 0.31027594208717346, 0.6102388501167297, 0.30648964643478394, 0.1849941611289978, 0.44718384742736816, 0.6637723445892334]","[0.10103508085012436, 0.16931945085525513, 0.09295003116130829, 0.10739565640687943, 0.07586655020713806, 0.26146361231803894, 0.7488848567008972]",0.049787066876888275,-3.0,-3.0,0.1428571492433548,0.15068332850933075,0.15067309141159058,"[-0.3383943736553192, 0.34442415833473206, 0.6935122013092041, -0.4852532744407654, -0.152099609375, -0.3458021879196167, 0.6640670299530029]","[0.13068217039108276, 0.16725213825702667, 0.0931568518280983, 0.1143362745642662, 0.06341808289289474, 0.1902199238538742, 0.7486440539360046]",0.049787066876888275,-3.0,-3.0,0.1489955484867096,0.134894460439682,0.13559269905090332,0.15092015266418457,0.15078650414943695,"{""critic_optimizer_updates"": 2000, ""actor_optimizer_updates_0"": 8, ""actor_optimizer_updates_1"": 8, ""actor_optimizer_steps_total"": 16, ""alpha_optimizer_updates"": 8}",-3.131948947906494,2.1975388526916504,0.6229655742645264,3.719773292541504,0.878682017326355
A_fixed_critic,9,0.174279123544693,0.17432370781898499,"[0.5068274736404419, 0.34171557426452637, 0.6502453088760376, 0.33581581711769104, 0.18662646412849426, 0.49845412373542786, 0.663743793964386]","[0.10377688705921173, 0.17270758748054504, 0.09256426990032196, 0.11435391008853912, 0.08242236077785492, 0.2576001286506653, 0.7488545775413513]",0.049787066876888275,-3.0,-3.0,0.1434151828289032,0.17656928300857544,0.17654569447040558,"[-0.3755856156349182, 0.38185712695121765, 0.7321481704711914, -0.531705379486084, -0.1644771695137024, -0.37043651938438416, 0.6640872955322266]","[0.13605281710624695, 0.17102918028831482, 0.08877580612897873, 0.11768446117639542, 0.07183675467967987, 0.18977926671504974, 0.7485765218734741]",0.049787066876888275,-3.0,-3.0,0.1489955484867096,0.15971660614013672,0.16043837368488312,0.17699068784713745,0.1768266260623932,"{""critic_optimizer_updates"": 2000, ""actor_optimizer_updates_0"": 9, ""actor_optimizer_updates_1"": 9, ""actor_optimizer_steps_total"": 18, ""alpha_optimizer_updates"": 9}",-3.131948947906494,2.1975388526916504,0.6229655742645264,3.719773292541504,0.878682017326355
A_fixed_critic,10,0.1997775286436081,0.19985614717006683,"[0.5433428287506104, 0.3708568513393402, 0.6851375699043274, 0.36270272731781006, 0.18272697925567627, 0.545555591583252, 0.6637069582939148]","[0.10567690432071686, 0.17535188794136047, 0.09163891524076462, 0.12050420790910721, 0.0894819125533104, 0.250238835811615, 0.7488189935684204]",0.049787066876888275,-3.0,-3.0,0.1439732164144516,0.20149646699428558,0.2014675736427307,"[-0.4092063903808594, 0.41709011793136597, 0.7648109197616577, -0.5740815997123718, -0.18118862807750702, -0.3907466530799866, 0.6641052961349487]","[0.14023473858833313, 0.17405863106250763, 0.0843142494559288, 0.1189391165971756, 0.07915397733449936, 0.18906636536121368, 0.748507022857666]",0.049787066876888275,-3.0,-3.0,0.1501116156578064,0.18378442525863647,0.18453523516654968,0.2020750492811203,0.20189078152179718,"{""critic_optimizer_updates"": 2000, ""actor_optimizer_updates_0"": 10, ""actor_optimizer_updates_1"": 10, ""actor_optimizer_steps_total"": 20, ""alpha_optimizer_updates"": 10}",-3.131948947906494,2.1975388526916504,0.6229655742645264,3.719773292541504,0.878682017326355
A_fixed_critic,11,0.2239183783531189,0.22403687238693237,"[0.5761145353317261, 0.39787495136260986, 0.7154566049575806, 0.3870019316673279, 0.17517581582069397, 0.5881786942481995, 0.6636571884155273]","[0.10682428628206253, 0.17725466191768646, 0.09019298851490021, 0.12601807713508606, 0.09712380170822144, 0.23946881294250488, 0.7487764954566956]",0.049787066876888275,-3.0,-3.0,0.145647332072258,0.22514478862285614,0.22511650621891022,"[-0.43939560651779175, 0.44981735944747925, 0.792382538318634, -0.6125853657722473, -0.2004719078540802, -0.40733784437179565, 0.6641210913658142]","[0.14333947002887726, 0.17630553245544434, 0.07979881018400192, 0.11847682297229767, 0.08572778850793839, 0.18821881711483002, 0.7484334707260132]",0.049787066876888275,-3.0,-3.0,0.1512276828289032,0.2068299949169159,0.20761817693710327,0.2258705347776413,0.2256733626127243,"{""critic_optimizer_updates"": 2000, ""actor_optimizer_updates_0"": 11, ""actor_optimizer_updates_1"": 11, ""actor_optimizer_steps_total"": 22, ""alpha_optimizer_updates"": 11}",-3.131948947906494,2.1975388526916504,0.6229655742645264,3.719773292541504,0.878682017326355
A_fixed_critic,12,0.24671044945716858,0.2468736320734024,"[0.6056420207023621, 0.4226812422275543, 0.7419576048851013, 0.40899473428726196, 0.1648234724998474, 0.6269485950469971, 0.6635953187942505]","[0.10732302814722061, 0.1785239279270172, 0.08829884231090546, 0.1309434026479721, 0.10546540468931198, 0.22531753778457642, 0.7487272024154663]",0.049787066876888275,-3.0,-3.0,0.145647332072258,0.24759450554847717,0.24757258594036102,"[-0.4667383134365082, 0.48058342933654785, 0.8158391714096069, -0.6475012302398682, -0.22286781668663025, -0.42035555839538574, 0.6641336679458618]","[0.14560642838478088, 0.17777061462402344, 0.07527656853199005, 0.11671900004148483, 0.09141626954078674, 0.1873513013124466, 0.7483581304550171]",0.049787066876888275,-3.0,-3.0,0.153459832072258,0.22885020077228546,0.22968055307865143,0.24844589829444885,0.24824154376983643,"{""critic_optimizer_updates"": 2000, ""actor_optimizer_updates_0"": 12, ""actor_optimizer_updates_1"": 12, ""actor_optimizer_steps_total"": 24, ""alpha_optimizer_updates"": 12}",-3.131948947906494,2.1975388526916504,0.6229655742645264,3.719773292541504,0.878682017326355
A_fixed_critic,13,0.26773756742477417,0.26794663071632385,"[0.6317567825317383, 0.4449182152748108, 0.76472008228302, 0.4281892776489258, 0.15200676023960114, 0.6618577241897583, 0.6635154485702515]","[0.10727204382419586, 0.17924590408802032, 0.08612722158432007, 0.1353975087404251, 0.11406109482049942, 0.20835427939891815, 0.7486689686775208]",0.049787066876888275,-3.0,-3.0,0.1473214328289032,0.2683933973312378,0.26838135719299316,"[-0.49086546897888184, 0.5086244344711304, 0.83571457862854, -0.6789690852165222, -0.24648940563201904, -0.42958709597587585, 0.6641374826431274]","[0.1471492499113083, 0.17852391302585602, 0.07088885456323624, 0.11394003033638, 0.09647722542285919, 0.18658073246479034, 0.7482879757881165]",0.049787066876888275,-3.0,-3.0,0.1584821492433548,0.24940423667430878,0.25027963519096375,0.26938343048095703,0.269176185131073,"{""critic_optimizer_updates"": 2000, ""actor_optimizer_updates_0"": 13, ""actor_optimizer_updates_1"": 13, ""actor_optimizer_steps_total"": 26, ""alpha_optimizer_updates"": 13}",-3.131948947906494,2.1975388526916504,0.6229655742645264,3.719773292541504,0.878682017326355
A_fixed_critic,14,0.28709515929222107,0.28734904527664185,"[0.6548668146133423, 0.46478259563446045, 0.7845524549484253, 0.4448261857032776, 0.13785521686077118, 0.6929314136505127, 0.6634137630462646]","[0.10682366043329239, 0.1796020269393921, 0.08377676457166672, 0.139515221118927, 0.12309684604406357, 0.1897495985031128, 0.7485997676849365]",0.049787066876888275,-3.0,-3.0,0.149553582072258,0.28766390681266785,0.28766533732414246,"[-0.5121347904205322, 0.5340936183929443, 0.8526885509490967, -0.7073515057563782, -0.27150750160217285, -0.43555694818496704, 0.6641336679458618]","[0.1481875628232956, 0.17868661880493164, 0.06667885929346085, 0.11046063899993896, 0.10104227811098099, 0.18593354523181915, 0.74821937084198]",0.049787066876888275,-3.0,-3.0,0.1623883992433548,0.26848167181015015,0.26940810680389404,0.288819283246994,0.28861236572265625,"{""critic_optimizer_updates"": 2000, ""actor_optimizer_updates_0"": 14, ""actor_optimizer_updates_1"": 14, ""actor_optimizer_steps_total"": 28, ""alpha_optimizer_updates"": 14}",-3.131948947906494,2.1975388526916504,0.6229655742645264,3.719773292541504,0.878682017326355
A_fixed_critic,15,0.3047742545604706,0.30507218837738037,"[0.6751556396484375, 0.4824748635292053, 0.8016029596328735, 0.45883649587631226, 0.12179557979106903, 0.7207605242729187, 0.6632893085479736]","[0.1061667650938034, 0.17972111701965332, 0.08137016743421555, 0.14333006739616394, 0.13242881000041962, 0.17020301520824432, 0.7485185265541077]",0.049787066876888275,-3.0,-3.0,0.1529017984867096,0.3054765462875366,0.3054943084716797,"[-0.530992865562439, 0.5571355819702148, 0.8671481609344482, -0.7327998876571655, -0.29762089252471924, -0.4388549327850342, 0.6641300916671753]","[0.14893078804016113, 0.17827193439006805, 0.06271444261074066, 0.10650964826345444, 0.10497672110795975, 0.18555544316768646, 0.7481371760368347]",0.049787066876888275,-3.0,-3.0,0.1662946492433548,0.28598394989967346,0.28696462512016296,0.3067817687988281,0.30657973885536194,"{""critic_optimizer_updates"": 2000, ""actor_optimizer_updates_0"": 15, ""actor_optimizer_updates_1"": 15, ""actor_optimizer_steps_total"": 30, ""alpha_optimizer_updates"": 15}",-3.131948947906494,2.1975388526916504,0.6229655742645264,3.719773292541504,0.878682017326355
A_fixed_critic,16,0.3207561671733856,0.3210958242416382,"[0.692840039730072, 0.49784404039382935, 0.8161455392837524, 0.47021129727363586, 0.10466624796390533, 0.7455273866653442, 0.6631315350532532]","[0.10534367710351944, 0.1795758157968521, 0.0790308266878128, 0.14696060121059418, 0.14205551147460938, 0.15095344185829163, 0.7484222054481506]",0.049787066876888275,-3.0,-3.0,0.1545758992433548,0.3215866684913635,0.32162103056907654,"[-0.5473839640617371, 0.577975332736969, 0.8794571161270142, -0.7554693222045898, -0.32259684801101685, -0.43907755613327026, 0.6641146540641785]","[0.14943847060203552, 0.17730212211608887, 0.0590384379029274, 0.10227014869451523, 0.10872063040733337, 0.1855190098285675, 0.7480575442314148]",0.049787066876888275,-3.0,-3.0,0.1702008992433548,0.30185937881469727,0.30289146304130554,0.32300668954849243,0.3228086233139038,"{""critic_optimizer_updates"": 2000, ""actor_optimizer_updates_0"": 16, ""actor_optimizer_updates_1"": 16, ""actor_optimizer_steps_total"": 32, ""alpha_optimizer_updates"": 16}",-3.131948947906494,2.1975388526916504,0.6229655742645264,3.719773292541504,0.878682017326355
A_fixed_critic,17,0.3351385295391083,0.33551666140556335,"[0.7082969546318054, 0.5112335681915283, 0.8285795450210571, 0.47938740253448486, 0.0875081792473793, 0.7672525644302368, 0.6629353761672974]","[0.10442662984132767, 0.17921628057956696, 0.07682681828737259, 0.1505015343427658, 0.15149444341659546, 0.13361410796642303, 0.7483096718788147]",0.049787066876888275,-3.0,-3.0,0.157366082072258,0.33617064356803894,0.33622199296951294,"[-0.561559796333313, 0.596879780292511, 0.8900158405303955, -0.775680661201477, -0.3467046022415161, -0.43662816286087036, 0.6640928387641907]","[0.1497834473848343, 0.17590883374214172, 0.05563635006546974, 0.09789744764566422, 0.11235210299491882, 0.1857248991727829, 0.7479705214500427]",0.049787066876888275,-3.0,-3.0,0.176897332072258,0.3161732852458954,0.31725427508354187,0.33765432238578796,0.337460458278656,"{""critic_optimizer_updates"": 2000, ""actor_optimizer_updates_0"": 17, ""actor_optimizer_updates_1"": 17, ""actor_optimizer_steps_total"": 34, ""alpha_optimizer_updates"": 17}",-3.131948947906494,2.1975388526916504,0.6229655742645264,3.719773292541504,0.878682017326355
A_fixed_critic,18,0.3478222191333771,0.34823426604270935,"[0.7216794490814209, 0.522273063659668, 0.8391754031181335, 0.4862353801727295, 0.07106264680624008, 0.7861287593841553, 0.6626983880996704]","[0.10354781150817871, 0.17890582978725433, 0.0747937336564064, 0.15401625633239746, 0.1605166494846344, 0.11905943602323532, 0.7481759190559387]",0.049787066876888275,-3.0,-3.0,0.1579241156578064,0.3491871953010559,0.3492547869682312,"[-0.5736557245254517, 0.6137992143630981, 0.8990927934646606, -0.7937780618667603, -0.36910322308540344, -0.4315340518951416, 0.6640506982803345]","[0.15009698271751404, 0.17423762381076813, 0.05251840502023697, 0.0934823527932167, 0.1159309521317482, 0.1862303763628006, 0.7478938698768616]",0.049787066876888275,-3.0,-3.0,0.1852678656578064,0.3288406729698181,0.32996225357055664,0.3507162928581238,0.35052502155303955,"{""critic_optimizer_updates"": 2000, ""actor_optimizer_updates_0"": 18, ""actor_optimizer_updates_1"": 18, ""actor_optimizer_steps_total"": 36, ""alpha_optimizer_updates"": 18}",-3.131948947906494,2.1975388526916504,0.6229655742645264,3.719773292541504,0.878682017326355
A_fixed_critic,19,0.35886940360069275,0.35931098461151123,"[0.7332715392112732, 0.5311745405197144, 0.8481481671333313, 0.4908826947212219, 0.0568031370639801, 0.8024129867553711, 0.6624164581298828]","[0.1027362048625946, 0.1786545068025589, 0.07297021150588989, 0.15757767856121063, 0.1690831482410431, 0.10762358456850052, 0.748018205165863]",0.049787066876888275,-3.0,-3.0,0.1607142984867096,0.3605233430862427,0.3606061041355133,"[-0.5836719274520874, 0.6287343502044678, 0.9068446755409241, -0.8098747730255127, -0.3896224796772003, -0.4234541058540344, 0.6639927625656128]","[0.15046875178813934, 0.17237237095832825, 0.04970190301537514, 0.08915836364030838, 0.1190299540758133, 0.18700499832630157, 0.7478175759315491]",0.049787066876888275,-3.0,-3.0,0.1908482164144516,0.3399433493614197,0.3411027491092682,0.3620738089084625,0.3618844449520111,"{""critic_optimizer_updates"": 2000, ""actor_optimizer_updates_0"": 19, ""actor_optimizer_updates_1"": 19, ""actor_optimizer_steps_total"": 38, ""alpha_optimizer_updates"": 19}",-3.131948947906494,2.1975388526916504,0.6229655742645264,3.719773292541504,0.878682017326355
A_fixed_critic,20,0.36818721890449524,0.36865296959877014,"[0.7431665658950806, 0.5382215976715088, 0.8557902574539185, 0.493413507938385, 0.042474813759326935, 0.8159525394439697, 0.662074089050293]","[0.10199976712465286, 0.17850124835968018, 0.07135193049907684, 0.16116534173488617, 0.17735983431339264, 0.09945974498987198, 0.7478360533714294]",0.049787066876888275,-3.0,-3.0,0.1662946492433548,0.3705923855304718,0.3706894814968109,"[-0.5921039581298828, 0.6422359347343445, 0.913567066192627, -0.8242614269256592, -0.40875378251075745, -0.41335538029670715, 0.6639102101325989]","[0.1509029120206833, 0.1703471690416336, 0.047138139605522156, 0.08497561514377594, 0.12187404930591583, 0.188060000538826, 0.7477483749389648]",0.049787066876888275,-3.0,-3.0,0.1997767984867096,0.34936103224754333,0.3505561947822571,0.37215930223464966,0.3719698190689087,"{""critic_optimizer_updates"": 2000, ""actor_optimizer_updates_0"": 20, ""actor_optimizer_updates_1"": 20, ""actor_optimizer_steps_total"": 40, ""alpha_optimizer_updates"": 20}",-3.131948947906494,2.1975388526916504,0.6229655742645264,3.719773292541504,0.878682017326355
A_fixed_critic,21,0.3758518397808075,0.3763372004032135,"[0.7515524625778198, 0.5433382987976074, 0.8621952533721924, 0.49395695328712463, 0.030750222504138947, 0.827103316783905, 0.6616535186767578]","[0.1013820469379425, 0.17854043841362, 0.06997090578079224, 0.16479545831680298, 0.18500319123268127, 0.093810074031353, 0.7476251721382141]",0.049787066876888275,-3.0,-3.0,0.1696428656578064,0.37907207012176514,0.37918126583099365,"[-0.598859429359436, 0.6541597843170166, 0.9193466901779175, -0.8370557427406311, -0.42465418577194214, -0.40063273906707764, 0.6638044714927673]","[0.1514778584241867, 0.16832292079925537, 0.04483763501048088, 0.08099967241287231, 0.1246584877371788, 0.18940380215644836, 0.747674822807312]",0.049787066876888275,-3.0,-3.0,0.2087053656578064,0.35716691613197327,0.3583964407444,0.38066014647483826,0.3804683983325958,"{""critic_optimizer_updates"": 2000, ""actor_optimizer_updates_0"": 21, ""actor_optimizer_updates_1"": 21, ""actor_optimizer_steps_total"": 42, ""alpha_optimizer_updates"": 21}",-3.131948947906494,2.1975388526916504,0.6229655742645264,3.719773292541504,0.878682017326355
A_fixed_critic,22,0.382108598947525,0.38261014223098755,"[0.7586369514465332, 0.5468319654464722, 0.867534875869751, 0.49305295944213867, 0.020634662359952927, 0.8363076448440552, 0.6611573696136475]","[0.10094642639160156, 0.17875206470489502, 0.0688227117061615, 0.16851337254047394, 0.1919543594121933, 0.0899326503276825, 0.7473838925361633]",0.049787066876888275,-3.0,-3.0,0.1735491156578064,0.38624703884124756,0.38636699318885803,"[-0.6041035652160645, 0.6646913290023804, 0.9243468046188354, -0.8484384417533875, -0.43859386444091797, -0.38555389642715454, 0.6636760830879211]","[0.15230393409729004, 0.16639341413974762, 0.04277777671813965, 0.07726167887449265, 0.12733367085456848, 0.19104143977165222, 0.747588038444519]",0.049787066876888275,-3.0,-3.0,0.2154017984867096,0.3635900616645813,0.36484798789024353,0.38787463307380676,0.3876799941062927,"{""critic_optimizer_updates"": 2000, ""actor_optimizer_updates_0"": 22, ""actor_optimizer_updates_1"": 22, ""actor_optimizer_steps_total"": 44, ""alpha_optimizer_updates"": 22}",-3.131948947906494,2.1975388526916504,0.6229655742645264,3.719773292541504,0.878682017326355
A_fixed_critic,23,0.38694921135902405,0.38746345043182373,"[0.7644641995429993, 0.5486844778060913, 0.871910572052002, 0.49060600996017456, 0.013608010485768318, 0.8437703251838684, 0.6605744361877441]","[0.1006995290517807, 0.17930005490779877, 0.06791168451309204, 0.17230261862277985, 0.19758453965187073, 0.08731455355882645, 0.747105598449707]",0.049787066876888275,-3.0,-3.0,0.1802455484867096,0.39227432012557983,0.3924033045768738,"[-0.6079591512680054, 0.673978865146637, 0.9286662936210632, -0.8585832715034485, -0.45031657814979553, -0.36931610107421875, 0.6635107398033142]","[0.15333525836467743, 0.16452856361865997, 0.04094574600458145, 0.07376032322645187, 0.12987813353538513, 0.19283515214920044, 0.747501015663147]",0.049787066876888275,-3.0,-3.0,0.2209821492433548,0.368631511926651,0.3699133098125458,0.393960565328598,0.3937617242336273,"{""critic_optimizer_updates"": 2000, ""actor_optimizer_updates_0"": 23, ""actor_optimizer_updates_1"": 23, ""actor_optimizer_steps_total"": 46, ""alpha_optimizer_updates"": 23}",-3.131948947906494,2.1975388526916504,0.6229655742645264,3.719773292541504,0.878682017326355
A_fixed_critic,24,0.3905809819698334,0.39110511541366577,"[0.7691977024078369, 0.5490161180496216, 0.8754728436470032, 0.4866607189178467, 0.0075119794346392155, 0.8498914241790771, 0.6598882079124451]","[0.10061144828796387, 0.18011997640132904, 0.06721490621566772, 0.17616944015026093, 0.20254983007907867, 0.08551527559757233, 0.7467893362045288]",0.049787066876888275,-3.0,-3.0,0.1863839328289032,0.39712750911712646,0.39726346731185913,"[-0.6105376482009888, 0.6820535063743591, 0.9323925971984863, -0.8676255941390991, -0.45967555046081543, -0.3512418866157532, 0.6632999181747437]","[0.15459595620632172, 0.16282494366168976, 0.03932273015379906, 0.07049272954463959, 0.13238553702831268, 0.19477765262126923, 0.7474175095558167]",0.049787066876888275,-3.0,-3.0,0.2293526828289032,0.3724825978279114,0.37378689646720886,0.39890292286872864,0.3986990749835968,"{""critic_optimizer_updates"": 2000, ""actor_optimizer_updates_0"": 24, ""actor_optimizer_updates_1"": 24, ""actor_optimizer_steps_total"": 48, ""alpha_optimizer_updates"": 24}",-3.131948947906494,2.1975388526916504,0.6229655742645264,3.719773292541504,0.878682017326355
A_fixed_critic,25,0.3929949104785919,0.3935262858867645,"[0.7728351354598999, 0.5477463006973267, 0.878264844417572, 0.481320321559906, 0.004569241311401129, 0.8546773791313171, 0.6590668559074402]","[0.10071774572134018, 0.1812742054462433, 0.06675107777118683, 0.18012607097625732, 0.20673753321170807, 0.08438023179769516, 0.7464286088943481]",0.049787066876888275,-3.0,-3.0,0.1897321492433548,0.4008370041847229,0.4009779095649719,"[-0.6115890145301819, 0.6889059543609619, 0.9355825185775757, -0.8756566047668457, -0.4667636454105377, -0.3316841125488281, 0.6630316972732544]","[0.15616591274738312, 0.16135451197624207, 0.03790229186415672, 0.06747765839099884, 0.13482658565044403, 0.19690567255020142, 0.7473261952400208]",0.049787066876888275,-3.0,-3.0,0.2343750149011612,0.3751301169395447,0.3764582872390747,0.4027411639690399,0.40253204107284546,"{""critic_optimizer_updates"": 2000, ""actor_optimizer_updates_0"": 25, ""actor_optimizer_updates_1"": 25, ""actor_optimizer_steps_total"": 50, ""alpha_optimizer_updates"": 25}",-3.131948947906494,2.1975388526916504,0.6229655742645264,3.719773292541504,0.878682017326355
A_fixed_critic,26,0.39433538913726807,0.39487165212631226,"[0.7755284309387207, 0.5449695587158203, 0.8804094195365906, 0.4746662378311157, 0.0038311611860990524, 0.8584229946136475, 0.6581346988677979]","[0.10101281106472015, 0.18279153108596802, 0.06647990643978119, 0.18410661816596985, 0.20982587337493896, 0.08369897305965424, 0.7460269331932068]",0.049787066876888275,-3.0,-3.0,0.192522332072258,0.4034437835216522,0.4035874009132385,"[-0.6112614274024963, 0.6947808265686035, 0.9383057951927185, -0.8828116059303284, -0.4710990786552429, -0.31028905510902405, 0.6626954674720764]","[0.158030703663826, 0.1600416749715805, 0.03667100891470909, 0.06469199061393738, 0.13742969930171967, 0.19923031330108643, 0.7472280859947205]",0.049787066876888275,-3.0,-3.0,0.243303582072258,0.37671419978141785,0.3780566155910492,0.4055251479148865,0.40531033277511597,"{""critic_optimizer_updates"": 2000, ""actor_optimizer_updates_0"": 26, ""actor_optimizer_updates_1"": 26, ""actor_optimizer_steps_total"": 52, ""alpha_optimizer_updates"": 26}",-3.131948947906494,2.1975388526916504,0.6229655742645264,3.719773292541504,0.878682017326355
A_fixed_critic,27,0.3948476016521454,0.3953869044780731,"[0.7774478197097778, 0.5411715507507324, 0.8820408582687378, 0.46707218885421753, 0.003864467144012451, 0.8612732887268066, 0.6570603847503662]","[0.1014617457985878, 0.18452906608581543, 0.06636683642864227, 0.1880892813205719, 0.21203301846981049, 0.08336727321147919, 0.745578408241272]",0.049787066876888275,-3.0,-3.0,0.1947544664144516,0.40551459789276123,0.40566033124923706,"[-0.6099198460578918, 0.6998500823974609, 0.9406660795211792, -0.8892139792442322, -0.47484058141708374, -0.2887188792228699, 0.6623010039329529]","[0.16016435623168945, 0.1589052826166153, 0.03558856248855591, 0.06211003288626671, 0.13993242383003235, 0.20153312385082245, 0.7470985054969788]",0.049787066876888275,-3.0,-3.0,0.2466517984867096,0.377451092004776,0.378805935382843,0.4077814817428589,0.4075624346733093,"{""critic_optimizer_updates"": 2000, ""actor_optimizer_updates_0"": 27, ""actor_optimizer_updates_1"": 27, ""actor_optimizer_steps_total"": 54, ""alpha_optimizer_updates"": 27}",-3.131948947906494,2.1975388526916504,0.6229655742645264,3.719773292541504,0.878682017326355
A_fixed_critic,28,0.3945145308971405,0.3950551152229309,"[0.7785710096359253, 0.536224365234375, 0.883143424987793, 0.45828989148139954, 0.004537263885140419, 0.8632859587669373, 0.6558148264884949]","[0.10205257683992386, 0.1864486038684845, 0.06641671061515808, 0.19206829369068146, 0.21362705528736115, 0.08333118259906769, 0.7450788021087646]",0.049787066876888275,-3.0,-3.0,0.1947544664144516,0.4067972004413605,0.406943142414093,"[-0.6073222756385803, 0.7040733695030212, 0.942658007144928, -0.8949265480041504, -0.47648271918296814, -0.2667616605758667, 0.6618196964263916]","[0.16258388757705688, 0.1579470932483673, 0.03465979918837547, 0.05973310023546219, 0.14249397814273834, 0.20380717515945435, 0.7469412684440613]",0.049787066876888275,-3.0,-3.0,0.2516741156578064,0.37731418013572693,0.37868157029151917,0.40926188230514526,0.40903931856155396,"{""critic_optimizer_updates"": 2000, ""actor_optimizer_updates_0"": 28, ""actor_optimizer_updates_1"": 28, ""actor_optimizer_steps_total"": 56, ""alpha_optimizer_updates"": 28}",-3.131948947906494,2.1975388526916504,0.6229655742645264,3.719773292541504,0.878682017326355
A_fixed_critic,29,0.3935852646827698,0.39412644505500793,"[0.7790984511375427, 0.5306557416915894, 0.8838075399398804, 0.4487721025943756, 0.008008946664631367, 0.8646143674850464, 0.654435396194458]","[0.1027778685092926, 0.1883910745382309, 0.06661592423915863, 0.19602127373218536, 0.21453218162059784, 0.08355527371168137, 0.7445311546325684]",0.049787066876888275,-3.0,-3.0,0.1941964328289032,0.4076443612575531,0.40778911113739014,"[-0.6037014126777649, 0.707599401473999, 0.9443451762199402, -0.9000416398048401, -0.4769987463951111, -0.24658893048763275, 0.6612423658370972]","[0.16527658700942993, 0.15713535249233246, 0.03386130928993225, 0.05754595994949341, 0.14517761766910553, 0.20596198737621307, 0.7467394471168518]",0.049787066876888275,-3.0,-3.0,0.256138414144516,0.3765846788883209,0.37795668840408325,0.41031721234321594,0.41009247303009033,"{""critic_optimizer_updates"": 2000, ""actor_optimizer_updates_0"": 29, ""actor_optimizer_updates_1"": 29, ""actor_optimizer_steps_total"": 58, ""alpha_optimizer_updates"": 29}",-3.131948947906494,2.1975388526916504,0.6229655742645264,3.719773292541504,0.878682017326355
A_fixed_critic,30,0.3920395076274872,0.3925801217556,"[0.7789883613586426, 0.5243256092071533, 0.8840341567993164, 0.4384556710720062, 0.012083937413990498, 0.8652617931365967, 0.6529449224472046]","[0.10364453494548798, 0.19039306044578552, 0.0669725239276886, 0.1998843550682068, 0.21485541760921478, 0.0840197280049324, 0.743946373462677]",0.049787066876888275,-3.0,-3.0,0.1936383992433548,0.4077085852622986,0.4078497588634491,"[-0.5987909436225891, 0.7103374004364014, 0.9457504153251648, -0.9046098589897156, -0.47523364424705505, -0.22585266828536987, 0.6605304479598999]","[0.16829384863376617, 0.1565331220626831, 0.033189356327056885, 0.0555502288043499, 0.14797843992710114, 0.20808392763137817, 0.7464970946311951]",0.049787066876888275,-3.0,-3.0,0.2583705484867096,0.37522464990615845,0.37659919261932373,0.4106108248233795,0.41038399934768677,"{""critic_optimizer_updates"": 2000, ""actor_optimizer_updates_0"": 30, ""actor_optimizer_updates_1"": 30, ""actor_optimizer_steps_total"": 60, ""alpha_optimizer_updates"": 30}",-3.131948947906494,2.1975388526916504,0.6229655742645264,3.719773292541504,0.878682017326355
A_fixed_critic,31,0.3900417387485504,0.390580952167511,"[0.7783950567245483, 0.5174022316932678, 0.8838937878608704, 0.4275895953178406, 0.01674431748688221, 0.865368127822876, 0.6512768268585205]","[0.10461951792240143, 0.1924268752336502, 0.06746302545070648, 0.2036130726337433, 0.21471792459487915, 0.08468664437532425, 0.743308424949646]",0.049787066876888275,-3.0,-3.0,0.1947544664144516,0.40745535492897034,0.407591849565506,"[-0.5929715037345886, 0.7125071287155151, 0.946922779083252, -0.9086841344833374, -0.47248375415802, -0.20770138502120972, 0.6596763730049133]","[0.17154933512210846, 0.15609242022037506, 0.032621435821056366, 0.05374661833047867, 0.1508544385433197, 0.20984311401844025, 0.7462000846862793]",0.049787066876888275,-3.0,-3.0,0.2622767984867096,0.3733939528465271,0.3747723400592804,0.41058215498924255,0.41035544872283936,"{""critic_optimizer_updates"": 2000, ""actor_optimizer_updates_0"": 31, ""actor_optimizer_updates_1"": 31, ""actor_optimizer_steps_total"": 62, ""alpha_optimizer_updates"": 31}",-3.131948947906494,2.1975388526916504,0.6229655742645264,3.719773292541504,0.878682017326355
A_fixed_critic,32,0.3876328766345978,0.3881700932979584,"[0.7772957682609558, 0.509874165058136, 0.8833937048912048, 0.41629549860954285, 0.022975530475378036, 0.8649652004241943, 0.6493868827819824]","[0.10570600628852844, 0.19447959959506989, 0.06807420402765274, 0.20715908706188202, 0.2142602652311325, 0.08553460240364075, 0.7426085472106934]",0.049787066876888275,-3.0,-3.0,0.1936383992433548,0.4068297743797302,0.4069603383541107,"[-0.5861566066741943, 0.714020848274231, 0.9478749632835388, -0.9123069047927856, -0.46863025426864624, -0.19229602813720703, 0.6586631536483765]","[0.17506563663482666, 0.15586066246032715, 0.032150279730558395, 0.052118901163339615, 0.15378884971141815, 0.21123895049095154, 0.7458392977714539]",0.049787066876888275,-3.0,-3.0,0.2650669813156128,0.37113097310066223,0.3725149929523468,0.4101618528366089,0.4099368155002594,"{""critic_optimizer_updates"": 2000, ""actor_optimizer_updates_0"": 32, ""actor_optimizer_updates_1"": 32, ""actor_optimizer_steps_total"": 64, ""alpha_optimizer_updates"": 32}",-3.131948947906494,2.1975388526916504,0.6229655742645264,3.719773292541504,0.878682017326355
A_fixed_critic,33,0.3849453330039978,0.38548028469085693,"[0.7758461236953735, 0.5021939873695374, 0.8826663494110107, 0.4044882655143738, 0.02932603843510151, 0.8641231656074524, 0.64740389585495]","[0.10686066746711731, 0.19642797112464905, 0.06876353174448013, 0.21057231724262238, 0.21341799199581146, 0.08654818683862686, 0.7418741583824158]",0.049787066876888275,-3.0,-3.0,0.1930803656578064,0.4060384929180145,0.4061618745326996,"[-0.5786086916923523, 0.7150800228118896, 0.9486531019210815, -0.9155539274215698, -0.4645138084888458, -0.180906742811203, 0.6574974060058594]","[0.17873185873031616, 0.15578319132328033, 0.03176022693514824, 0.05063973367214203, 0.15680289268493652, 0.21210123598575592, 0.7454040050506592]",0.049787066876888275,-3.0,-3.0,0.2672991156578064,0.3685799539089203,0.369964063167572,0.4095586836338043,0.409335196018219,"{""critic_optimizer_updates"": 2000, ""actor_optimizer_updates_0"": 33, ""actor_optimizer_updates_1"": 33, ""actor_optimizer_steps_total"": 66, ""alpha_optimizer_updates"": 33}",-3.131948947906494,2.1975388526916504,0.6229655742645264,3.719773292541504,0.878682017326355
A_fixed_critic,34,0.38195663690567017,0.38248875737190247,"[0.7739609479904175, 0.49420133233070374, 0.881637454032898, 0.39249205589294434, 0.03490007668733597, 0.8627831935882568, 0.645458996295929]","[0.10815707594156265, 0.19838473200798035, 0.06956559419631958, 0.2138248085975647, 0.21233294904232025, 0.08776583522558212, 0.7411362528800964]",0.049787066876888275,-3.0,-3.0,0.1869419664144516,0.4050656259059906,0.40518155694007874,"[-0.57020503282547, 0.715607225894928, 0.949248194694519, -0.9184181690216064, -0.46058446168899536, -0.17278189957141876, 0.656182587146759]","[0.18264983594417572, 0.1559295356273651, 0.03146037086844444, 0.04932327941060066, 0.1596430093050003, 0.21262702345848083, 0.7448979616165161]",0.049787066876888275,-3.0,-3.0,0.2672991156578064,0.36571839451789856,0.3670971691608429,0.40875741839408875,0.4085371792316437,"{""critic_optimizer_updates"": 2000, ""actor_optimizer_updates_0"": 34, ""actor_optimizer_updates_1"": 34, ""actor_optimizer_steps_total"": 68, ""alpha_optimizer_updates"": 34}",-3.131948947906494,2.1975388526916504,0.6229655742645264,3.719773292541504,0.878682017326355
A_fixed_critic,35,0.378727525472641,0.37925681471824646,"[0.7716890573501587, 0.4861522316932678, 0.8802926540374756, 0.3804580271244049, 0.04158470034599304, 0.8609570264816284, 0.6435401439666748]","[0.10957207530736923, 0.20020408928394318, 0.07048623263835907, 0.21684204041957855, 0.2107619047164917, 0.08919629454612732, 0.7403926849365234]",0.049787066876888275,-3.0,-3.0,0.1819196492433548,0.4037744700908661,0.40388157963752747,"[-0.5608791708946228, 0.7154840230941772, 0.9496707916259766, -0.9209318161010742, -0.4557962715625763, -0.1693033128976822, 0.6547046303749084]","[0.1867556869983673, 0.15633368492126465, 0.031245021149516106, 0.048162903636693954, 0.16260559856891632, 0.2125965803861618, 0.7443258166313171]",0.049787066876888275,-3.0,-3.0,0.267857164144516,0.36261990666389465,0.3639903664588928,0.40761929750442505,0.40740302205085754,"{""critic_optimizer_updates"": 2000, ""actor_optimizer_updates_0"": 35, ""actor_optimizer_updates_1"": 35, ""actor_optimizer_steps_total"": 70, ""alpha_optimizer_updates"": 35}",-3.131948947906494,2.1975388526916504,0.6229655742645264,3.719773292541504,0.878682017326355
A_fixed_critic,36,0.37523919343948364,0.3757651448249817,"[0.769002377986908, 0.4778677225112915, 0.8786781430244446, 0.368379682302475, 0.04808325320482254, 0.8587070107460022, 0.6414773464202881]","[0.11108212172985077, 0.2019926905632019, 0.07150816172361374, 0.21952559053897858, 0.20858913660049438, 0.0907796174287796, 0.7396097779273987]",0.049787066876888275,-3.0,-3.0,0.1785714328289032,0.4022221863269806,0.4023192226886749,"[-0.5507059097290039, 0.714941143989563, 0.9499409794807434, -0.9231473803520203, -0.45026060938835144, -0.16942034661769867, 0.652941882610321]","[0.19104108214378357, 0.1568795144557953, 0.03109690360724926, 0.047130122780799866, 0.1656568944454193, 0.21235336363315582, 0.7436717748641968]",0.049787066876888275,-3.0,-3.0,0.267857164144516,0.359250009059906,0.3606146574020386,0.40623414516448975,0.4060238003730774,"{""critic_optimizer_updates"": 2000, ""actor_optimizer_updates_0"": 36, ""actor_optimizer_updates_1"": 36, ""actor_optimizer_steps_total"": 72, ""alpha_optimizer_updates"": 36}",-3.131948947906494,2.1975388526916504,0.6229655742645264,3.719773292541504,0.878682017326355
A_fixed_critic,37,0.3716004490852356,0.37212297320365906,"[0.7659684419631958, 0.46952390670776367, 0.8768056631088257, 0.3565453290939331, 0.055682115256786346, 0.8560762405395508, 0.6392977237701416]","[0.11267450451850891, 0.2037048190832138, 0.07262712717056274, 0.22187232971191406, 0.20596614480018616, 0.09250592440366745, 0.7387880682945251]",0.049787066876888275,-3.0,-3.0,0.176897332072258,0.4005666673183441,0.40065261721611023,"[-0.539607048034668, 0.7138254046440125, 0.9500453472137451, -0.9250571131706238, -0.44410544633865356, -0.17808258533477783, 0.6509383320808411]","[0.19540540874004364, 0.15766271948814392, 0.031023425981402397, 0.04622350633144379, 0.1686251014471054, 0.2114485800266266, 0.7429448962211609]",0.049787066876888275,-3.0,-3.0,0.2689732313156128,0.3557187020778656,0.35707977414131165,0.40472808480262756,0.4045261740684509,"{""critic_optimizer_updates"": 2000, ""actor_optimizer_updates_0"": 37, ""actor_optimizer_updates_1"": 37, ""actor_optimizer_steps_total"": 74, ""alpha_optimizer_updates"": 37}",-3.131948947906494,2.1975388526916504,0.6229655742645264,3.719773292541504,0.878682017326355
A_fixed_critic,38,0.36782076954841614,0.3683391809463501,"[0.7627135515213013, 0.46123284101486206, 0.8747654557228088, 0.34476983547210693, 0.061563681811094284, 0.8531162738800049, 0.6372368931770325]","[0.11428674310445786, 0.2053283005952835, 0.07379811257123947, 0.2238542139530182, 0.2030448317527771, 0.0943596214056015, 0.7379839420318604]",0.049787066876888275,-3.0,-3.0,0.1752232164144516,0.39908990263938904,0.39916545152664185,"[-0.5279387831687927, 0.7123775482177734, 0.9500528573989868, -0.9267354607582092, -0.4393385052680969, -0.19120362401008606, 0.6487638354301453]","[0.1997760385274887, 0.15860025584697723, 0.030999477952718735, 0.04542050510644913, 0.17116965353488922, 0.21020939946174622, 0.7421618700027466]",0.049787066876888275,-3.0,-3.0,0.2661830484867096,0.352030485868454,0.35338494181632996,0.4033769965171814,0.4031853973865509,"{""critic_optimizer_updates"": 2000, ""actor_optimizer_updates_0"": 38, ""actor_optimizer_updates_1"": 38, ""actor_optimizer_steps_total"": 76, ""alpha_optimizer_updates"": 38}",-3.131948947906494,2.1975388526916504,0.6229655742645264,3.719773292541504,0.878682017326355
A_fixed_critic,39,0.36391764879226685,0.3644317388534546,"[0.7591432332992554, 0.4530213475227356, 0.8725186586380005, 0.33342769742012024, 0.0671047568321228, 0.8497583866119385, 0.6354056596755981]","[0.11598434299230576, 0.20681944489479065, 0.07503555715084076, 0.22551210224628448, 0.19994646310806274, 0.09639191627502441, 0.7372193336486816]",0.049787066876888275,-3.0,-3.0,0.1713169664144516,0.3975154757499695,0.39758023619651794,"[-0.5158828496932983, 0.7105382084846497, 0.9499536752700806, -0.928223729133606, -0.4344173073768616, -0.2045060247182846, 0.6463648080825806]","[0.20421527326107025, 0.1597045511007309, 0.03102666698396206, 0.04470490664243698, 0.17372846603393555, 0.209010511636734, 0.7413167357444763]",0.049787066876888275,-3.0,-3.0,0.2628348469734192,0.34820884466171265,0.3495524525642395,0.4019193947315216,0.401737779378891,"{""critic_optimizer_updates"": 2000, ""actor_optimizer_updates_0"": 39, ""actor_optimizer_updates_1"": 39, ""actor_optimizer_steps_total"": 78, ""alpha_optimizer_updates"": 39}",-3.131948947906494,2.1975388526916504,0.6229655742645264,3.719773292541504,0.878682017326355
A_fixed_critic,40,0.3599710166454315,0.3604808449745178,"[0.7553533315658569, 0.4453873634338379, 0.870040774345398, 0.3227993845939636, 0.07078073918819427, 0.8460067510604858, 0.6337693929672241]","[0.11771581321954727, 0.20807722210884094, 0.07635285705327988, 0.22686956822872162, 0.19686797261238098, 0.09859663248062134, 0.7364801168441772]",0.049787066876888275,-3.0,-3.0,0.1674107164144516,0.39593759179115295,0.3959919512271881,"[-0.5034063458442688, 0.7084498405456543, 0.9497478008270264, -0.9295269250869751, -0.4302127957344055, -0.21722567081451416, 0.6437681913375854]","[0.20872749388217926, 0.1609099805355072, 0.031106339767575264, 0.04407991096377373, 0.1760415881872177, 0.2079296112060547, 0.7404155731201172]",0.049787066876888275,-3.0,-3.0,0.2594866156578064,0.3443315625190735,0.3456631302833557,0.40044310688972473,0.40027162432670593,"{""critic_optimizer_updates"": 2000, ""actor_optimizer_updates_0"": 40, ""actor_optimizer_updates_1"": 40, ""actor_optimizer_steps_total"": 80, ""alpha_optimizer_updates"": 40}",-3.131948947906494,2.1975388526916504,0.6229655742645264,3.719773292541504,0.878682017326355
A_fixed_critic,41,0.35609105229377747,0.3565968871116638,"[0.7514889240264893, 0.43828338384628296, 0.8674908876419067, 0.31289026141166687, 0.07307879626750946, 0.8420290946960449, 0.6322681903839111]","[0.11942532658576965, 0.2090679109096527, 0.07768012583255768, 0.22800184786319733, 0.1939997375011444, 0.10088150203227997, 0.7357550859451294]",0.049787066876888275,-3.0,-3.0,0.165178582072258,0.39449021220207214,0.394535094499588,"[-0.4908948540687561, 0.7063796520233154, 0.9494895935058594, -0.9307138323783875, -0.4271201491355896, -0.2287585288286209, 0.6408977508544922]","[0.21312911808490753, 0.16207492351531982, 0.03120889887213707, 0.04350581392645836, 0.1779349148273468, 0.20695911347866058, 0.7394434213638306]",0.049787066876888275,-3.0,-3.0,0.2578125,0.34050145745277405,0.3418221175670624,0.3990727365016937,0.3989116847515106,"{""critic_optimizer_updates"": 2000, ""actor_optimizer_updates_0"": 41, ""actor_optimizer_updates_1"": 41, ""actor_optimizer_steps_total"": 82, ""alpha_optimizer_updates"": 41}",-3.131948947906494,2.1975388526916504,0.6229655742645264,3.719773292541504,0.878682017326355
A_fixed_critic,42,0.3522326648235321,0.35273486375808716,"[0.7476264238357544, 0.43183034658432007, 0.8648571372032166, 0.30333411693573, 0.07368741929531097, 0.8378356695175171, 0.6309747695922852]","[0.12108774483203888, 0.2097529023885727, 0.07903026044368744, 0.22889412939548492, 0.19094319641590118, 0.1032647117972374, 0.7350527048110962]",0.049787066876888275,-3.0,-3.0,0.1635044664144516,0.39309975504875183,0.3931361138820648,"[-0.4782910943031311, 0.7043610215187073, 0.9491907358169556, -0.931784987449646, -0.4249967634677887, -0.23837076127529144, 0.6378836035728455]","[0.21741092205047607, 0.16318060457706451, 0.031330227851867676, 0.042984701693058014, 0.1794949769973755, 0.20608706772327423, 0.7384390234947205]",0.049787066876888275,-3.0,-3.0,0.256138414144516,0.33669513463974,0.33800020813941956,0.3977451026439667,0.3975936472415924,"{""critic_optimizer_updates"": 2000, ""actor_optimizer_updates_0"": 42, ""actor_optimizer_updates_1"": 42, ""actor_optimizer_steps_total"": 84, ""alpha_optimizer_updates"": 42}",-3.131948947906494,2.1975388526916504,0.6229655742645264,3.719773292541504,0.878682017326355
A_fixed_critic,43,0.34846535325050354,0.34896454215049744,"[0.743767499923706, 0.4261167347431183, 0.862134575843811, 0.294475793838501, 0.07384742796421051, 0.8333775997161865, 0.630032479763031]","[0.12274619191884995, 0.2102333903312683, 0.08040706068277359, 0.229591965675354, 0.18816004693508148, 0.10578765720129013, 0.7343962788581848]",0.049787066876888275,-3.0,-3.0,0.1629464328289032,0.3915735185146332,0.39160117506980896,"[-0.4656875431537628, 0.7020167708396912, 0.9488192796707153, -0.9327287077903748, -0.42262858152389526, -0.2464745193719864, 0.634881317615509]","[0.22164148092269897, 0.1644182950258255, 0.03149162605404854, 0.0425279475748539, 0.1810978651046753, 0.20540185272693634, 0.7374415993690491]",0.049787066876888275,-3.0,-3.0,0.2533482313156128,0.332999587059021,0.3342818021774292,0.39628466963768005,0.39614084362983704,"{""critic_optimizer_updates"": 2000, ""actor_optimizer_updates_0"": 43, ""actor_optimizer_updates_1"": 43, ""actor_optimizer_steps_total"": 86, ""alpha_optimizer_updates"": 43}",-3.131948947906494,2.1975388526916504,0.6229655742645264,3.719773292541504,0.878682017326355
A_fixed_critic,44,0.34481990337371826,0.3453168272972107,"[0.7398668527603149, 0.42140209674835205, 0.8593138456344604, 0.2868257761001587, 0.07307690382003784, 0.8286234140396118, 0.6293095350265503]","[0.12439093738794327, 0.21050602197647095, 0.08180752396583557, 0.23004066944122314, 0.18549399077892303, 0.1084488034248352, 0.7337520718574524]",0.049787066876888275,-3.0,-3.0,0.16015625,0.39013102650642395,0.39015108346939087,"[-0.45328617095947266, 0.6994308233261108, 0.9483824968338013, -0.9335508346557617, -0.42129644751548767, -0.2538328170776367, 0.6318267583847046]","[0.2258053869009018, 0.16575782001018524, 0.03169003129005432, 0.04213026165962219, 0.18234381079673767, 0.2048570215702057, 0.7364380955696106]",0.049787066876888275,-3.0,-3.0,0.252232164144516,0.32941028475761414,0.3306710720062256,0.3948979675769806,0.3947620987892151,"{""critic_optimizer_updates"": 2000, ""actor_optimizer_updates_0"": 44, ""actor_optimizer_updates_1"": 44, ""actor_optimizer_steps_total"": 88, ""alpha_optimizer_updates"": 44}",-3.131948947906494,2.1975388526916504,0.6229655742645264,3.719773292541504,0.878682017326355
A_fixed_critic,45,0.3411206603050232,0.3416152596473694,"[0.7358579635620117, 0.41684049367904663, 0.8563859462738037, 0.2796538770198822, 0.07203152775764465, 0.8235946297645569, 0.6289153099060059]","[0.1260298192501068, 0.21070596575737, 0.08323535323143005, 0.23028777539730072, 0.18274636566638947, 0.11122650653123856, 0.7331345081329346]",0.049787066876888275,-3.0,-3.0,0.1568080484867096,0.38845357298851013,0.38846537470817566,"[-0.44074296951293945, 0.6962753534317017, 0.9478121995925903, -0.9342082738876343, -0.41918522119522095, -0.2611757516860962, 0.6289757490158081]","[0.22983062267303467, 0.16735804080963135, 0.03195842355489731, 0.0418173186480999, 0.18356768786907196, 0.20431150496006012, 0.7354908585548401]",0.049787066876888275,-3.0,-3.0,0.2511160969734192,0.325784832239151,0.32702112197875977,0.3932715654373169,0.39314165711402893,"{""critic_optimizer_updates"": 2000, ""actor_optimizer_updates_0"": 45, ""actor_optimizer_updates_1"": 45, ""actor_optimizer_steps_total"": 90, ""alpha_optimizer_updates"": 45}",-3.131948947906494,2.1975388526916504,0.6229655742645264,3.719773292541504,0.878682017326355
A_fixed_critic,46,0.33750584721565247,0.33799871802330017,"[0.7318379282951355, 0.41308268904685974, 0.853400468826294, 0.2730795443058014, 0.07042694091796875, 0.8184100389480591, 0.6287956237792969]","[0.12761370837688446, 0.21067585051059723, 0.08467152714729309, 0.2303905487060547, 0.17988285422325134, 0.11408255994319916, 0.7325049042701721]",0.049787066876888275,-3.0,-3.0,0.1540178656578064,0.3866070508956909,0.38661080598831177,"[-0.42818760871887207, 0.6929251551628113, 0.9471807479858398, -0.9347481727600098, -0.4174157977104187, -0.2658604681491852, 0.626406192779541]","[0.23370347917079926, 0.16903717815876007, 0.032260917127132416, 0.04156939685344696, 0.18456918001174927, 0.20385649800300598, 0.734620988368988]",0.049787066876888275,-3.0,-3.0,0.2516741156578064,0.32224950194358826,0.3234594464302063,0.3914666473865509,0.3913407623767853,"{""critic_optimizer_updates"": 2000, ""actor_optimizer_updates_0"": 46, ""actor_optimizer_updates_1"": 46, ""actor_optimizer_steps_total"": 92, ""alpha_optimizer_updates"": 46}",-3.131948947906494,2.1975388526916504,0.6229655742645264,3.719773292541504,0.878682017326355
A_fixed_critic,47,0.3339351415634155,0.33442676067352295,"[0.7277992963790894, 0.40988630056381226, 0.850346565246582, 0.26711487770080566, 0.06811800599098206, 0.8129662871360779, 0.6287840604782104]","[0.1291547417640686, 0.21050164103507996, 0.08611364662647247, 0.2303141951560974, 0.17720168828964233, 0.11703542619943619, 0.7318442463874817]",0.049787066876888275,-3.0,-3.0,0.1506696492433548,0.38458096981048584,0.3845764994621277,"[-0.4158838987350464, 0.6895164847373962, 0.946477472782135, -0.9352034330368042, -0.41481199860572815, -0.26863884925842285, 0.6240478754043579]","[0.23743298649787903, 0.17076903581619263, 0.032601840794086456, 0.04136432334780693, 0.1857466995716095, 0.20350289344787598, 0.7338106036186218]",0.049787066876888275,-3.0,-3.0,0.2511160969734192,0.31876179575920105,0.3199453353881836,0.3895065486431122,0.3893829584121704,"{""critic_optimizer_updates"": 2000, ""actor_optimizer_updates_0"": 47, ""actor_optimizer_updates_1"": 47, ""actor_optimizer_steps_total"": 94, ""alpha_optimizer_updates"": 47}",-3.131948947906494,2.1975388526916504,0.6229655742645264,3.719773292541504,0.878682017326355
A_fixed_critic,48,0.3305012881755829,0.33099234104156494,"[0.7238296270370483, 0.4075939655303955, 0.8472646474838257, 0.26195162534713745, 0.06479892134666443, 0.807375431060791, 0.6289809942245483]","[0.13062095642089844, 0.21007557213306427, 0.08755680173635483, 0.23014909029006958, 0.1745813935995102, 0.1200617253780365, 0.7311608791351318]",0.049787066876888275,-3.0,-3.0,0.1484375,0.382760614156723,0.38274961709976196,"[-0.4041415750980377, 0.6863864064216614, 0.9457509517669678, -0.9355922937393188, -0.4138472080230713, -0.270061731338501, 0.6219278573989868]","[0.24098604917526245, 0.17239779233932495, 0.03295426815748215, 0.04119028523564339, 0.1862076222896576, 0.2031632959842682, 0.7330649495124817]",0.049787066876888275,-3.0,-3.0,0.2494419813156128,0.3154040277004242,0.316561222076416,0.38773292303085327,0.3876116871833801,"{""critic_optimizer_updates"": 2000, ""actor_optimizer_updates_0"": 48, ""actor_optimizer_updates_1"": 48, ""actor_optimizer_steps_total"": 96, ""alpha_optimizer_updates"": 48}",-3.131948947906494,2.1975388526916504,0.6229655742645264,3.719773292541504,0.878682017326355
A_fixed_critic,49,0.32713598012924194,0.32762661576271057,"[0.7199099659919739, 0.4058558940887451, 0.8441609144210815, 0.25746098160743713, 0.06042351573705673, 0.8016326427459717, 0.6294360756874084]","[0.13201117515563965, 0.20958209037780762, 0.08898075670003891, 0.2297610193490982, 0.17191027104854584, 0.12315373122692108, 0.730417788028717]",0.049787066876888275,-3.0,-3.0,0.1462053656578064,0.38086238503456116,0.38084542751312256,"[-0.39263802766799927, 0.6830825209617615, 0.9449691772460938, -0.935886025428772, -0.4134732186794281, -0.2700032591819763, 0.6203217506408691]","[0.24438931047916412, 0.1741247922182083, 0.0333368256688118, 0.04106371849775314, 0.1861659437417984, 0.2027195543050766, 0.7324507236480713]",0.049787066876888275,-3.0,-3.0,0.2466517984867096,0.31211841106414795,0.3132483661174774,0.3858703374862671,0.3857499063014984,"{""critic_optimizer_updates"": 2000, ""actor_optimizer_updates_0"": 49, ""actor_optimizer_updates_1"": 49, ""actor_optimizer_steps_total"": 98, ""alpha_optimizer_updates"": 49}",-3.131948947906494,2.1975388526916504,0.6229655742645264,3.719773292541504,0.878682017326355
A_fixed_critic,50,0.32394713163375854,0.32443851232528687,"[0.715998649597168, 0.40501669049263, 0.8410416841506958, 0.2537752389907837, 0.05487707257270813, 0.7957685589790344, 0.6299290657043457]","[0.133378803730011, 0.20894069969654083, 0.09039434045553207, 0.22932493686676025, 0.16978983581066132, 0.1263025999069214, 0.7295710444450378]",0.049787066876888275,-3.0,-3.0,0.1400669664144516,0.3790706396102905,0.379048228263855,"[-0.3819066882133484, 0.6799205541610718, 0.9441419839859009, -0.9361138343811035, -0.41316312551498413, -0.2698112726211548, 0.619114339351654]","[0.24760685861110687, 0.17584900557994843, 0.03374794125556946, 0.040969543159008026, 0.18595626950263977, 0.20240500569343567, 0.7319411039352417]",0.049787066876888275,-3.0,-3.0,0.2438616156578064,0.3090073764324188,0.3101135790348053,0.38411203026771545,0.38399168848991394,"{""critic_optimizer_updates"": 2000, ""actor_optimizer_updates_0"": 50, ""actor_optimizer_updates_1"": 50, ""actor_optimizer_steps_total"": 100, ""alpha_optimizer_updates"": 50}",-3.131948947906494,2.1975388526916504,0.6229655742645264,3.719773292541504,0.878682017326355
A_fixed_critic,51,0.3207824230194092,0.3212742805480957,"[0.7120949029922485, 0.4042496681213379, 0.837897777557373, 0.2505558133125305, 0.04864127188920975, 0.7897756099700928, 0.6305670738220215]","[0.13468992710113525, 0.20831310749053955, 0.09178676456212997, 0.22870734333992004, 0.16769663989543915, 0.12952493131160736, 0.7285693287849426]",0.049787066876888275,-3.0,-3.0,0.137834832072258,0.3769834339618683,0.3769553005695343,"[-0.3715825080871582, 0.6764234304428101, 0.9432294964790344, -0.9362538456916809, -0.4120387136936188, -0.2673853039741516, 0.6184711456298828]","[0.25060150027275085, 0.1777462363243103, 0.03420316427946091, 0.040915779769420624, 0.1857576072216034, 0.20211762189865112, 0.7315732836723328]",0.049787066876888275,-3.0,-3.0,0.2427455484867096,0.3059246242046356,0.3070071339607239,0.38208112120628357,0.3819582164287567,"{""critic_optimizer_updates"": 2000, ""actor_optimizer_updates_0"": 51, ""actor_optimizer_updates_1"": 51, ""actor_optimizer_steps_total"": 102, ""alpha_optimizer_updates"": 51}",-3.131948947906494,2.1975388526916504,0.6229655742645264,3.719773292541504,0.878682017326355
A_fixed_critic,52,0.31766191124916077,0.31815454363822937,"[0.7082105875015259, 0.403744637966156, 0.8347185850143433, 0.24781523644924164, 0.04214420169591904, 0.7836236953735352, 0.6314616799354553]","[0.13597293198108673, 0.207606241106987, 0.09315790235996246, 0.22799146175384521, 0.16553857922554016, 0.13281825184822083, 0.7274084091186523]",0.049787066876888275,-3.0,-3.0,0.137834832072258,0.3745709955692291,0.3745359182357788,"[-0.36161041259765625, 0.6729283332824707, 0.9422612190246582, -0.9363461136817932, -0.40906158089637756, -0.26227331161499023, 0.6179635524749756]","[0.2534078061580658, 0.17963913083076477, 0.03468180075287819, 0.04088127240538597, 0.1859741061925888, 0.20200501382350922, 0.731247067451477]",0.049787066876888275,-3.0,-3.0,0.2421875149011612,0.302904337644577,0.3039627969264984,0.3797399699687958,0.37961241602897644,"{""critic_optimizer_updates"": 2000, ""actor_optimizer_updates_0"": 52, ""actor_optimizer_updates_1"": 52, ""actor_optimizer_steps_total"": 104, ""alpha_optimizer_updates"": 52}",-3.131948947906494,2.1975388526916504,0.6229655742645264,3.719773292541504,0.878682017326355
A_fixed_critic,53,0.3147500157356262,0.31524449586868286,"[0.7044618129730225, 0.40384989976882935, 0.831588864326477, 0.24585306644439697, 0.03687649220228195, 0.7774007320404053, 0.6324732303619385]","[0.137221097946167, 0.20678271353244781, 0.09449796378612518, 0.22734372317790985, 0.16359415650367737, 0.13613931834697723, 0.726013720035553]",0.049787066876888275,-3.0,-3.0,0.1333705484867096,0.3719933331012726,0.3719507157802582,"[-0.3525641858577728, 0.6693580150604248, 0.9412308931350708, -0.9363818168640137, -0.4046019911766052, -0.25529778003692627, 0.6175469756126404]","[0.25606197118759155, 0.18157503008842468, 0.03518906235694885, 0.04087404906749725, 0.18661560118198395, 0.20211640000343323, 0.7309508919715881]",0.049787066876888275,-3.0,-3.0,0.2388392984867096,0.30011335015296936,0.30115047097206116,0.37725695967674255,0.37712329626083374,"{""critic_optimizer_updates"": 2000, ""actor_optimizer_updates_0"": 53, ""actor_optimizer_updates_1"": 53, ""actor_optimizer_steps_total"": 106, ""alpha_optimizer_updates"": 53}",-3.131948947906494,2.1975388526916504,0.6229655742645264,3.719773292541504,0.878682017326355
A_fixed_critic,54,0.3120099902153015,0.31250619888305664,"[0.7009454965591431, 0.40407562255859375, 0.8285748958587646, 0.244365394115448, 0.03217838332056999, 0.7711911797523499, 0.6337553858757019]","[0.1383742243051529, 0.20600752532482147, 0.09577461332082748, 0.22669796645641327, 0.16212719678878784, 0.1394500881433487, 0.7243475914001465]",0.049787066876888275,-3.0,-3.0,0.1328125,0.36956462264060974,0.3695153594017029,"[-0.344542920589447, 0.6658411026000977, 0.9401901960372925, -0.9364067316055298, -0.40038955211639404, -0.2477037012577057, 0.6173673868179321]","[0.2585567533969879, 0.18354229629039764, 0.035699158906936646, 0.04087132215499878, 0.18734921514987946, 0.2023305743932724, 0.7307261228561401]",0.049787066876888275,-3.0,-3.0,0.2371651828289032,0.2975105047225952,0.29852426052093506,0.37494519352912903,0.3748058080673218,"{""critic_optimizer_updates"": 2000, ""actor_optimizer_updates_0"": 54, ""actor_optimizer_updates_1"": 54, ""actor_optimizer_steps_total"": 108, ""alpha_optimizer_updates"": 54}",-3.131948947906494,2.1975388526916504,0.6229655742645264,3.719773292541504,0.878682017326355
A_fixed_critic,55,0.30951547622680664,0.31001415848731995,"[0.6976858973503113, 0.40483975410461426, 0.825728714466095, 0.24347111582756042, 0.027711432427167892, 0.7650483846664429, 0.6352603435516357]","[0.13945266604423523, 0.2051820605993271, 0.09698415547609329, 0.2260996550321579, 0.16077697277069092, 0.14274150133132935, 0.7223300933837891]",0.049787066876888275,-3.0,-3.0,0.130022332072258,0.36744797229766846,0.3673936426639557,"[-0.3377334773540497, 0.6625148057937622, 0.9391805529594421, -0.9364084005355835, -0.3974118232727051, -0.24033811688423157, 0.6176754236221313]","[0.26084402203559875, 0.18550360202789307, 0.03619859367609024, 0.04088064655661583, 0.18772444128990173, 0.20246101915836334, 0.7306367754936218]",0.049787066876888275,-3.0,-3.0,0.2332589328289032,0.2951675355434418,0.29615867137908936,0.37295588850975037,0.37281104922294617,"{""critic_optimizer_updates"": 2000, ""actor_optimizer_updates_0"": 55, ""actor_optimizer_updates_1"": 55, ""actor_optimizer_steps_total"": 110, ""alpha_optimizer_updates"": 55}",-3.131948947906494,2.1975388526916504,0.6229655742645264,3.719773292541504,0.878682017326355
A_fixed_critic,56,0.3073299825191498,0.3078314960002899,"[0.6946764588356018, 0.40591323375701904, 0.8230217695236206, 0.24378451704978943, 0.023354914039373398, 0.7590833902359009, 0.6372034549713135]","[0.14047323167324066, 0.20443174242973328, 0.09814058989286423, 0.2255403697490692, 0.15990565717220306, 0.14600491523742676, 0.7197087407112122]",0.049787066876888275,-3.0,-3.0,0.1277901828289032,0.36551955342292786,0.36546123027801514,"[-0.33190128207206726, 0.6594419479370117, 0.9381574392318726, -0.9363933205604553, -0.39495617151260376, -0.2325969636440277, 0.6181331872940063]","[0.2629830539226532, 0.18742182850837708, 0.03670399263501167, 0.040893230587244034, 0.1877513974905014, 0.20254521071910858, 0.730596661567688]",0.049787066876888275,-3.0,-3.0,0.2293526828289032,0.29314738512039185,0.29411551356315613,0.3711554706096649,0.37100568413734436,"{""critic_optimizer_updates"": 2000, ""actor_optimizer_updates_0"": 56, ""actor_optimizer_updates_1"": 56, ""actor_optimizer_steps_total"": 112, ""alpha_optimizer_updates"": 56}",-3.131948947906494,2.1975388526916504,0.6229655742645264,3.719773292541504,0.878682017326355
A_fixed_critic,57,0.30533918738365173,0.3058438301086426,"[0.6919512748718262, 0.4071066379547119, 0.8204724788665771, 0.244222491979599, 0.021149013191461563, 0.7532967329025269, 0.6392768621444702]","[0.14141759276390076, 0.2036680281162262, 0.09924555569887161, 0.2249881476163864, 0.1588665097951889, 0.14918677508831024, 0.7166697978973389]",0.049787066876888275,-3.0,-3.0,0.126116082072258,0.3637017011642456,0.3636399805545807,"[-0.3266695737838745, 0.6564946174621582, 0.9371342658996582, -0.936366081237793, -0.39283859729766846, -0.22459685802459717, 0.618773877620697]","[0.264924556016922, 0.18928232789039612, 0.03720608726143837, 0.04090472683310509, 0.18761664628982544, 0.20262010395526886, 0.7306079864501953]",0.049787066876888275,-3.0,-3.0,0.2265625149011612,0.2913467288017273,0.2922954559326172,0.36946699023246765,0.3693121671676636,"{""critic_optimizer_updates"": 2000, ""actor_optimizer_updates_0"": 57, ""actor_optimizer_updates_1"": 57, ""actor_optimizer_steps_total"": 114, ""alpha_optimizer_updates"": 57}",-3.131948947906494,2.1975388526916504,0.6229655742645264,3.719773292541504,0.878682017326355
A_fixed_critic,58,0.3035537302494049,0.30406177043914795,"[0.6893372535705566, 0.40846091508865356, 0.8180282115936279, 0.2451525628566742, 0.019361721351742744, 0.7476157546043396, 0.6417157649993896]","[0.1423405110836029, 0.20297589898109436, 0.10031985491514206, 0.22453759610652924, 0.15806196630001068, 0.15234145522117615, 0.7130093574523926]",0.049787066876888275,-3.0,-3.0,0.1255580484867096,0.3620368540287018,0.3619721829891205,"[-0.32227087020874023, 0.6535982489585876, 0.9361236095428467, -0.9363212585449219, -0.39087432622909546, -0.21721184253692627, 0.6197485327720642]","[0.26673170924186707, 0.1911594122648239, 0.03769741952419281, 0.04091693460941315, 0.18745705485343933, 0.20263853669166565, 0.7307066321372986]",0.049787066876888275,-3.0,-3.0,0.2232142984867096,0.2897685766220093,0.2907000184059143,0.36793240904808044,0.36777263879776,"{""critic_optimizer_updates"": 2000, ""actor_optimizer_updates_0"": 58, ""actor_optimizer_updates_1"": 58, ""actor_optimizer_steps_total"": 116, ""alpha_optimizer_updates"": 58}",-3.131948947906494,2.1975388526916504,0.6229655742645264,3.719773292541504,0.878682017326355
A_fixed_critic,59,0.3021058440208435,0.3026179075241089,"[0.6870040893554688, 0.41032686829566956, 0.8157767057418823, 0.24665774405002594, 0.01746174693107605, 0.7420308589935303, 0.6446716785430908]","[0.14318591356277466, 0.20227457582950592, 0.10134203732013702, 0.22422288358211517, 0.157832533121109, 0.15549291670322418, 0.7085923552513123]",0.049787066876888275,-3.0,-3.0,0.1233258992433548,0.3607163727283478,0.36064988374710083,"[-0.3188141882419586, 0.6508809328079224, 0.9351435303688049, -0.9362598657608032, -0.39010369777679443, -0.2118462175130844, 0.6209731698036194]","[0.26836341619491577, 0.19299978017807007, 0.038173604756593704, 0.04093111678957939, 0.18697363138198853, 0.20245778560638428, 0.7308773398399353]",0.049787066876888275,-3.0,-3.0,0.2215401828289032,0.28853046894073486,0.28944510221481323,0.3667183220386505,0.36655503511428833,"{""critic_optimizer_updates"": 2000, ""actor_optimizer_updates_0"": 59, ""actor_optimizer_updates_1"": 59, ""actor_optimizer_steps_total"": 118, ""alpha_optimizer_updates"": 59}",-3.131948947906494,2.1975388526916504,0.6229655742645264,3.719773292541504,0.878682017326355
A_fixed_critic,60,0.3009701669216156,0.3014868497848511,"[0.6849562525749207, 0.4123818874359131, 0.8136694431304932, 0.24857905507087708, 0.01692081056535244, 0.736656665802002, 0.648088812828064]","[0.14395268261432648, 0.20158463716506958, 0.10230269283056259, 0.2240370512008667, 0.1578061282634735, 0.15858472883701324, 0.7035018801689148]",0.049787066876888275,-3.0,-3.0,0.1222098246216774,0.35945016145706177,0.35938069224357605,"[-0.31600701808929443, 0.6482796669006348, 0.9341529607772827, -0.9361692667007446, -0.3874472379684448, -0.20981934666633606, 0.6220843195915222]","[0.2698837220668793, 0.19479747116565704, 0.03864875063300133, 0.04095075652003288, 0.18693463504314423, 0.20203308761119843, 0.7310163378715515]",0.049787066876888275,-3.0,-3.0,0.219866082072258,0.28759950399398804,0.2885000705718994,0.36555346846580505,0.36538711190223694,"{""critic_optimizer_updates"": 2000, ""actor_optimizer_updates_0"": 60, ""actor_optimizer_updates_1"": 60, ""actor_optimizer_steps_total"": 120, ""alpha_optimizer_updates"": 60}",-3.131948947906494,2.1975388526916504,0.6229655742645264,3.719773292541504,0.878682017326355
A_fixed_critic,61,0.2999805510044098,0.30050140619277954,"[0.683018684387207, 0.414054274559021, 0.8116434216499329, 0.2503218352794647, 0.017789870500564575, 0.7314043045043945, 0.6520335674285889]","[0.14464984834194183, 0.20094837248325348, 0.1032332256436348, 0.22378265857696533, 0.1576508730649948, 0.16164807975292206, 0.6976844072341919]",0.049787066876888275,-3.0,-3.0,0.1210937574505806,0.35824015736579895,0.35816875100135803,"[-0.3135555684566498, 0.6455793380737305, 0.9331231117248535, -0.936035692691803, -0.3855277895927429, -0.20735475420951843, 0.6230974793434143]","[0.27127864956855774, 0.19662387669086456, 0.03913763165473938, 0.04098697751760483, 0.18665526807308197, 0.20157743990421295, 0.7311277389526367]",0.049787066876888275,-3.0,-3.0,0.2193080484867096,0.28679555654525757,0.2876836061477661,0.36443695425987244,0.3642684519290924,"{""critic_optimizer_updates"": 2000, ""actor_optimizer_updates_0"": 61, ""actor_optimizer_updates_1"": 61, ""actor_optimizer_steps_total"": 122, ""alpha_optimizer_updates"": 61}",-3.131948947906494,2.1975388526916504,0.6229655742645264,3.719773292541504,0.878682017326355
A_fixed_critic,62,0.29944655299186707,0.2999721169471741,"[0.6814677715301514, 0.41604965925216675, 0.8098465204238892, 0.25211888551712036, 0.018927475437521935, 0.7264823317527771, 0.6568446159362793]","[0.14525824785232544, 0.20027175545692444, 0.10409849882125854, 0.22359928488731384, 0.1575423628091812, 0.16465052962303162, 0.6909548044204712]",0.049787066876888275,-3.0,-3.0,0.1199776828289032,0.3573508560657501,0.357278972864151,"[-0.31197381019592285, 0.6432216763496399, 0.9321502447128296, -0.93587327003479, -0.3848523199558258, -0.2060442715883255, 0.6242138743400574]","[0.2725672423839569, 0.1982966512441635, 0.03960046172142029, 0.0410359650850296, 0.18606793880462646, 0.2009650617837906, 0.7312472462654114]",0.049787066876888275,-3.0,-3.0,0.215959832072258,0.28639307618141174,0.2872696816921234,0.36362969875335693,0.36346036195755005,"{""critic_optimizer_updates"": 2000, ""actor_optimizer_updates_0"": 62, ""actor_optimizer_updates_1"": 62, ""actor_optimizer_steps_total"": 124, ""alpha_optimizer_updates"": 62}",-3.131948947906494,2.1975388526916504,0.6229655742645264,3.719773292541504,0.878682017326355
A_fixed_critic,63,0.2991863191127777,0.29971593618392944,"[0.6800910830497742, 0.4176844358444214, 0.8081859350204468, 0.2538045644760132, 0.020339233800768852, 0.7217665910720825, 0.6622017621994019]","[0.14576561748981476, 0.19965477287769318, 0.10488089919090271, 0.22336597740650177, 0.15740104019641876, 0.16756168007850647, 0.6838119626045227]",0.049787066876888275,-3.0,-3.0,0.117745541036129,0.35646283626556396,0.3563901484012604,"[-0.31104207038879395, 0.6411741971969604, 0.9311877489089966, -0.9357080459594727, -0.3832504153251648, -0.20450928807258606, 0.6251893639564514]","[0.27362439036369324, 0.1997927874326706, 0.040051888674497604, 0.04107508063316345, 0.18558533489704132, 0.20028522610664368, 0.7313129305839539]",0.049787066876888275,-3.0,-3.0,0.215959832072258,0.28615304827690125,0.287019819021225,0.3628208339214325,0.36265045404434204,"{""critic_optimizer_updates"": 2000, ""actor_optimizer_updates_0"": 63, ""actor_optimizer_updates_1"": 63, ""actor_optimizer_steps_total"": 126, ""alpha_optimizer_updates"": 63}",-3.131948947906494,2.1975388526916504,0.6229655742645264,3.719773292541504,0.878682017326355
A_fixed_critic,64,0.29930591583251953,0.299839586019516,"[0.6788891553878784, 0.4191378355026245, 0.8066551685333252, 0.25550973415374756, 0.0220150388777256, 0.717249870300293, 0.6683385968208313]","[0.14622001349925995, 0.1991226226091385, 0.10563261061906815, 0.2231646031141281, 0.157302126288414, 0.17043443024158478, 0.6761974692344666]",0.049787066876888275,-3.0,-3.0,0.1171875074505806,0.35555264353752136,0.3554776906967163,"[-0.310485303401947, 0.6392024755477905, 0.9302300810813904, -0.9355175495147705, -0.37984347343444824, -0.2052716165781021, 0.6259735822677612]","[0.2745761573314667, 0.20122824609279633, 0.04049558565020561, 0.0411212295293808, 0.18567758798599243, 0.19958896934986115, 0.7313119769096375]",0.049787066876888275,-3.0,-3.0,0.2137276828289032,0.28621944785118103,0.2870769500732422,0.3620091378688812,0.36183875799179077,"{""critic_optimizer_updates"": 2000, ""actor_optimizer_updates_0"": 64, ""actor_optimizer_updates_1"": 64, ""actor_optimizer_steps_total"": 128, ""alpha_optimizer_updates"": 64}",-3.131948947906494,2.1975388526916504,0.6229655742645264,3.719773292541504,0.878682017326355
A_fixed_critic,65,0.2999054491519928,0.300443172454834,"[0.6778833866119385, 0.42070338129997253, 0.8052844405174255, 0.25795459747314453, 0.023458870127797127, 0.7129228711128235, 0.6749565601348877]","[0.14665991067886353, 0.19865195453166962, 0.1063617467880249, 0.2231084704399109, 0.15771090984344482, 0.17328904569149017, 0.6686230301856995]",0.049787066876888275,-3.0,-3.0,0.1160714328289032,0.35491475462913513,0.354838490486145,"[-0.3108823299407959, 0.6374184489250183, 0.9293206334114075, -0.9353227615356445, -0.37712299823760986, -0.20740792155265808, 0.6267957091331482]","[0.2754891812801361, 0.20264700055122375, 0.04091746360063553, 0.04116459935903549, 0.18561530113220215, 0.1987108439207077, 0.7312973737716675]",0.049787066876888275,-3.0,-3.0,0.2131696492433548,0.2867159843444824,0.28756460547447205,0.3614717125892639,0.3613036274909973,"{""critic_optimizer_updates"": 2000, ""actor_optimizer_updates_0"": 65, ""actor_optimizer_updates_1"": 65, ""actor_optimizer_steps_total"": 130, ""alpha_optimizer_updates"": 65}",-3.131948947906494,2.1975388526916504,0.6229655742645264,3.719773292541504,0.878682017326355
A_fixed_critic,66,0.3006673753261566,0.30120888352394104,"[0.677036464214325, 0.4220932126045227, 0.8040303587913513, 0.26022017002105713, 0.025179648771882057, 0.7087706923484802, 0.6812188625335693]","[0.1469913274049759, 0.19823957979679108, 0.10703763365745544, 0.22307531535625458, 0.1581226885318756, 0.1760540008544922, 0.6618003845214844]",0.049787066876888275,-3.0,-3.0,0.1149553656578064,0.35451725125312805,0.35444119572639465,"[-0.3110242187976837, 0.6357531547546387, 0.9284918308258057, -0.9351255893707275, -0.3767434060573578, -0.20991072058677673, 0.6275272369384766]","[0.2762543261051178, 0.2039474993944168, 0.041293829679489136, 0.041198719292879105, 0.18498404324054718, 0.19786512851715088, 0.7312322854995728]",0.049787066876888275,-3.0,-3.0,0.212053582072258,0.2873395085334778,0.2881804406642914,0.3611692786216736,0.36100563406944275,"{""critic_optimizer_updates"": 2000, ""actor_optimizer_updates_0"": 66, ""actor_optimizer_updates_1"": 66, ""actor_optimizer_steps_total"": 132, ""alpha_optimizer_updates"": 66}",-3.131948947906494,2.1975388526916504,0.6229655742645264,3.719773292541504,0.878682017326355
A_fixed_critic,67,0.30183351039886475,0.30237826704978943,"[0.6763520240783691, 0.42312347888946533, 0.8029513359069824, 0.26278528571128845, 0.026190487667918205, 0.7049634456634521, 0.6880500316619873]","[0.1472758948802948, 0.1979760080575943, 0.1076761782169342, 0.22299595177173615, 0.15877501666545868, 0.17872744798660278, 0.6551006436347961]",0.049787066876888275,-3.0,-3.0,0.1143973246216774,0.35437315702438354,0.35429731011390686,"[-0.3116205930709839, 0.6342267990112305, 0.9277363419532776, -0.9349177479743958, -0.37648603320121765, -0.21632395684719086, 0.6281582713127136]","[0.27679139375686646, 0.2051859050989151, 0.041631873697042465, 0.04122589901089668, 0.18421685695648193, 0.19696053862571716, 0.7311071157455444]",0.049787066876888275,-3.0,-3.0,0.2114955484867096,0.28830060362815857,0.2891330122947693,0.3611256778240204,0.36096832156181335,"{""critic_optimizer_updates"": 2000, ""actor_optimizer_updates_0"": 67, ""actor_optimizer_updates_1"": 67, ""actor_optimizer_steps_total"": 134, ""alpha_optimizer_updates"": 67}",-3.131948947906494,2.1975388526916504,0.6229655742645264,3.719773292541504,0.878682017326355
A_fixed_critic,68,0.30326640605926514,0.30381450057029724,"[0.675807774066925, 0.4242406189441681, 0.8020048141479492, 0.2655901312828064, 0.026400934904813766, 0.701331615447998, 0.6948206424713135]","[0.1475401669740677, 0.19779466092586517, 0.10830124467611313, 0.2229890525341034, 0.15969215333461761, 0.1813889443874359, 0.6490159630775452]",0.049787066876888275,-3.0,-3.0,0.1143973246216774,0.35449686646461487,0.35442212224006653,"[-0.3129262626171112, 0.632899284362793, 0.9270495176315308, -0.9346941709518433, -0.3770958185195923, -0.22392961382865906, 0.6287935376167297]","[0.27721336483955383, 0.20636291801929474, 0.04194170609116554, 0.04125386103987694, 0.1833275556564331, 0.19610348343849182, 0.7309386134147644]",0.049787066876888275,-3.0,-3.0,0.2109375149011612,0.28957653045654297,0.29040080308914185,0.361345499753952,0.3611951768398285,"{""critic_optimizer_updates"": 2000, ""actor_optimizer_updates_0"": 68, ""actor_optimizer_updates_1"": 68, ""actor_optimizer_steps_total"": 136, ""alpha_optimizer_updates"": 68}",-3.131948947906494,2.1975388526916504,0.6229655742645264,3.719773292541504,0.878682017326355
A_fixed_critic,69,0.3049522340297699,0.3055037558078766,"[0.6755118370056152, 0.42548882961273193, 0.8012247681617737, 0.26855385303497314, 0.02686864510178566, 0.6979577541351318, 0.7015982866287231]","[0.14776381850242615, 0.1976594179868698, 0.10890807211399078, 0.22294801473617554, 0.16036251187324524, 0.18400204181671143, 0.6434107422828674]",0.049787066876888275,-3.0,-3.0,0.113839291036129,0.354910671710968,0.35483863949775696,"[-0.31460630893707275, 0.6317822933197021, 0.9264569282531738, -0.9345000386238098, -0.37949472665786743, -0.2312210649251938, 0.6292983889579773]","[0.27758142352104187, 0.20738562941551208, 0.042200058698654175, 0.041261885315179825, 0.18227310478687286, 0.1954175978899002, 0.7307137250900269]",0.049787066876888275,-3.0,-3.0,0.2098214328289032,0.2912035882472992,0.292020320892334,0.3618685305118561,0.3617267906665802,"{""critic_optimizer_updates"": 2000, ""actor_optimizer_updates_0"": 69, ""actor_optimizer_updates_1"": 69, ""actor_optimizer_steps_total"": 138, ""alpha_optimizer_updates"": 69}",-3.131948947906494,2.1975388526916504,0.6229655742645264,3.719773292541504,0.878682017326355
A_fixed_critic,70,0.30635881423950195,0.3069128096103668,"[0.6751666069030762, 0.4262964725494385, 0.8003718852996826, 0.27150261402130127, 0.027707120403647423, 0.6945875883102417, 0.7074235677719116]","[0.14791591465473175, 0.1975550353527069, 0.10953079909086227, 0.222788468003273, 0.16078691184520721, 0.18660922348499298, 0.638602077960968]",0.049787066876888275,-3.0,-3.0,0.1132812574505806,0.3554951846599579,0.3554278314113617,"[-0.317108154296875, 0.6306754350662231, 0.9258688688278198, -0.9342759847640991, -0.383326917886734, -0.23720787465572357, 0.629730761051178]","[0.27781933546066284, 0.2083652764558792, 0.0424499586224556, 0.04128022491931915, 0.18096421658992767, 0.19484485685825348, 0.7304301261901855]",0.049787066876888275,-3.0,-3.0,0.2064732164144516,0.29270049929618835,0.2935108542442322,0.3625655472278595,0.3624330759048462,"{""critic_optimizer_updates"": 2000, ""actor_optimizer_updates_0"": 70, ""actor_optimizer_updates_1"": 70, ""actor_optimizer_steps_total"": 140, ""alpha_optimizer_updates"": 70}",-3.131948947906494,2.1975388526916504,0.6229655742645264,3.719773292541504,0.878682017326355
A_fixed_critic,71,0.3075579106807709,0.30811426043510437,"[0.6747899651527405, 0.4269413948059082, 0.7994456887245178, 0.2746276557445526, 0.02771284058690071, 0.6912219524383545, 0.7124260067939758]","[0.14808478951454163, 0.19745022058486938, 0.11019420623779297, 0.22268225252628326, 0.16130344569683075, 0.18919530510902405, 0.6342598795890808]",0.049787066876888275,-3.0,-3.0,0.113839291036129,0.3556349575519562,0.35556918382644653,"[-0.31955331563949585, 0.6294578313827515, 0.9252282381057739, -0.9340066909790039, -0.3831295073032379, -0.24300743639469147, 0.630023717880249]","[0.27799785137176514, 0.2093929946422577, 0.04271860420703888, 0.04131971299648285, 0.18038003146648407, 0.19426198303699493, 0.7300822138786316]",0.049787066876888275,-3.0,-3.0,0.204241082072258,0.2941325306892395,0.2949376106262207,0.3628234565258026,0.36269739270210266,"{""critic_optimizer_updates"": 2000, ""actor_optimizer_updates_0"": 71, ""actor_optimizer_updates_1"": 71, ""actor_optimizer_steps_total"": 142, ""alpha_optimizer_updates"": 71}",-3.131948947906494,2.1975388526916504,0.6229655742645264,3.719773292541504,0.878682017326355
A_fixed_critic,72,0.30880820751190186,0.3093675971031189,"[0.6747726202011108, 0.42796772718429565, 0.798646092414856, 0.2775585949420929, 0.028591256588697433, 0.688186764717102, 0.7171097993850708]","[0.14819210767745972, 0.1972736269235611, 0.1108325719833374, 0.22260762751102448, 0.16139641404151917, 0.1916607767343521, 0.629915714263916]",0.049787066876888275,-3.0,-3.0,0.1132812574505806,0.35573574900627136,0.35567158460617065,"[-0.3223094344139099, 0.6285430788993835, 0.9246538877487183, -0.9337471127510071, -0.3826022744178772, -0.24693098664283752, 0.6304351091384888]","[0.2779926061630249, 0.21028180420398712, 0.04295602813363075, 0.04135143384337425, 0.17992308735847473, 0.19373735785484314, 0.7296690940856934]",0.049787066876888275,-3.0,-3.0,0.2036830484867096,0.2957703471183777,0.29657143354415894,0.36303550004959106,0.3629148602485657,"{""critic_optimizer_updates"": 2000, ""actor_optimizer_updates_0"": 72, ""actor_optimizer_updates_1"": 72, ""actor_optimizer_steps_total"": 144, ""alpha_optimizer_updates"": 72}",-3.131948947906494,2.1975388526916504,0.6229655742645264,3.719773292541504,0.878682017326355
A_fixed_critic,73,0.3100210428237915,0.3105832636356354,"[0.6748968362808228, 0.4288315176963806, 0.7979177832603455, 0.28020480275154114, 0.03088277205824852, 0.6854161024093628, 0.7218136787414551]","[0.14824461936950684, 0.1970924288034439, 0.11142633110284805, 0.22254186868667603, 0.16135916113853455, 0.1940315067768097, 0.625229001045227]",0.049787066876888275,-3.0,-3.0,0.1121651828289032,0.3557998836040497,0.35573723912239075,"[-0.32511115074157715, 0.627714991569519, 0.9241250157356262, -0.933480978012085, -0.38199183344841003, -0.24988196790218353, 0.6308736801147461]","[0.27793172001838684, 0.21104897558689117, 0.043163638561964035, 0.041379984468221664, 0.1795271784067154, 0.19334682822227478, 0.7291902303695679]",0.049787066876888275,-3.0,-3.0,0.2036830484867096,0.2975444197654724,0.2983418405056,0.36320871114730835,0.3630935251712799,"{""critic_optimizer_updates"": 2000, ""actor_optimizer_updates_0"": 73, ""actor_optimizer_updates_1"": 73, ""actor_optimizer_steps_total"": 146, ""alpha_optimizer_updates"": 73}",-3.131948947906494,2.1975388526916504,0.6229655742645264,3.719773292541504,0.878682017326355
A_fixed_critic,74,0.3110902011394501,0.31165552139282227,"[0.6749752163887024, 0.4296160042285919, 0.7971752882003784, 0.2826310396194458, 0.03543604910373688, 0.6826791167259216, 0.7264403104782104]","[0.1483103185892105, 0.1968512237071991, 0.11204107105731964, 0.22255249321460724, 0.16036522388458252, 0.19639505445957184, 0.620111882686615]",0.049787066876888275,-3.0,-3.0,0.1132812574505806,0.35574254393577576,0.35568177700042725,"[-0.3279133439064026, 0.6267092823982239, 0.9235936999320984, -0.9331926107406616, -0.3818710446357727, -0.2503625750541687, 0.6314123272895813]","[0.27784526348114014, 0.21190126240253448, 0.04337470605969429, 0.04141528159379959, 0.17900371551513672, 0.19312962889671326, 0.7286273837089539]",0.049787066876888275,-3.0,-3.0,0.2031250149011612,0.2993248999118805,0.3001192808151245,0.3632389008998871,0.36312875151634216,"{""critic_optimizer_updates"": 2000, ""actor_optimizer_updates_0"": 74, ""actor_optimizer_updates_1"": 74, ""actor_optimizer_steps_total"": 148, ""alpha_optimizer_updates"": 74}",-3.131948947906494,2.1975388526916504,0.6229655742645264,3.719773292541504,0.878682017326355
A_fixed_critic,75,0.3121529519557953,0.31272125244140625,"[0.6750460863113403, 0.4302979111671448, 0.7965361475944519, 0.2846055030822754, 0.040282443165779114, 0.680225670337677, 0.7314099669456482]","[0.14837215840816498, 0.19655349850654602, 0.11261234432458878, 0.2225758284330368, 0.15881980955600739, 0.19862323999404907, 0.6142260432243347]",0.049787066876888275,-3.0,-3.0,0.1132812574505806,0.3554200530052185,0.35535964369773865,"[-0.33050400018692017, 0.6257930994033813, 0.9230788946151733, -0.9328992366790771, -0.37991711497306824, -0.24955393373966217, 0.6319930553436279]","[0.2777320444583893, 0.2126871794462204, 0.043568577617406845, 0.041451022028923035, 0.17873656749725342, 0.19305196404457092, 0.7279937863349915]",0.049787066876888275,-3.0,-3.0,0.2014508992433548,0.30122172832489014,0.3020125925540924,0.36299946904182434,0.36289265751838684,"{""critic_optimizer_updates"": 2000, ""actor_optimizer_updates_0"": 75, ""actor_optimizer_updates_1"": 75, ""actor_optimizer_steps_total"": 150, ""alpha_optimizer_updates"": 75}",-3.131948947906494,2.1975388526916504,0.6229655742645264,3.719773292541504,0.878682017326355
A_fixed_critic,76,0.3131526708602905,0.31372377276420593,"[0.6750608086585999, 0.4309540092945099, 0.7959225177764893, 0.28636693954467773, 0.04534522444009781, 0.6779101490974426, 0.7363699674606323]","[0.14840757846832275, 0.19621428847312927, 0.11315105110406876, 0.22264382243156433, 0.15718616545200348, 0.20072361826896667, 0.6078125834465027]",0.049787066876888275,-3.0,-3.0,0.113839291036129,0.35523155331611633,0.3551734387874603,"[-0.3329065442085266, 0.6247209310531616, 0.9225425124168396, -0.9325888156890869, -0.38060516119003296, -0.24712787568569183, 0.6324105262756348]","[0.27768924832344055, 0.21346458792686462, 0.043765146285295486, 0.04149333015084267, 0.1779802292585373, 0.1931963562965393, 0.7272893190383911]",0.049787066876888275,-3.0,-3.0,0.1997767984867096,0.30307456851005554,0.3038625717163086,0.36290013790130615,0.3627994656562805,"{""critic_optimizer_updates"": 2000, ""actor_optimizer_updates_0"": 76, ""actor_optimizer_updates_1"": 76, ""actor_optimizer_steps_total"": 152, ""alpha_optimizer_updates"": 76}",-3.131948947906494,2.1975388526916504,0.6229655742645264,3.719773292541504,0.878682017326355
A_fixed_critic,77,0.3141050338745117,0.3146786689758301,"[0.6750807762145996, 0.4314209222793579, 0.7953351736068726, 0.2876970171928406, 0.049115125089883804, 0.6757646799087524, 0.7411960363388062]","[0.14846070110797882, 0.1959095150232315, 0.11366862803697586, 0.22271715104579926, 0.15580235421657562, 0.20272605121135712, 0.6011539101600647]",0.049787066876888275,-3.0,-3.0,0.1127232164144516,0.3552364110946655,0.3551817238330841,"[-0.335079163312912, 0.6239860653877258, 0.9221030473709106, -0.9323099851608276, -0.3829139769077301, -0.24415269494056702, 0.6327865719795227]","[0.2776055932044983, 0.21410751342773438, 0.0439152866601944, 0.04151729866862297, 0.1768624186515808, 0.19335512816905975, 0.7265244722366333]",0.049787066876888275,-3.0,-3.0,0.1992187649011612,0.3048205077648163,0.30560582876205444,0.36298713088035583,0.362894207239151,"{""critic_optimizer_updates"": 2000, ""actor_optimizer_updates_0"": 77, ""actor_optimizer_updates_1"": 77, ""actor_optimizer_steps_total"": 154, ""alpha_optimizer_updates"": 77}",-3.131948947906494,2.1975388526916504,0.6229655742645264,3.719773292541504,0.878682017326355
A_fixed_critic,78,0.31523701548576355,0.3158136010169983,"[0.6751632690429688, 0.4320647418498993, 0.7947958111763, 0.2893534302711487, 0.05191640555858612, 0.6737661361694336, 0.746290922164917]","[0.14849643409252167, 0.19559426605701447, 0.11417088657617569, 0.22292587161064148, 0.1548568308353424, 0.20465072989463806, 0.5940262675285339]",0.049787066876888275,-3.0,-3.0,0.1143973246216774,0.3554839491844177,0.3554340898990631,"[-0.3374643325805664, 0.6233450770378113, 0.921744167804718, -0.9320307970046997, -0.3868817985057831, -0.24125006794929504, 0.6332177519798279]","[0.27752870321273804, 0.21472464501857758, 0.04403090849518776, 0.041537247598171234, 0.175457164645195, 0.19356434047222137, 0.725655198097229]",0.049787066876888275,-3.0,-3.0,0.1986607164144516,0.30667415261268616,0.30745720863342285,0.3633028268814087,0.363219678401947,"{""critic_optimizer_updates"": 2000, ""actor_optimizer_updates_0"": 78, ""actor_optimizer_updates_1"": 78, ""actor_optimizer_steps_total"": 156, ""alpha_optimizer_updates"": 78}",-3.131948947906494,2.1975388526916504,0.6229655742645264,3.719773292541504,0.878682017326355
A_fixed_critic,79,0.31642258167266846,0.3170017600059509,"[0.6753585338592529, 0.4326142966747284, 0.7943159341812134, 0.2905738651752472, 0.05234073847532272, 0.6720021963119507, 0.7513958215713501]","[0.14850537478923798, 0.19526614248752594, 0.11462852358818054, 0.22312504053115845, 0.15449120104312897, 0.20642200112342834, 0.5867435336112976]",0.049787066876888275,-3.0,-3.0,0.1132812574505806,0.35548147559165955,0.35543256998062134,"[-0.33963635563850403, 0.6232492327690125, 0.9214662313461304, -0.9317771792411804, -0.38643866777420044, -0.24035705626010895, 0.6336299777030945]","[0.2773088812828064, 0.21508800983428955, 0.04410603642463684, 0.04154180735349655, 0.17502734065055847, 0.19374147057533264, 0.7247031927108765]",0.049787066876888275,-3.0,-3.0,0.1975446492433548,0.30841609835624695,0.3091967701911926,0.36337220668792725,0.36329707503318787,"{""critic_optimizer_updates"": 2000, ""actor_optimizer_updates_0"": 79, ""actor_optimizer_updates_1"": 79, ""actor_optimizer_steps_total"": 158, ""alpha_optimizer_updates"": 79}",-3.131948947906494,2.1975388526916504,0.6229655742645264,3.719773292541504,0.878682017326355
A_fixed_critic,80,0.31758010387420654,0.3181620240211487,"[0.675458550453186, 0.43312326073646545, 0.7938121557235718, 0.29147177934646606, 0.050884902477264404, 0.6703733801841736, 0.7561826109886169]","[0.14860756695270538, 0.19502322375774384, 0.11508995294570923, 0.22343556582927704, 0.1546630859375, 0.20807874202728271, 0.5797345042228699]",0.049787066876888275,-3.0,-3.0,0.1132812574505806,0.3559473156929016,0.3559025228023529,"[-0.3416668176651001, 0.6233018636703491, 0.9212430715560913, -0.9315258264541626, -0.3900020122528076, -0.2399512082338333, 0.633949875831604]","[0.2771431505680084, 0.21542005240917206, 0.04415551945567131, 0.041544120758771896, 0.1737404614686966, 0.19389374554157257, 0.7237112522125244]",0.049787066876888275,-3.0,-3.0,0.1947544664144516,0.3099703788757324,0.31074872612953186,0.3638923764228821,0.3638288378715515,"{""critic_optimizer_updates"": 2000, ""actor_optimizer_updates_0"": 80, ""actor_optimizer_updates_1"": 80, ""actor_optimizer_steps_total"": 160, ""alpha_optimizer_updates"": 80}",-3.131948947906494,2.1975388526916504,0.6229655742645264,3.719773292541504,0.878682017326355
A_fixed_critic,81,0.3187446594238281,0.31932851672172546,"[0.6754856109619141, 0.43330180644989014, 0.7934064865112305, 0.2918906509876251, 0.04822839796543121, 0.6690228581428528, 0.7611023783683777]","[0.14869312942028046, 0.19485042989253998, 0.1154690757393837, 0.2237594872713089, 0.15485046803951263, 0.20954199135303497, 0.5726310014724731]",0.049787066876888275,-3.0,-3.0,0.1132812574505806,0.35627228021621704,0.35622891783714294,"[-0.34356558322906494, 0.6234055161476135, 0.9210773706436157, -0.9312701225280762, -0.3908316493034363, -0.24211448431015015, 0.6342520713806152]","[0.2769232392311096, 0.2156950980424881, 0.04416704922914505, 0.04154819995164871, 0.172998309135437, 0.19407401978969574, 0.7226612567901611]",0.049787066876888275,-3.0,-3.0,0.1941964328289032,0.3114388585090637,0.31221404671669006,0.36429134011268616,0.36423835158348083,"{""critic_optimizer_updates"": 2000, ""actor_optimizer_updates_0"": 81, ""actor_optimizer_updates_1"": 81, ""actor_optimizer_steps_total"": 162, ""alpha_optimizer_updates"": 81}",-3.131948947906494,2.1975388526916504,0.6229655742645264,3.719773292541504,0.878682017326355
A_fixed_critic,82,0.31994327902793884,0.3205283284187317,"[0.6754529476165771, 0.4330383539199829, 0.7930649518966675, 0.291942834854126, 0.046191584318876266, 0.6679276823997498, 0.7662901878356934]","[0.14880356192588806, 0.19478140771389008, 0.11580978333950043, 0.22413776814937592, 0.15498566627502441, 0.21087650954723358, 0.5651592016220093]",0.049787066876888275,-3.0,-3.0,0.113839291036129,0.35688135027885437,0.3568419814109802,"[-0.34492599964141846, 0.6232194900512695, 0.9209423661231995, -0.9310111999511719, -0.3947781026363373, -0.24499420821666718, 0.634761393070221]","[0.2767534554004669, 0.21609535813331604, 0.044156551361083984, 0.041548822075128555, 0.17172463238239288, 0.1941670924425125, 0.7215080261230469]",0.049787066876888275,-3.0,-3.0,0.192522332072258,0.312905490398407,0.3136771619319916,0.3649553656578064,0.36491504311561584,"{""critic_optimizer_updates"": 2000, ""actor_optimizer_updates_0"": 82, ""actor_optimizer_updates_1"": 82, ""actor_optimizer_steps_total"": 164, ""alpha_optimizer_updates"": 82}",-3.131948947906494,2.1975388526916504,0.6229655742645264,3.719773292541504,0.878682017326355
A_fixed_critic,83,0.3212907910346985,0.32187673449516296,"[0.675618052482605, 0.432666540145874, 0.7929696440696716, 0.2918752431869507, 0.04319601505994797, 0.6672942638397217, 0.7715619802474976]","[0.14890211820602417, 0.1946699470281601, 0.11604043841362, 0.22453689575195312, 0.15527570247650146, 0.21201792359352112, 0.5573820471763611]",0.049787066876888275,-3.0,-3.0,0.1149553656578064,0.3577672839164734,0.35773298144340515,"[-0.34628915786743164, 0.6233059167861938, 0.9209381341934204, -0.9308021068572998, -0.4000999927520752, -0.24846963584423065, 0.6353827714920044]","[0.276516318321228, 0.21635210514068604, 0.04408428072929382, 0.04152636229991913, 0.17028796672821045, 0.19415006041526794, 0.7203038334846497]",0.049787066876888275,-3.0,-3.0,0.1914062649011612,0.31450319290161133,0.3152712285518646,0.36589041352272034,0.3658651113510132,"{""critic_optimizer_updates"": 2000, ""actor_optimizer_updates_0"": 83, ""actor_optimizer_updates_1"": 83, ""actor_optimizer_steps_total"": 166, ""alpha_optimizer_updates"": 83}",-3.131948947906494,2.1975388526916504,0.6229655742645264,3.719773292541504,0.878682017326355
A_fixed_critic,84,0.32275792956352234,0.3233448565006256,"[0.6759811043739319, 0.43251681327819824, 0.7929810285568237, 0.2913867235183716, 0.039304301142692566, 0.6669241189956665, 0.7770916223526001]","[0.14891581237316132, 0.1945289671421051, 0.11620735377073288, 0.224918931722641, 0.15581326186656952, 0.2130144089460373, 0.5488944053649902]",0.049787066876888275,-3.0,-3.0,0.1155133992433548,0.358085572719574,0.3580522835254669,"[-0.34702610969543457, 0.6234250068664551, 0.9209742546081543, -0.9306325912475586, -0.4006322920322418, -0.25174546241760254, 0.6359862685203552]","[0.27619561553001404, 0.2164812535047531, 0.043980278074741364, 0.041480984538793564, 0.16972176730632782, 0.1940082162618637, 0.719075083732605]",0.049787066876888275,-3.0,-3.0,0.1891741156578064,0.316219687461853,0.31698402762413025,0.36626288294792175,0.3662489056587219,"{""critic_optimizer_updates"": 2000, ""actor_optimizer_updates_0"": 84, ""actor_optimizer_updates_1"": 84, ""actor_optimizer_steps_total"": 168, ""alpha_optimizer_updates"": 84}",-3.131948947906494,2.1975388526916504,0.6229655742645264,3.719773292541504,0.878682017326355
A_fixed_critic,85,0.3241935670375824,0.32478082180023193,"[0.6764329075813293, 0.43213289976119995, 0.7930914163589478, 0.2905886769294739, 0.036060918122529984, 0.6667285561561584, 0.7827033996582031]","[0.1488741785287857, 0.1943233162164688, 0.11632684618234634, 0.2252238243818283, 0.1563751995563507, 0.2138628512620926, 0.5396888256072998]",0.049787066876888275,-3.0,-3.0,0.1155133992433548,0.3582240045070648,0.35819000005722046,"[-0.3473632037639618, 0.6238025426864624, 0.9211289882659912, -0.9305031299591064, -0.39968979358673096, -0.25419241189956665, 0.636680543422699]","[0.2758076786994934, 0.21643908321857452, 0.04381854087114334, 0.041417673230171204, 0.16938048601150513, 0.19389228522777557, 0.7177938222885132]",0.049787066876888275,-3.0,-3.0,0.188616082072258,0.3179103136062622,0.3186704218387604,0.36645978689193726,0.36645546555519104,"{""critic_optimizer_updates"": 2000, ""actor_optimizer_updates_0"": 85, ""actor_optimizer_updates_1"": 85, ""actor_optimizer_steps_total"": 170, ""alpha_optimizer_updates"": 85}",-3.131948947906494,2.1975388526916504,0.6229655742645264,3.719773292541504,0.878682017326355
A_fixed_critic,86,0.3254972994327545,0.32608720660209656,"[0.6765057444572449, 0.43313881754875183, 0.7930264472961426, 0.2888193130493164, 0.030954711139202118, 0.6662163138389587, 0.7881636619567871]","[0.14893212914466858, 0.19361862540245056, 0.11648758500814438, 0.22545592486858368, 0.1572301983833313, 0.21476010978221893, 0.5299193263053894]",0.049787066876888275,-3.0,-3.0,0.1160714328289032,0.3582540452480316,0.3582215905189514,"[-0.3469133973121643, 0.6235373020172119, 0.921134352684021, -0.9303184151649475, -0.401772677898407, -0.25359582901000977, 0.6372463703155518]","[0.27541273832321167, 0.21661506593227386, 0.04371526464819908, 0.04137793183326721, 0.16814950108528137, 0.19377130270004272, 0.7165362238883972]",0.049787066876888275,-3.0,-3.0,0.1869419664144516,0.31955400109291077,0.32031184434890747,0.3665408790111542,0.36654773354530334,"{""critic_optimizer_updates"": 2000, ""actor_optimizer_updates_0"": 86, ""actor_optimizer_updates_1"": 86, ""actor_optimizer_steps_total"": 172, ""alpha_optimizer_updates"": 86}",-3.131948947906494,2.1975388526916504,0.6229655742645264,3.719773292541504,0.878682017326355
A_fixed_critic,87,0.32693997025489807,0.3275319039821625,"[0.6767058372497559, 0.43379202485084534, 0.7930532097816467, 0.28731048107147217, 0.025896981358528137, 0.6660842895507812, 0.7939897179603577]","[0.14898613095283508, 0.19294214248657227, 0.11663126200437546, 0.22573603689670563, 0.15799593925476074, 0.21548649668693542, 0.5189670324325562]",0.049787066876888275,-3.0,-3.0,0.1160714328289032,0.35848647356033325,0.35845622420310974,"[-0.3468044400215149, 0.6236087679862976, 0.9212586879730225, -0.9301625490188599, -0.40422219038009644, -0.25320369005203247, 0.6379523277282715]","[0.2749905586242676, 0.21663466095924377, 0.04357002303004265, 0.0413287952542305, 0.16709326207637787, 0.1935555636882782, 0.71517413854599]",0.049787066876888275,-3.0,-3.0,0.184709832072258,0.3214353024959564,0.3221908509731293,0.3668421506881714,0.3668614327907562,"{""critic_optimizer_updates"": 2000, ""actor_optimizer_updates_0"": 87, ""actor_optimizer_updates_1"": 87, ""actor_optimizer_steps_total"": 174, ""alpha_optimizer_updates"": 87}",-3.131948947906494,2.1975388526916504,0.6229655742645264,3.719773292541504,0.878682017326355
A_fixed_critic,88,0.32837244868278503,0.328965961933136,"[0.6769064664840698, 0.4341299831867218, 0.7930978536605835, 0.28541794419288635, 0.020637257024645805, 0.6659799814224243, 0.8000805377960205]","[0.1490316540002823, 0.19227083027362823, 0.11677180230617523, 0.22600801289081573, 0.15856525301933289, 0.2161891907453537, 0.5070616602897644]",0.049787066876888275,-3.0,-3.0,0.1166294664144516,0.3586384356021881,0.35861021280288696,"[-0.34665894508361816, 0.6237422227859497, 0.9213305115699768, -0.9299851655960083, -0.40644440054893494, -0.25192761421203613, 0.63861083984375]","[0.27449989318847656, 0.21658363938331604, 0.04345519840717316, 0.04129249230027199, 0.16605226695537567, 0.19337715208530426, 0.7137634754180908]",0.049787066876888275,-3.0,-3.0,0.184709832072258,0.3234500288963318,0.32420289516448975,0.36708658933639526,0.367118775844574,"{""critic_optimizer_updates"": 2000, ""actor_optimizer_updates_0"": 88, ""actor_optimizer_updates_1"": 88, ""actor_optimizer_steps_total"": 176, ""alpha_optimizer_updates"": 88}",-3.131948947906494,2.1975388526916504,0.6229655742645264,3.719773292541504,0.878682017326355
A_fixed_critic,89,0.32984811067581177,0.3304425776004791,"[0.6770819425582886, 0.4339994788169861, 0.7930905222892761, 0.2832878530025482, 0.017640970647335052, 0.6659413576126099, 0.8068417310714722]","[0.1490486115217209, 0.19156424701213837, 0.11689142137765884, 0.22617679834365845, 0.1583612859249115, 0.21684929728507996, 0.49370670318603516]",0.049787066876888275,-3.0,-3.0,0.1183035746216774,0.35861527919769287,0.3585883378982544,"[-0.3460281491279602, 0.6239097714424133, 0.9214606285095215, -0.9298298358917236, -0.4076281785964966, -0.24964530766010284, 0.6397200226783752]","[0.2740679085254669, 0.21649669110774994, 0.043309811502695084, 0.04124559462070465, 0.16517028212547302, 0.19310112297534943, 0.7121610641479492]",0.049787066876888275,-3.0,-3.0,0.1835937649011612,0.3256514072418213,0.3264011740684509,0.36716336011886597,0.3672080338001251,"{""critic_optimizer_updates"": 2000, ""actor_optimizer_updates_0"": 89, ""actor_optimizer_updates_1"": 89, ""actor_optimizer_steps_total"": 178, ""alpha_optimizer_updates"": 89}",-3.131948947906494,2.1975388526916504,0.6229655742645264,3.719773292541504,0.878682017326355
A_fixed_critic,90,0.33140721917152405,0.3320021331310272,"[0.6772373914718628, 0.4334315359592438, 0.7931431531906128, 0.2805400490760803, 0.014378894120454788, 0.666176974773407, 0.8139909505844116]","[0.14902985095977783, 0.19086727499961853, 0.1169387474656105, 0.22627630829811096, 0.15822213888168335, 0.21730341017246246, 0.4795559346675873]",0.049787066876888275,-3.0,-3.0,0.117745541036129,0.35877716541290283,0.3587525188922882,"[-0.34616202116012573, 0.6241449117660522, 0.9216687679290771, -0.9297285079956055, -0.4094785749912262, -0.2467300444841385, 0.6414157152175903]","[0.2734558582305908, 0.216349795460701, 0.04313364997506142, 0.041169729083776474, 0.16409088671207428, 0.19270552694797516, 0.7102406620979309]",0.049787066876888275,-3.0,-3.0,0.1830357164144516,0.32803136110305786,0.32877764105796814,0.36741387844085693,0.36747249960899353,"{""critic_optimizer_updates"": 2000, ""actor_optimizer_updates_0"": 90, ""actor_optimizer_updates_1"": 90, ""actor_optimizer_steps_total"": 180, ""alpha_optimizer_updates"": 90}",-3.131948947906494,2.1975388526916504,0.6229655742645264,3.719773292541504,0.878682017326355
A_fixed_critic,91,0.33300504088401794,0.3336015045642853,"[0.6772961616516113, 0.43349289894104004, 0.7930364608764648, 0.2780635952949524, 0.010127294808626175, 0.6662671566009521, 0.8205403685569763]","[0.1490892618894577, 0.19020934402942657, 0.11704365164041519, 0.22656191885471344, 0.15849870443344116, 0.2177475094795227, 0.46626707911491394]",0.049787066876888275,-3.0,-3.0,0.1171875074505806,0.35915595293045044,0.35913458466529846,"[-0.34669092297554016, 0.6246752738952637, 0.9219256639480591, -0.9296433925628662, -0.4120302200317383, -0.2435280978679657, 0.6432986259460449]","[0.27288347482681274, 0.2161160558462143, 0.04294601455330849, 0.04108479619026184, 0.1630144715309143, 0.19224706292152405, 0.7081459164619446]",0.049787066876888275,-3.0,-3.0,0.1819196492433548,0.33040475845336914,0.33114904165267944,0.36788901686668396,0.3679622411727905,"{""critic_optimizer_updates"": 2000, ""actor_optimizer_updates_0"": 91, ""actor_optimizer_updates_1"": 91, ""actor_optimizer_steps_total"": 182, ""alpha_optimizer_updates"": 91}",-3.131948947906494,2.1975388526916504,0.6229655742645264,3.719773292541504,0.878682017326355
A_fixed_critic,92,0.3349558115005493,0.3355540335178375,"[0.6775082945823669, 0.4338762164115906, 0.7929973602294922, 0.276131272315979, 0.005940710660070181, 0.6664705276489258, 0.827473521232605]","[0.14911329746246338, 0.18964602053165436, 0.11712200939655304, 0.22698697447776794, 0.15879316627979279, 0.21811102330684662, 0.4526168704032898]",0.049787066876888275,-3.0,-3.0,0.1188616156578064,0.35987886786460876,0.35986262559890747,"[-0.34737929701805115, 0.6252857446670532, 0.922193169593811, -0.9295377731323242, -0.4166257977485657, -0.24109186232089996, 0.6451780796051025]","[0.272408664226532, 0.21593007445335388, 0.04276356101036072, 0.04101209342479706, 0.16163942217826843, 0.19185414910316467, 0.7059088349342346]",0.049787066876888275,-3.0,-3.0,0.180803582072258,0.3330918848514557,0.33383437991142273,0.3687193989753723,0.36880847811698914,"{""critic_optimizer_updates"": 2000, ""actor_optimizer_updates_0"": 92, ""actor_optimizer_updates_1"": 92, ""actor_optimizer_steps_total"": 184, ""alpha_optimizer_updates"": 92}",-3.131948947906494,2.1975388526916504,0.6229655742645264,3.719773292541504,0.878682017326355
A_fixed_critic,93,0.3373977243900299,0.33800050616264343,"[0.6777833700180054, 0.43609562516212463, 0.7930517792701721, 0.2747180461883545, 0.0011781200300902128, 0.666569709777832, 0.8346837162971497]","[0.149102121591568, 0.18862468004226685, 0.11713097989559174, 0.22752481698989868, 0.1592968851327896, 0.21851374208927155, 0.4390634596347809]",0.049787066876888275,-3.0,-3.0,0.1194196492433548,0.3608110547065735,0.3608003556728363,"[-0.34937721490859985, 0.6263461709022522, 0.9225645661354065, -0.9295022487640381, -0.4209962487220764, -0.23809438943862915, 0.6471428871154785]","[0.2717556357383728, 0.21557091176509857, 0.04254152998328209, 0.040902167558670044, 0.1602475494146347, 0.19143261015415192, 0.7035125494003296]",0.049787066876888275,-3.0,-3.0,0.1824776828289032,0.3361852765083313,0.3369283378124237,0.3697604238986969,0.369864821434021,"{""critic_optimizer_updates"": 2000, ""actor_optimizer_updates_0"": 93, ""actor_optimizer_updates_1"": 93, ""actor_optimizer_steps_total"": 186, ""alpha_optimizer_updates"": 93}",-3.131948947906494,2.1975388526916504,0.6229655742645264,3.719773292541504,0.878682017326355
A_fixed_critic,94,0.33981361985206604,0.3404192328453064,"[0.6779615879058838, 0.43727636337280273, 0.7931228876113892, 0.27262818813323975, -0.003344947937875986, 0.6667539477348328, 0.8420665264129639]","[0.14904135465621948, 0.18776434659957886, 0.11707323044538498, 0.22804781794548035, 0.15934674441814423, 0.2187829464673996, 0.42585915327072144]",0.049787066876888275,-3.0,-3.0,0.1194196492433548,0.36173683404922485,0.3617306053638458,"[-0.3506733775138855, 0.6274476647377014, 0.9229660034179688, -0.9295011758804321, -0.42503517866134644, -0.2363509237766266, 0.6489609479904175]","[0.27119868993759155, 0.21510805189609528, 0.042299799621105194, 0.040768515318632126, 0.15906597673892975, 0.1910685896873474, 0.7010981440544128]",0.049787066876888275,-3.0,-3.0,0.1835937649011612,0.33917200565338135,0.3399142920970917,0.37079688906669617,0.3709166347980499,"{""critic_optimizer_updates"": 2000, ""actor_optimizer_updates_0"": 94, ""actor_optimizer_updates_1"": 94, ""actor_optimizer_steps_total"": 188, ""alpha_optimizer_updates"": 94}",-3.131948947906494,2.1975388526916504,0.6229655742645264,3.719773292541504,0.878682017326355
A_fixed_critic,95,0.34239616990089417,0.3430045247077942,"[0.6782041788101196, 0.4382970333099365, 0.7930679321289062, 0.273685097694397, -0.007604615297168493, 0.6668003797531128, 0.8487190008163452]","[0.14901337027549744, 0.1872200220823288, 0.11708333343267441, 0.2287454456090927, 0.15963539481163025, 0.21911175549030304, 0.41433098912239075]",0.049787066876888275,-3.0,-3.0,0.117745541036129,0.3626483678817749,0.36264556646347046,"[-0.3525892496109009, 0.6287879943847656, 0.9233506917953491, -0.9295162558555603, -0.4271770119667053, -0.23587274551391602, 0.6509906053543091]","[0.2706567347049713, 0.21460065245628357, 0.0420663058757782, 0.04062473401427269, 0.15804749727249146, 0.1905011236667633, 0.698501706123352]",0.049787066876888275,-3.0,-3.0,0.1835937649011612,0.3421127200126648,0.3428550660610199,0.37182292342185974,0.371957391500473,"{""critic_optimizer_updates"": 2000, ""actor_optimizer_updates_0"": 95, ""actor_optimizer_updates_1"": 95, ""actor_optimizer_steps_total"": 190, ""alpha_optimizer_updates"": 95}",-3.131948947906494,2.1975388526916504,0.6229655742645264,3.719773292541504,0.878682017326355
A_fixed_critic,96,0.3446287512779236,0.34523919224739075,"[0.6784144639968872, 0.4387914538383484, 0.7928911447525024, 0.2750820815563202, -0.011105899699032307, 0.6666660308837891, 0.8541483283042908]","[0.14900512993335724, 0.1867881566286087, 0.11713770776987076, 0.22934575378894806, 0.15978261828422546, 0.2194766104221344, 0.4048391282558441]",0.049787066876888275,-3.0,-3.0,0.1171875074505806,0.3633083999156952,0.3633069694042206,"[-0.35413095355033875, 0.6303209066390991, 0.923757791519165, -0.9295573830604553, -0.4269542396068573, -0.2356380820274353, 0.6530053615570068]","[0.27012062072753906, 0.2139599770307541, 0.041810762137174606, 0.040466997772455215, 0.15733113884925842, 0.18983094394207, 0.6957955956459045]",0.049787066876888275,-3.0,-3.0,0.1813616156578064,0.34459859132766724,0.3453408181667328,0.37263181805610657,0.3727782964706421,"{""critic_optimizer_updates"": 2000, ""actor_optimizer_updates_0"": 96, ""actor_optimizer_updates_1"": 96, ""actor_optimizer_steps_total"": 192, ""alpha_optimizer_updates"": 96}",-3.131948947906494,2.1975388526916504,0.6229655742645264,3.719773292541504,0.878682017326355
A_fixed_critic,97,0.34664490818977356,0.34725695848464966,"[0.6786038875579834, 0.4387330412864685, 0.7926910519599915, 0.27587834000587463, -0.014450605027377605, 0.6665716767311096, 0.859075665473938]","[0.1489754617214203, 0.18636982142925262, 0.1171661987900734, 0.22998826205730438, 0.15980736911296844, 0.21977463364601135, 0.39632856845855713]",0.049787066876888275,-3.0,-3.0,0.117745541036129,0.36401814222335815,0.3640184998512268,"[-0.35522550344467163, 0.6317217946052551, 0.9241525530815125, -0.9296005368232727, -0.42746785283088684, -0.23548129200935364, 0.6550583243370056]","[0.26966506242752075, 0.21329668164253235, 0.04156080260872841, 0.04030783474445343, 0.15655803680419922, 0.18913187086582184, 0.6928452849388123]",0.049787066876888275,-3.0,-3.0,0.1824776828289032,0.3468250036239624,0.3475664258003235,0.37350180745124817,0.37366172671318054,"{""critic_optimizer_updates"": 2000, ""actor_optimizer_updates_0"": 97, ""actor_optimizer_updates_1"": 97, ""actor_optimizer_steps_total"": 194, ""alpha_optimizer_updates"": 97}",-3.131948947906494,2.1975388526916504,0.6229655742645264,3.719773292541504,0.878682017326355
A_fixed_critic,98,0.3485232889652252,0.3491368591785431,"[0.6788274049758911, 0.43850743770599365, 0.7924429178237915, 0.2767701745033264, -0.017769109457731247, 0.6664530038833618, 0.8635265827178955]","[0.1489749550819397, 0.1861473172903061, 0.11720539629459381, 0.2307058572769165, 0.15955787897109985, 0.220055490732193, 0.3885107934474945]",0.049787066876888275,-3.0,-3.0,0.1160714328289032,0.3646050989627838,0.3646056354045868,"[-0.35606762766838074, 0.633002758026123, 0.9245330095291138, -0.9296118021011353, -0.4259845018386841, -0.2374221384525299, 0.6573371887207031]","[0.2693251073360443, 0.2127070426940918, 0.041332095861434937, 0.04017003998160362, 0.15619038045406342, 0.18835359811782837, 0.6895962357521057]",0.049787066876888275,-3.0,-3.0,0.1824776828289032,0.34887662529945374,0.3496173024177551,0.3742656409740448,0.37443864345550537,"{""critic_optimizer_updates"": 2000, ""actor_optimizer_updates_0"": 98, ""actor_optimizer_updates_1"": 98, ""actor_optimizer_steps_total"": 196, ""alpha_optimizer_updates"": 98}",-3.131948947906494,2.1975388526916504,0.6229655742645264,3.719773292541504,0.878682017326355
A_fixed_critic,99,0.35025152564048767,0.3508664071559906,"[0.6790576577186584, 0.43830543756484985, 0.7922688126564026, 0.2773881256580353, -0.020695945248007774, 0.6664679050445557, 0.8675018548965454]","[0.14898206293582916, 0.18599866330623627, 0.11720780283212662, 0.2314123809337616, 0.15912798047065735, 0.22017785906791687, 0.3813641369342804]",0.049787066876888275,-3.0,-3.0,0.1160714328289032,0.36522552371025085,0.36522677540779114,"[-0.3566198945045471, 0.6343461275100708, 0.9249138236045837, -0.929634153842926, -0.4251912236213684, -0.23875965178012848, 0.659510612487793]","[0.268975168466568, 0.21205317974090576, 0.04110189527273178, 0.040032416582107544, 0.15574535727500916, 0.18755470216274261, 0.6863201856613159]",0.049787066876888275,-3.0,-3.0,0.1819196492433548,0.35072460770606995,0.35146456956863403,0.3750675916671753,0.37525269389152527,"{""critic_optimizer_updates"": 2000, ""actor_optimizer_updates_0"": 99, ""actor_optimizer_updates_1"": 99, ""actor_optimizer_steps_total"": 198, ""alpha_optimizer_updates"": 99}",-3.131948947906494,2.1975388526916504,0.6229655742645264,3.719773292541504,0.878682017326355
A_fixed_critic,100,0.3520341217517853,0.35265037417411804,"[0.6792764663696289, 0.4378904104232788, 0.7922273278236389, 0.277544230222702, -0.023767970502376556, 0.6668099164962769, 0.8715963363647461]","[0.14905133843421936, 0.1858902871608734, 0.11717508733272552, 0.23215427994728088, 0.15860673785209656, 0.22015877068042755, 0.37405675649642944]",0.049787066876888275,-3.0,-3.0,0.1149553656578064,0.3657805621623993,0.3657814860343933,"[-0.35702207684516907, 0.6358413696289062, 0.9252996444702148, -0.9296303987503052, -0.42326846718788147, -0.23998630046844482, 0.6620832681655884]","[0.268704354763031, 0.21132801473140717, 0.04088336229324341, 0.039918575435876846, 0.1554553061723709, 0.1867954134941101, 0.6825887560844421]",0.049787066876888275,-3.0,-3.0,0.180803582072258,0.3526048958301544,0.35334405303001404,0.37584325671195984,0.37604042887687683,"{""critic_optimizer_updates"": 2000, ""actor_optimizer_updates_0"": 100, ""actor_optimizer_updates_1"": 100, ""actor_optimizer_steps_total"": 200, ""alpha_optimizer_updates"": 100}",-3.131948947906494,2.1975388526916504,0.6229655742645264,3.719773292541504,0.878682017326355
B_fixed_actor,1,0.0,0.0002256622101413086,"[0.03222712129354477, 0.005191916599869728, 0.08398236334323883, 0.0036425329744815826, 0.008654562756419182, -0.06544207036495209, 0.663865327835083]","[0.08840353786945343, 0.13165250420570374, 0.14031493663787842, 0.013186201453208923, 0.021283119916915894, 0.20851187407970428, 0.7489963173866272]",0.049787066876888275,-3.0,-3.0,0.1484375,0.0,0.00018666764663066715,"[0.03270529583096504, 0.0019058503676205873, 0.08648394048213959, 0.006068564485758543, 0.005836599040776491, -0.06558745354413986, 0.6639769673347473]","[0.0795089453458786, 0.1287095844745636, 0.14078418910503387, 0.014901879243552685, 0.02235759049654007, 0.20919282734394073, 0.7489326000213623]",0.049787066876888275,-3.0,-3.0,0.1478794664144516,0.0,0.0009363924618810415,0.0,0.000372840731870383,"{""critic_optimizer_updates"": 2001, ""actor_optimizer_updates_0"": 0, ""actor_optimizer_updates_1"": 0, ""actor_optimizer_steps_total"": 0, ""alpha_optimizer_updates"": 0}",-3.112229347229004,2.202852249145508,0.6280354261398315,3.7376794815063477,0.880581259727478
B_fixed_actor,2,0.0,0.0002256622101413086,"[0.03222712129354477, 0.005191916599869728, 0.08398236334323883, 0.0036425329744815826, 0.008654562756419182, -0.06544207036495209, 0.663865327835083]","[0.08840353786945343, 0.13165250420570374, 0.14031493663787842, 0.013186201453208923, 0.021283119916915894, 0.20851187407970428, 0.7489963173866272]",0.049787066876888275,-3.0,-3.0,0.1484375,0.0,0.00018666764663066715,"[0.03270529583096504, 0.0019058503676205873, 0.08648394048213959, 0.006068564485758543, 0.005836599040776491, -0.06558745354413986, 0.6639769673347473]","[0.0795089453458786, 0.1287095844745636, 0.14078418910503387, 0.014901879243552685, 0.02235759049654007, 0.20919282734394073, 0.7489326000213623]",0.049787066876888275,-3.0,-3.0,0.1478794664144516,0.0,0.0009363924618810415,0.0,0.000372840731870383,"{""critic_optimizer_updates"": 2002, ""actor_optimizer_updates_0"": 0, ""actor_optimizer_updates_1"": 0, ""actor_optimizer_steps_total"": 0, ""alpha_optimizer_updates"": 0}",-3.047213554382324,2.192852020263672,0.6324959993362427,3.7218079566955566,0.8833956718444824
B_fixed_actor,3,0.0,0.0002256622101413086,"[0.03222712129354477, 0.005191916599869728, 0.08398236334323883, 0.0036425329744815826, 0.008654562756419182, -0.06544207036495209, 0.663865327835083]","[0.08840353786945343, 0.13165250420570374, 0.14031493663787842, 0.013186201453208923, 0.021283119916915894, 0.20851187407970428, 0.7489963173866272]",0.049787066876888275,-3.0,-3.0,0.1484375,0.0,0.00018666764663066715,"[0.03270529583096504, 0.0019058503676205873, 0.08648394048213959, 0.006068564485758543, 0.005836599040776491, -0.06558745354413986, 0.6639769673347473]","[0.0795089453458786, 0.1287095844745636, 0.14078418910503387, 0.014901879243552685, 0.02235759049654007, 0.20919282734394073, 0.7489326000213623]",0.049787066876888275,-3.0,-3.0,0.1478794664144516,0.0,0.0009363924618810415,0.0,0.000372840731870383,"{""critic_optimizer_updates"": 2003, ""actor_optimizer_updates_0"": 0, ""actor_optimizer_updates_1"": 0, ""actor_optimizer_steps_total"": 0, ""alpha_optimizer_updates"": 0}",-2.997298240661621,2.1830453872680664,0.637637734413147,3.698917865753174,0.8849940299987793
B_fixed_actor,4,0.0,0.0002256622101413086,"[0.03222712129354477, 0.005191916599869728, 0.08398236334323883, 0.0036425329744815826, 0.008654562756419182, -0.06544207036495209, 0.663865327835083]","[0.08840353786945343, 0.13165250420570374, 0.14031493663787842, 0.013186201453208923, 0.021283119916915894, 0.20851187407970428, 0.7489963173866272]",0.049787066876888275,-3.0,-3.0,0.1484375,0.0,0.00018666764663066715,"[0.03270529583096504, 0.0019058503676205873, 0.08648394048213959, 0.006068564485758543, 0.005836599040776491, -0.06558745354413986, 0.6639769673347473]","[0.0795089453458786, 0.1287095844745636, 0.14078418910503387, 0.014901879243552685, 0.02235759049654007, 0.20919282734394073, 0.7489326000213623]",0.049787066876888275,-3.0,-3.0,0.1478794664144516,0.0,0.0009363924618810415,0.0,0.000372840731870383,"{""critic_optimizer_updates"": 2004, ""actor_optimizer_updates_0"": 0, ""actor_optimizer_updates_1"": 0, ""actor_optimizer_steps_total"": 0, ""alpha_optimizer_updates"": 0}",-3.106245517730713,2.1963424682617188,0.6439993381500244,3.7448248863220215,0.885766863822937
B_fixed_actor,5,0.0,0.0002256622101413086,"[0.03222712129354477, 0.005191916599869728, 0.08398236334323883, 0.0036425329744815826, 0.008654562756419182, -0.06544207036495209, 0.663865327835083]","[0.08840353786945343, 0.13165250420570374, 0.14031493663787842, 0.013186201453208923, 0.021283119916915894, 0.20851187407970428, 0.7489963173866272]",0.049787066876888275,-3.0,-3.0,0.1484375,0.0,0.00018666764663066715,"[0.03270529583096504, 0.0019058503676205873, 0.08648394048213959, 0.006068564485758543, 0.005836599040776491, -0.06558745354413986, 0.6639769673347473]","[0.0795089453458786, 0.1287095844745636, 0.14078418910503387, 0.014901879243552685, 0.02235759049654007, 0.20919282734394073, 0.7489326000213623]",0.049787066876888275,-3.0,-3.0,0.1478794664144516,0.0,0.0009363924618810415,0.0,0.000372840731870383,"{""critic_optimizer_updates"": 2005, ""actor_optimizer_updates_0"": 0, ""actor_optimizer_updates_1"": 0, ""actor_optimizer_steps_total"": 0, ""alpha_optimizer_updates"": 0}",-3.1855967044830322,2.2165980339050293,0.6508514285087585,3.7952444553375244,0.8862947225570679
B_fixed_actor,6,0.0,0.0002256622101413086,"[0.03222712129354477, 0.005191916599869728, 0.08398236334323883, 0.0036425329744815826, 0.008654562756419182, -0.06544207036495209, 0.663865327835083]","[0.08840353786945343, 0.13165250420570374, 0.14031493663787842, 0.013186201453208923, 0.021283119916915894, 0.20851187407970428, 0.7489963173866272]",0.049787066876888275,-3.0,-3.0,0.1484375,0.0,0.00018666764663066715,"[0.03270529583096504, 0.0019058503676205873, 0.08648394048213959, 0.006068564485758543, 0.005836599040776491, -0.06558745354413986, 0.6639769673347473]","[0.0795089453458786, 0.1287095844745636, 0.14078418910503387, 0.014901879243552685, 0.02235759049654007, 0.20919282734394073, 0.7489326000213623]",0.049787066876888275,-3.0,-3.0,0.1478794664144516,0.0,0.0009363924618810415,0.0,0.000372840731870383,"{""critic_optimizer_updates"": 2006, ""actor_optimizer_updates_0"": 0, ""actor_optimizer_updates_1"": 0, ""actor_optimizer_steps_total"": 0, ""alpha_optimizer_updates"": 0}",-3.1617674827575684,2.215104818344116,0.6523696780204773,3.8111705780029297,0.8868130445480347
B_fixed_actor,7,0.0,0.0002256622101413086,"[0.03222712129354477, 0.005191916599869728, 0.08398236334323883, 0.0036425329744815826, 0.008654562756419182, -0.06544207036495209, 0.663865327835083]","[0.08840353786945343, 0.13165250420570374, 0.14031493663787842, 0.013186201453208923, 0.021283119916915894, 0.20851187407970428, 0.7489963173866272]",0.049787066876888275,-3.0,-3.0,0.1484375,0.0,0.00018666764663066715,"[0.03270529583096504, 0.0019058503676205873, 0.08648394048213959, 0.006068564485758543, 0.005836599040776491, -0.06558745354413986, 0.6639769673347473]","[0.0795089453458786, 0.1287095844745636, 0.14078418910503387, 0.014901879243552685, 0.02235759049654007, 0.20919282734394073, 0.7489326000213623]",0.049787066876888275,-3.0,-3.0,0.1478794664144516,0.0,0.0009363924618810415,0.0,0.000372840731870383,"{""critic_optimizer_updates"": 2007, ""actor_optimizer_updates_0"": 0, ""actor_optimizer_updates_1"": 0, ""actor_optimizer_steps_total"": 0, ""alpha_optimizer_updates"": 0}",-3.098748207092285,2.2042675018310547,0.6532251238822937,3.793430805206299,0.8871406316757202
B_fixed_actor,8,0.0,0.0002256622101413086,"[0.03222712129354477, 0.005191916599869728, 0.08398236334323883, 0.0036425329744815826, 0.008654562756419182, -0.06544207036495209, 0.663865327835083]","[0.08840353786945343, 0.13165250420570374, 0.14031493663787842, 0.013186201453208923, 0.021283119916915894, 0.20851187407970428, 0.7489963173866272]",0.049787066876888275,-3.0,-3.0,0.1484375,0.0,0.00018666764663066715,"[0.03270529583096504, 0.0019058503676205873, 0.08648394048213959, 0.006068564485758543, 0.005836599040776491, -0.06558745354413986, 0.6639769673347473]","[0.0795089453458786, 0.1287095844745636, 0.14078418910503387, 0.014901879243552685, 0.02235759049654007, 0.20919282734394073, 0.7489326000213623]",0.049787066876888275,-3.0,-3.0,0.1478794664144516,0.0,0.0009363924618810415,0.0,0.000372840731870383,"{""critic_optimizer_updates"": 2008, ""actor_optimizer_updates_0"": 0, ""actor_optimizer_updates_1"": 0, ""actor_optimizer_steps_total"": 0, ""alpha_optimizer_updates"": 0}",-3.048152446746826,2.199284076690674,0.6552261710166931,3.775668144226074,0.887750506401062
B_fixed_actor,9,0.0,0.0002256622101413086,"[0.03222712129354477, 0.005191916599869728, 0.08398236334323883, 0.0036425329744815826, 0.008654562756419182, -0.06544207036495209, 0.663865327835083]","[0.08840353786945343, 0.13165250420570374, 0.14031493663787842, 0.013186201453208923, 0.021283119916915894, 0.20851187407970428, 0.7489963173866272]",0.049787066876888275,-3.0,-3.0,0.1484375,0.0,0.00018666764663066715,"[0.03270529583096504, 0.0019058503676205873, 0.08648394048213959, 0.006068564485758543, 0.005836599040776491, -0.06558745354413986, 0.6639769673347473]","[0.0795089453458786, 0.1287095844745636, 0.14078418910503387, 0.014901879243552685, 0.02235759049654007, 0.20919282734394073, 0.7489326000213623]",0.049787066876888275,-3.0,-3.0,0.1478794664144516,0.0,0.0009363924618810415,0.0,0.000372840731870383,"{""critic_optimizer_updates"": 2009, ""actor_optimizer_updates_0"": 0, ""actor_optimizer_updates_1"": 0, ""actor_optimizer_steps_total"": 0, ""alpha_optimizer_updates"": 0}",-3.0766282081604004,2.20355224609375,0.6563076376914978,3.794086456298828,0.8873701691627502
B_fixed_actor,10,0.0,0.0002256622101413086,"[0.03222712129354477, 0.005191916599869728, 0.08398236334323883, 0.0036425329744815826, 0.008654562756419182, -0.06544207036495209, 0.663865327835083]","[0.08840353786945343, 0.13165250420570374, 0.14031493663787842, 0.013186201453208923, 0.021283119916915894, 0.20851187407970428, 0.7489963173866272]",0.049787066876888275,-3.0,-3.0,0.1484375,0.0,0.00018666764663066715,"[0.03270529583096504, 0.0019058503676205873, 0.08648394048213959, 0.006068564485758543, 0.005836599040776491, -0.06558745354413986, 0.6639769673347473]","[0.0795089453458786, 0.1287095844745636, 0.14078418910503387, 0.014901879243552685, 0.02235759049654007, 0.20919282734394073, 0.7489326000213623]",0.049787066876888275,-3.0,-3.0,0.1478794664144516,0.0,0.0009363924618810415,0.0,0.000372840731870383,"{""critic_optimizer_updates"": 2010, ""actor_optimizer_updates_0"": 0, ""actor_optimizer_updates_1"": 0, ""actor_optimizer_steps_total"": 0, ""alpha_optimizer_updates"": 0}",-3.148195266723633,2.206613540649414,0.6563965082168579,3.8068439960479736,0.8864457607269287
B_fixed_actor,11,0.0,0.0002256622101413086,"[0.03222712129354477, 0.005191916599869728, 0.08398236334323883, 0.0036425329744815826, 0.008654562756419182, -0.06544207036495209, 0.663865327835083]","[0.08840353786945343, 0.13165250420570374, 0.14031493663787842, 0.013186201453208923, 0.021283119916915894, 0.20851187407970428, 0.7489963173866272]",0.049787066876888275,-3.0,-3.0,0.1484375,0.0,0.00018666764663066715,"[0.03270529583096504, 0.0019058503676205873, 0.08648394048213959, 0.006068564485758543, 0.005836599040776491, -0.06558745354413986, 0.6639769673347473]","[0.0795089453458786, 0.1287095844745636, 0.14078418910503387, 0.014901879243552685, 0.02235759049654007, 0.20919282734394073, 0.7489326000213623]",0.049787066876888275,-3.0,-3.0,0.1478794664144516,0.0,0.0009363924618810415,0.0,0.000372840731870383,"{""critic_optimizer_updates"": 2011, ""actor_optimizer_updates_0"": 0, ""actor_optimizer_updates_1"": 0, ""actor_optimizer_steps_total"": 0, ""alpha_optimizer_updates"": 0}",-3.1504199504852295,2.2212636470794678,0.6547658443450928,3.8258309364318848,0.8852323889732361
B_fixed_actor,12,0.0,0.0002256622101413086,"[0.03222712129354477, 0.005191916599869728, 0.08398236334323883, 0.0036425329744815826, 0.008654562756419182, -0.06544207036495209, 0.663865327835083]","[0.08840353786945343, 0.13165250420570374, 0.14031493663787842, 0.013186201453208923, 0.021283119916915894, 0.20851187407970428, 0.7489963173866272]",0.049787066876888275,-3.0,-3.0,0.1484375,0.0,0.00018666764663066715,"[0.03270529583096504, 0.0019058503676205873, 0.08648394048213959, 0.006068564485758543, 0.005836599040776491, -0.06558745354413986, 0.6639769673347473]","[0.0795089453458786, 0.1287095844745636, 0.14078418910503387, 0.014901879243552685, 0.02235759049654007, 0.20919282734394073, 0.7489326000213623]",0.049787066876888275,-3.0,-3.0,0.1478794664144516,0.0,0.0009363924618810415,0.0,0.000372840731870383,"{""critic_optimizer_updates"": 2012, ""actor_optimizer_updates_0"": 0, ""actor_optimizer_updates_1"": 0, ""actor_optimizer_steps_total"": 0, ""alpha_optimizer_updates"": 0}",-3.077194929122925,2.210029125213623,0.6567413806915283,3.8184101581573486,0.884781002998352
B_fixed_actor,13,0.0,0.0002256622101413086,"[0.03222712129354477, 0.005191916599869728, 0.08398236334323883, 0.0036425329744815826, 0.008654562756419182, -0.06544207036495209, 0.663865327835083]","[0.08840353786945343, 0.13165250420570374, 0.14031493663787842, 0.013186201453208923, 0.021283119916915894, 0.20851187407970428, 0.7489963173866272]",0.049787066876888275,-3.0,-3.0,0.1484375,0.0,0.00018666764663066715,"[0.03270529583096504, 0.0019058503676205873, 0.08648394048213959, 0.006068564485758543, 0.005836599040776491, -0.06558745354413986, 0.6639769673347473]","[0.0795089453458786, 0.1287095844745636, 0.14078418910503387, 0.014901879243552685, 0.02235759049654007, 0.20919282734394073, 0.7489326000213623]",0.049787066876888275,-3.0,-3.0,0.1478794664144516,0.0,0.0009363924618810415,0.0,0.000372840731870383,"{""critic_optimizer_updates"": 2013, ""actor_optimizer_updates_0"": 0, ""actor_optimizer_updates_1"": 0, ""actor_optimizer_steps_total"": 0, ""alpha_optimizer_updates"": 0}",-3.001077890396118,2.212491750717163,0.6567741632461548,3.8100624084472656,0.8848950266838074
B_fixed_actor,14,0.0,0.0002256622101413086,"[0.03222712129354477, 0.005191916599869728, 0.08398236334323883, 0.0036425329744815826, 0.008654562756419182, -0.06544207036495209, 0.663865327835083]","[0.08840353786945343, 0.13165250420570374, 0.14031493663787842, 0.013186201453208923, 0.021283119916915894, 0.20851187407970428, 0.7489963173866272]",0.049787066876888275,-3.0,-3.0,0.1484375,0.0,0.00018666764663066715,"[0.03270529583096504, 0.0019058503676205873, 0.08648394048213959, 0.006068564485758543, 0.005836599040776491, -0.06558745354413986, 0.6639769673347473]","[0.0795089453458786, 0.1287095844745636, 0.14078418910503387, 0.014901879243552685, 0.02235759049654007, 0.20919282734394073, 0.7489326000213623]",0.049787066876888275,-3.0,-3.0,0.1478794664144516,0.0,0.0009363924618810415,0.0,0.000372840731870383,"{""critic_optimizer_updates"": 2014, ""actor_optimizer_updates_0"": 0, ""actor_optimizer_updates_1"": 0, ""actor_optimizer_steps_total"": 0, ""alpha_optimizer_updates"": 0}",-2.9579691886901855,2.1904850006103516,0.6573172807693481,3.7837424278259277,0.8847413659095764
B_fixed_actor,15,0.0,0.0002256622101413086,"[0.03222712129354477, 0.005191916599869728, 0.08398236334323883, 0.0036425329744815826, 0.008654562756419182, -0.06544207036495209, 0.663865327835083]","[0.08840353786945343, 0.13165250420570374, 0.14031493663787842, 0.013186201453208923, 0.021283119916915894, 0.20851187407970428, 0.7489963173866272]",0.049787066876888275,-3.0,-3.0,0.1484375,0.0,0.00018666764663066715,"[0.03270529583096504, 0.0019058503676205873, 0.08648394048213959, 0.006068564485758543, 0.005836599040776491, -0.06558745354413986, 0.6639769673347473]","[0.0795089453458786, 0.1287095844745636, 0.14078418910503387, 0.014901879243552685, 0.02235759049654007, 0.20919282734394073, 0.7489326000213623]",0.049787066876888275,-3.0,-3.0,0.1478794664144516,0.0,0.0009363924618810415,0.0,0.000372840731870383,"{""critic_optimizer_updates"": 2015, ""actor_optimizer_updates_0"": 0, ""actor_optimizer_updates_1"": 0, ""actor_optimizer_steps_total"": 0, ""alpha_optimizer_updates"": 0}",-3.0254197120666504,2.1748929023742676,0.6496862173080444,3.768204689025879,0.8815099000930786
B_fixed_actor,16,0.0,0.0002256622101413086,"[0.03222712129354477, 0.005191916599869728, 0.08398236334323883, 0.0036425329744815826, 0.008654562756419182, -0.06544207036495209, 0.663865327835083]","[0.08840353786945343, 0.13165250420570374, 0.14031493663787842, 0.013186201453208923, 0.021283119916915894, 0.20851187407970428, 0.7489963173866272]",0.049787066876888275,-3.0,-3.0,0.1484375,0.0,0.00018666764663066715,"[0.03270529583096504, 0.0019058503676205873, 0.08648394048213959, 0.006068564485758543, 0.005836599040776491, -0.06558745354413986, 0.6639769673347473]","[0.0795089453458786, 0.1287095844745636, 0.14078418910503387, 0.014901879243552685, 0.02235759049654007, 0.20919282734394073, 0.7489326000213623]",0.049787066876888275,-3.0,-3.0,0.1478794664144516,0.0,0.0009363924618810415,0.0,0.000372840731870383,"{""critic_optimizer_updates"": 2016, ""actor_optimizer_updates_0"": 0, ""actor_optimizer_updates_1"": 0, ""actor_optimizer_steps_total"": 0, ""alpha_optimizer_updates"": 0}",-3.0808424949645996,2.165102958679199,0.6451524496078491,3.7489466667175293,0.8796213865280151
B_fixed_actor,17,0.0,0.0002256622101413086,"[0.03222712129354477, 0.005191916599869728, 0.08398236334323883, 0.0036425329744815826, 0.008654562756419182, -0.06544207036495209, 0.663865327835083]","[0.08840353786945343, 0.13165250420570374, 0.14031493663787842, 0.013186201453208923, 0.021283119916915894, 0.20851187407970428, 0.7489963173866272]",0.049787066876888275,-3.0,-3.0,0.1484375,0.0,0.00018666764663066715,"[0.03270529583096504, 0.0019058503676205873, 0.08648394048213959, 0.006068564485758543, 0.005836599040776491, -0.06558745354413986, 0.6639769673347473]","[0.0795089453458786, 0.1287095844745636, 0.14078418910503387, 0.014901879243552685, 0.02235759049654007, 0.20919282734394073, 0.7489326000213623]",0.049787066876888275,-3.0,-3.0,0.1478794664144516,0.0,0.0009363924618810415,0.0,0.000372840731870383,"{""critic_optimizer_updates"": 2017, ""actor_optimizer_updates_0"": 0, ""actor_optimizer_updates_1"": 0, ""actor_optimizer_steps_total"": 0, ""alpha_optimizer_updates"": 0}",-3.115159749984741,2.1438980102539062,0.635360598564148,3.7097103595733643,0.8765848278999329
B_fixed_actor,18,0.0,0.0002256622101413086,"[0.03222712129354477, 0.005191916599869728, 0.08398236334323883, 0.0036425329744815826, 0.008654562756419182, -0.06544207036495209, 0.663865327835083]","[0.08840353786945343, 0.13165250420570374, 0.14031493663787842, 0.013186201453208923, 0.021283119916915894, 0.20851187407970428, 0.7489963173866272]",0.049787066876888275,-3.0,-3.0,0.1484375,0.0,0.00018666764663066715,"[0.03270529583096504, 0.0019058503676205873, 0.08648394048213959, 0.006068564485758543, 0.005836599040776491, -0.06558745354413986, 0.6639769673347473]","[0.0795089453458786, 0.1287095844745636, 0.14078418910503387, 0.014901879243552685, 0.02235759049654007, 0.20919282734394073, 0.7489326000213623]",0.049787066876888275,-3.0,-3.0,0.1478794664144516,0.0,0.0009363924618810415,0.0,0.000372840731870383,"{""critic_optimizer_updates"": 2018, ""actor_optimizer_updates_0"": 0, ""actor_optimizer_updates_1"": 0, ""actor_optimizer_steps_total"": 0, ""alpha_optimizer_updates"": 0}",-3.1080846786499023,2.112298011779785,0.6325783729553223,3.664076805114746,0.8744147419929504
B_fixed_actor,19,0.0,0.0002256622101413086,"[0.03222712129354477, 0.005191916599869728, 0.08398236334323883, 0.0036425329744815826, 0.008654562756419182, -0.06544207036495209, 0.663865327835083]","[0.08840353786945343, 0.13165250420570374, 0.14031493663787842, 0.013186201453208923, 0.021283119916915894, 0.20851187407970428, 0.7489963173866272]",0.049787066876888275,-3.0,-3.0,0.1484375,0.0,0.00018666764663066715,"[0.03270529583096504, 0.0019058503676205873, 0.08648394048213959, 0.006068564485758543, 0.005836599040776491, -0.06558745354413986, 0.6639769673347473]","[0.0795089453458786, 0.1287095844745636, 0.14078418910503387, 0.014901879243552685, 0.02235759049654007, 0.20919282734394073, 0.7489326000213623]",0.049787066876888275,-3.0,-3.0,0.1478794664144516,0.0,0.0009363924618810415,0.0,0.000372840731870383,"{""critic_optimizer_updates"": 2019, ""actor_optimizer_updates_0"": 0, ""actor_optimizer_updates_1"": 0, ""actor_optimizer_steps_total"": 0, ""alpha_optimizer_updates"": 0}",-3.021561861038208,2.0921690464019775,0.628890872001648,3.612760305404663,0.8745466470718384
B_fixed_actor,20,0.0,0.0002256622101413086,"[0.03222712129354477, 0.005191916599869728, 0.08398236334323883, 0.0036425329744815826, 0.008654562756419182, -0.06544207036495209, 0.663865327835083]","[0.08840353786945343, 0.13165250420570374, 0.14031493663787842, 0.013186201453208923, 0.021283119916915894, 0.20851187407970428, 0.7489963173866272]",0.049787066876888275,-3.0,-3.0,0.1484375,0.0,0.00018666764663066715,"[0.03270529583096504, 0.0019058503676205873, 0.08648394048213959, 0.006068564485758543, 0.005836599040776491, -0.06558745354413986, 0.6639769673347473]","[0.0795089453458786, 0.1287095844745636, 0.14078418910503387, 0.014901879243552685, 0.02235759049654007, 0.20919282734394073, 0.7489326000213623]",0.049787066876888275,-3.0,-3.0,0.1478794664144516,0.0,0.0009363924618810415,0.0,0.000372840731870383,"{""critic_optimizer_updates"": 2020, ""actor_optimizer_updates_0"": 0, ""actor_optimizer_updates_1"": 0, ""actor_optimizer_steps_total"": 0, ""alpha_optimizer_updates"": 0}",-3.0195083618164062,2.1081745624542236,0.6325538754463196,3.613029956817627,0.8786145448684692
B_fixed_actor,21,0.0,0.0002256622101413086,"[0.03222712129354477, 0.005191916599869728, 0.08398236334323883, 0.0036425329744815826, 0.008654562756419182, -0.06544207036495209, 0.663865327835083]","[0.08840353786945343, 0.13165250420570374, 0.14031493663787842, 0.013186201453208923, 0.021283119916915894, 0.20851187407970428, 0.7489963173866272]",0.049787066876888275,-3.0,-3.0,0.1484375,0.0,0.00018666764663066715,"[0.03270529583096504, 0.0019058503676205873, 0.08648394048213959, 0.006068564485758543, 0.005836599040776491, -0.06558745354413986, 0.6639769673347473]","[0.0795089453458786, 0.1287095844745636, 0.14078418910503387, 0.014901879243552685, 0.02235759049654007, 0.20919282734394073, 0.7489326000213623]",0.049787066876888275,-3.0,-3.0,0.1478794664144516,0.0,0.0009363924618810415,0.0,0.000372840731870383,"{""critic_optimizer_updates"": 2021, ""actor_optimizer_updates_0"": 0, ""actor_optimizer_updates_1"": 0, ""actor_optimizer_steps_total"": 0, ""alpha_optimizer_updates"": 0}",-3.0635900497436523,2.1400012969970703,0.6422297358512878,3.6535472869873047,0.8817939758300781
B_fixed_actor,22,0.0,0.0002256622101413086,"[0.03222712129354477, 0.005191916599869728, 0.08398236334323883, 0.0036425329744815826, 0.008654562756419182, -0.06544207036495209, 0.663865327835083]","[0.08840353786945343, 0.13165250420570374, 0.14031493663787842, 0.013186201453208923, 0.021283119916915894, 0.20851187407970428, 0.7489963173866272]",0.049787066876888275,-3.0,-3.0,0.1484375,0.0,0.00018666764663066715,"[0.03270529583096504, 0.0019058503676205873, 0.08648394048213959, 0.006068564485758543, 0.005836599040776491, -0.06558745354413986, 0.6639769673347473]","[0.0795089453458786, 0.1287095844745636, 0.14078418910503387, 0.014901879243552685, 0.02235759049654007, 0.20919282734394073, 0.7489326000213623]",0.049787066876888275,-3.0,-3.0,0.1478794664144516,0.0,0.0009363924618810415,0.0,0.000372840731870383,"{""critic_optimizer_updates"": 2022, ""actor_optimizer_updates_0"": 0, ""actor_optimizer_updates_1"": 0, ""actor_optimizer_steps_total"": 0, ""alpha_optimizer_updates"": 0}",-3.06083607673645,2.1131253242492676,0.6335784196853638,3.611051559448242,0.8788162469863892
B_fixed_actor,23,0.0,0.0002256622101413086,"[0.03222712129354477, 0.005191916599869728, 0.08398236334323883, 0.0036425329744815826, 0.008654562756419182, -0.06544207036495209, 0.663865327835083]","[0.08840353786945343, 0.13165250420570374, 0.14031493663787842, 0.013186201453208923, 0.021283119916915894, 0.20851187407970428, 0.7489963173866272]",0.049787066876888275,-3.0,-3.0,0.1484375,0.0,0.00018666764663066715,"[0.03270529583096504, 0.0019058503676205873, 0.08648394048213959, 0.006068564485758543, 0.005836599040776491, -0.06558745354413986, 0.6639769673347473]","[0.0795089453458786, 0.1287095844745636, 0.14078418910503387, 0.014901879243552685, 0.02235759049654007, 0.20919282734394073, 0.7489326000213623]",0.049787066876888275,-3.0,-3.0,0.1478794664144516,0.0,0.0009363924618810415,0.0,0.000372840731870383,"{""critic_optimizer_updates"": 2023, ""actor_optimizer_updates_0"": 0, ""actor_optimizer_updates_1"": 0, ""actor_optimizer_steps_total"": 0, ""alpha_optimizer_updates"": 0}",-3.045422077178955,2.0906827449798584,0.6262013912200928,3.5754003524780273,0.8767267465591431
B_fixed_actor,24,0.0,0.0002256622101413086,"[0.03222712129354477, 0.005191916599869728, 0.08398236334323883, 0.0036425329744815826, 0.008654562756419182, -0.06544207036495209, 0.663865327835083]","[0.08840353786945343, 0.13165250420570374, 0.14031493663787842, 0.013186201453208923, 0.021283119916915894, 0.20851187407970428, 0.7489963173866272]",0.049787066876888275,-3.0,-3.0,0.1484375,0.0,0.00018666764663066715,"[0.03270529583096504, 0.0019058503676205873, 0.08648394048213959, 0.006068564485758543, 0.005836599040776491, -0.06558745354413986, 0.6639769673347473]","[0.0795089453458786, 0.1287095844745636, 0.14078418910503387, 0.014901879243552685, 0.02235759049654007, 0.20919282734394073, 0.7489326000213623]",0.049787066876888275,-3.0,-3.0,0.1478794664144516,0.0,0.0009363924618810415,0.0,0.000372840731870383,"{""critic_optimizer_updates"": 2024, ""actor_optimizer_updates_0"": 0, ""actor_optimizer_updates_1"": 0, ""actor_optimizer_steps_total"": 0, ""alpha_optimizer_updates"": 0}",-3.0444679260253906,2.0702061653137207,0.6202166676521301,3.5403237342834473,0.8746864795684814
B_fixed_actor,25,0.0,0.0002256622101413086,"[0.03222712129354477, 0.005191916599869728, 0.08398236334323883, 0.0036425329744815826, 0.008654562756419182, -0.06544207036495209, 0.663865327835083]","[0.08840353786945343, 0.13165250420570374, 0.14031493663787842, 0.013186201453208923, 0.021283119916915894, 0.20851187407970428, 0.7489963173866272]",0.049787066876888275,-3.0,-3.0,0.1484375,0.0,0.00018666764663066715,"[0.03270529583096504, 0.0019058503676205873, 0.08648394048213959, 0.006068564485758543, 0.005836599040776491, -0.06558745354413986, 0.6639769673347473]","[0.0795089453458786, 0.1287095844745636, 0.14078418910503387, 0.014901879243552685, 0.02235759049654007, 0.20919282734394073, 0.7489326000213623]",0.049787066876888275,-3.0,-3.0,0.1478794664144516,0.0,0.0009363924618810415,0.0,0.000372840731870383,"{""critic_optimizer_updates"": 2025, ""actor_optimizer_updates_0"": 0, ""actor_optimizer_updates_1"": 0, ""actor_optimizer_steps_total"": 0, ""alpha_optimizer_updates"": 0}",-3.0691516399383545,2.064789056777954,0.619879961013794,3.521974802017212,0.8747597932815552
B_fixed_actor,26,0.0,0.0002256622101413086,"[0.03222712129354477, 0.005191916599869728, 0.08398236334323883, 0.0036425329744815826, 0.008654562756419182, -0.06544207036495209, 0.663865327835083]","[0.08840353786945343, 0.13165250420570374, 0.14031493663787842, 0.013186201453208923, 0.021283119916915894, 0.20851187407970428, 0.7489963173866272]",0.049787066876888275,-3.0,-3.0,0.1484375,0.0,0.00018666764663066715,"[0.03270529583096504, 0.0019058503676205873, 0.08648394048213959, 0.006068564485758543, 0.005836599040776491, -0.06558745354413986, 0.6639769673347473]","[0.0795089453458786, 0.1287095844745636, 0.14078418910503387, 0.014901879243552685, 0.02235759049654007, 0.20919282734394073, 0.7489326000213623]",0.049787066876888275,-3.0,-3.0,0.1478794664144516,0.0,0.0009363924618810415,0.0,0.000372840731870383,"{""critic_optimizer_updates"": 2026, ""actor_optimizer_updates_0"": 0, ""actor_optimizer_updates_1"": 0, ""actor_optimizer_steps_total"": 0, ""alpha_optimizer_updates"": 0}",-3.0734801292419434,2.0582833290100098,0.61826092004776,3.509368419647217,0.8750177621841431
B_fixed_actor,27,0.0,0.0002256622101413086,"[0.03222712129354477, 0.005191916599869728, 0.08398236334323883, 0.0036425329744815826, 0.008654562756419182, -0.06544207036495209, 0.663865327835083]","[0.08840353786945343, 0.13165250420570374, 0.14031493663787842, 0.013186201453208923, 0.021283119916915894, 0.20851187407970428, 0.7489963173866272]",0.049787066876888275,-3.0,-3.0,0.1484375,0.0,0.00018666764663066715,"[0.03270529583096504, 0.0019058503676205873, 0.08648394048213959, 0.006068564485758543, 0.005836599040776491, -0.06558745354413986, 0.6639769673347473]","[0.0795089453458786, 0.1287095844745636, 0.14078418910503387, 0.014901879243552685, 0.02235759049654007, 0.20919282734394073, 0.7489326000213623]",0.049787066876888275,-3.0,-3.0,0.1478794664144516,0.0,0.0009363924618810415,0.0,0.000372840731870383,"{""critic_optimizer_updates"": 2027, ""actor_optimizer_updates_0"": 0, ""actor_optimizer_updates_1"": 0, ""actor_optimizer_steps_total"": 0, ""alpha_optimizer_updates"": 0}",-3.0527052879333496,2.0591793060302734,0.6158325672149658,3.508910655975342,0.8750572204589844
B_fixed_actor,28,0.0,0.0002256622101413086,"[0.03222712129354477, 0.005191916599869728, 0.08398236334323883, 0.0036425329744815826, 0.008654562756419182, -0.06544207036495209, 0.663865327835083]","[0.08840353786945343, 0.13165250420570374, 0.14031493663787842, 0.013186201453208923, 0.021283119916915894, 0.20851187407970428, 0.7489963173866272]",0.049787066876888275,-3.0,-3.0,0.1484375,0.0,0.00018666764663066715,"[0.03270529583096504, 0.0019058503676205873, 0.08648394048213959, 0.006068564485758543, 0.005836599040776491, -0.06558745354413986, 0.6639769673347473]","[0.0795089453458786, 0.1287095844745636, 0.14078418910503387, 0.014901879243552685, 0.02235759049654007, 0.20919282734394073, 0.7489326000213623]",0.049787066876888275,-3.0,-3.0,0.1478794664144516,0.0,0.0009363924618810415,0.0,0.000372840731870383,"{""critic_optimizer_updates"": 2028, ""actor_optimizer_updates_0"": 0, ""actor_optimizer_updates_1"": 0, ""actor_optimizer_steps_total"": 0, ""alpha_optimizer_updates"": 0}",-3.065667152404785,2.06691312789917,0.6130809783935547,3.520561456680298,0.8756204843521118
B_fixed_actor,29,0.0,0.0002256622101413086,"[0.03222712129354477, 0.005191916599869728, 0.08398236334323883, 0.0036425329744815826, 0.008654562756419182, -0.06544207036495209, 0.663865327835083]","[0.08840353786945343, 0.13165250420570374, 0.14031493663787842, 0.013186201453208923, 0.021283119916915894, 0.20851187407970428, 0.7489963173866272]",0.049787066876888275,-3.0,-3.0,0.1484375,0.0,0.00018666764663066715,"[0.03270529583096504, 0.0019058503676205873, 0.08648394048213959, 0.006068564485758543, 0.005836599040776491, -0.06558745354413986, 0.6639769673347473]","[0.0795089453458786, 0.1287095844745636, 0.14078418910503387, 0.014901879243552685, 0.02235759049654007, 0.20919282734394073, 0.7489326000213623]",0.049787066876888275,-3.0,-3.0,0.1478794664144516,0.0,0.0009363924618810415,0.0,0.000372840731870383,"{""critic_optimizer_updates"": 2029, ""actor_optimizer_updates_0"": 0, ""actor_optimizer_updates_1"": 0, ""actor_optimizer_steps_total"": 0, ""alpha_optimizer_updates"": 0}",-3.0998921394348145,2.063662528991699,0.6157950162887573,3.5197958946228027,0.8763254880905151
B_fixed_actor,30,0.0,0.0002256622101413086,"[0.03222712129354477, 0.005191916599869728, 0.08398236334323883, 0.0036425329744815826, 0.008654562756419182, -0.06544207036495209, 0.663865327835083]","[0.08840353786945343, 0.13165250420570374, 0.14031493663787842, 0.013186201453208923, 0.021283119916915894, 0.20851187407970428, 0.7489963173866272]",0.049787066876888275,-3.0,-3.0,0.1484375,0.0,0.00018666764663066715,"[0.03270529583096504, 0.0019058503676205873, 0.08648394048213959, 0.006068564485758543, 0.005836599040776491, -0.06558745354413986, 0.6639769673347473]","[0.0795089453458786, 0.1287095844745636, 0.14078418910503387, 0.014901879243552685, 0.02235759049654007, 0.20919282734394073, 0.7489326000213623]",0.049787066876888275,-3.0,-3.0,0.1478794664144516,0.0,0.0009363924618810415,0.0,0.000372840731870383,"{""critic_optimizer_updates"": 2030, ""actor_optimizer_updates_0"": 0, ""actor_optimizer_updates_1"": 0, ""actor_optimizer_steps_total"": 0, ""alpha_optimizer_updates"": 0}",-3.1108956336975098,2.071849822998047,0.617047905921936,3.530825614929199,0.8782347440719604
B_fixed_actor,31,0.0,0.0002256622101413086,"[0.03222712129354477, 0.005191916599869728, 0.08398236334323883, 0.0036425329744815826, 0.008654562756419182, -0.06544207036495209, 0.663865327835083]","[0.08840353786945343, 0.13165250420570374, 0.14031493663787842, 0.013186201453208923, 0.021283119916915894, 0.20851187407970428, 0.7489963173866272]",0.049787066876888275,-3.0,-3.0,0.1484375,0.0,0.00018666764663066715,"[0.03270529583096504, 0.0019058503676205873, 0.08648394048213959, 0.006068564485758543, 0.005836599040776491, -0.06558745354413986, 0.6639769673347473]","[0.0795089453458786, 0.1287095844745636, 0.14078418910503387, 0.014901879243552685, 0.02235759049654007, 0.20919282734394073, 0.7489326000213623]",0.049787066876888275,-3.0,-3.0,0.1478794664144516,0.0,0.0009363924618810415,0.0,0.000372840731870383,"{""critic_optimizer_updates"": 2031, ""actor_optimizer_updates_0"": 0, ""actor_optimizer_updates_1"": 0, ""actor_optimizer_steps_total"": 0, ""alpha_optimizer_updates"": 0}",-3.125319004058838,2.0843312740325928,0.6197659969329834,3.559953212738037,0.8786781430244446
B_fixed_actor,32,0.0,0.0002256622101413086,"[0.03222712129354477, 0.005191916599869728, 0.08398236334323883, 0.0036425329744815826, 0.008654562756419182, -0.06544207036495209, 0.663865327835083]","[0.08840353786945343, 0.13165250420570374, 0.14031493663787842, 0.013186201453208923, 0.021283119916915894, 0.20851187407970428, 0.7489963173866272]",0.049787066876888275,-3.0,-3.0,0.1484375,0.0,0.00018666764663066715,"[0.03270529583096504, 0.0019058503676205873, 0.08648394048213959, 0.006068564485758543, 0.005836599040776491, -0.06558745354413986, 0.6639769673347473]","[0.0795089453458786, 0.1287095844745636, 0.14078418910503387, 0.014901879243552685, 0.02235759049654007, 0.20919282734394073, 0.7489326000213623]",0.049787066876888275,-3.0,-3.0,0.1478794664144516,0.0,0.0009363924618810415,0.0,0.000372840731870383,"{""critic_optimizer_updates"": 2032, ""actor_optimizer_updates_0"": 0, ""actor_optimizer_updates_1"": 0, ""actor_optimizer_steps_total"": 0, ""alpha_optimizer_updates"": 0}",-3.087876319885254,2.087862491607666,0.622002363204956,3.5645155906677246,0.880009651184082
B_fixed_actor,33,0.0,0.0002256622101413086,"[0.03222712129354477, 0.005191916599869728, 0.08398236334323883, 0.0036425329744815826, 0.008654562756419182, -0.06544207036495209, 0.663865327835083]","[0.08840353786945343, 0.13165250420570374, 0.14031493663787842, 0.013186201453208923, 0.021283119916915894, 0.20851187407970428, 0.7489963173866272]",0.049787066876888275,-3.0,-3.0,0.1484375,0.0,0.00018666764663066715,"[0.03270529583096504, 0.0019058503676205873, 0.08648394048213959, 0.006068564485758543, 0.005836599040776491, -0.06558745354413986, 0.6639769673347473]","[0.0795089453458786, 0.1287095844745636, 0.14078418910503387, 0.014901879243552685, 0.02235759049654007, 0.20919282734394073, 0.7489326000213623]",0.049787066876888275,-3.0,-3.0,0.1478794664144516,0.0,0.0009363924618810415,0.0,0.000372840731870383,"{""critic_optimizer_updates"": 2033, ""actor_optimizer_updates_0"": 0, ""actor_optimizer_updates_1"": 0, ""actor_optimizer_steps_total"": 0, ""alpha_optimizer_updates"": 0}",-3.0691771507263184,2.04172420501709,0.6291211843490601,3.522824287414551,0.8784510493278503
B_fixed_actor,34,0.0,0.0002256622101413086,"[0.03222712129354477, 0.005191916599869728, 0.08398236334323883, 0.0036425329744815826, 0.008654562756419182, -0.06544207036495209, 0.663865327835083]","[0.08840353786945343, 0.13165250420570374, 0.14031493663787842, 0.013186201453208923, 0.021283119916915894, 0.20851187407970428, 0.7489963173866272]",0.049787066876888275,-3.0,-3.0,0.1484375,0.0,0.00018666764663066715,"[0.03270529583096504, 0.0019058503676205873, 0.08648394048213959, 0.006068564485758543, 0.005836599040776491, -0.06558745354413986, 0.6639769673347473]","[0.0795089453458786, 0.1287095844745636, 0.14078418910503387, 0.014901879243552685, 0.02235759049654007, 0.20919282734394073, 0.7489326000213623]",0.049787066876888275,-3.0,-3.0,0.1478794664144516,0.0,0.0009363924618810415,0.0,0.000372840731870383,"{""critic_optimizer_updates"": 2034, ""actor_optimizer_updates_0"": 0, ""actor_optimizer_updates_1"": 0, ""actor_optimizer_steps_total"": 0, ""alpha_optimizer_updates"": 0}",-3.052631139755249,2.057300329208374,0.6332284808158875,3.5519304275512695,0.8812465667724609
B_fixed_actor,35,0.0,0.0002256622101413086,"[0.03222712129354477, 0.005191916599869728, 0.08398236334323883, 0.0036425329744815826, 0.008654562756419182, -0.06544207036495209, 0.663865327835083]","[0.08840353786945343, 0.13165250420570374, 0.14031493663787842, 0.013186201453208923, 0.021283119916915894, 0.20851187407970428, 0.7489963173866272]",0.049787066876888275,-3.0,-3.0,0.1484375,0.0,0.00018666764663066715,"[0.03270529583096504, 0.0019058503676205873, 0.08648394048213959, 0.006068564485758543, 0.005836599040776491, -0.06558745354413986, 0.6639769673347473]","[0.0795089453458786, 0.1287095844745636, 0.14078418910503387, 0.014901879243552685, 0.02235759049654007, 0.20919282734394073, 0.7489326000213623]",0.049787066876888275,-3.0,-3.0,0.1478794664144516,0.0,0.0009363924618810415,0.0,0.000372840731870383,"{""critic_optimizer_updates"": 2035, ""actor_optimizer_updates_0"": 0, ""actor_optimizer_updates_1"": 0, ""actor_optimizer_steps_total"": 0, ""alpha_optimizer_updates"": 0}",-3.099292755126953,2.0810444355010986,0.6336648464202881,3.594783306121826,0.8821670413017273
B_fixed_actor,36,0.0,0.0002256622101413086,"[0.03222712129354477, 0.005191916599869728, 0.08398236334323883, 0.0036425329744815826, 0.008654562756419182, -0.06544207036495209, 0.663865327835083]","[0.08840353786945343, 0.13165250420570374, 0.14031493663787842, 0.013186201453208923, 0.021283119916915894, 0.20851187407970428, 0.7489963173866272]",0.049787066876888275,-3.0,-3.0,0.1484375,0.0,0.00018666764663066715,"[0.03270529583096504, 0.0019058503676205873, 0.08648394048213959, 0.006068564485758543, 0.005836599040776491, -0.06558745354413986, 0.6639769673347473]","[0.0795089453458786, 0.1287095844745636, 0.14078418910503387, 0.014901879243552685, 0.02235759049654007, 0.20919282734394073, 0.7489326000213623]",0.049787066876888275,-3.0,-3.0,0.1478794664144516,0.0,0.0009363924618810415,0.0,0.000372840731870383,"{""critic_optimizer_updates"": 2036, ""actor_optimizer_updates_0"": 0, ""actor_optimizer_updates_1"": 0, ""actor_optimizer_steps_total"": 0, ""alpha_optimizer_updates"": 0}",-3.1101186275482178,2.1123902797698975,0.6333261728286743,3.638880968093872,0.8825670480728149
B_fixed_actor,37,0.0,0.0002256622101413086,"[0.03222712129354477, 0.005191916599869728, 0.08398236334323883, 0.0036425329744815826, 0.008654562756419182, -0.06544207036495209, 0.663865327835083]","[0.08840353786945343, 0.13165250420570374, 0.14031493663787842, 0.013186201453208923, 0.021283119916915894, 0.20851187407970428, 0.7489963173866272]",0.049787066876888275,-3.0,-3.0,0.1484375,0.0,0.00018666764663066715,"[0.03270529583096504, 0.0019058503676205873, 0.08648394048213959, 0.006068564485758543, 0.005836599040776491, -0.06558745354413986, 0.6639769673347473]","[0.0795089453458786, 0.1287095844745636, 0.14078418910503387, 0.014901879243552685, 0.02235759049654007, 0.20919282734394073, 0.7489326000213623]",0.049787066876888275,-3.0,-3.0,0.1478794664144516,0.0,0.0009363924618810415,0.0,0.000372840731870383,"{""critic_optimizer_updates"": 2037, ""actor_optimizer_updates_0"": 0, ""actor_optimizer_updates_1"": 0, ""actor_optimizer_steps_total"": 0, ""alpha_optimizer_updates"": 0}",-3.122328758239746,2.119929313659668,0.6329928040504456,3.6587696075439453,0.8835574984550476
B_fixed_actor,38,0.0,0.0002256622101413086,"[0.03222712129354477, 0.005191916599869728, 0.08398236334323883, 0.0036425329744815826, 0.008654562756419182, -0.06544207036495209, 0.663865327835083]","[0.08840353786945343, 0.13165250420570374, 0.14031493663787842, 0.013186201453208923, 0.021283119916915894, 0.20851187407970428, 0.7489963173866272]",0.049787066876888275,-3.0,-3.0,0.1484375,0.0,0.00018666764663066715,"[0.03270529583096504, 0.0019058503676205873, 0.08648394048213959, 0.006068564485758543, 0.005836599040776491, -0.06558745354413986, 0.6639769673347473]","[0.0795089453458786, 0.1287095844745636, 0.14078418910503387, 0.014901879243552685, 0.02235759049654007, 0.20919282734394073, 0.7489326000213623]",0.049787066876888275,-3.0,-3.0,0.1478794664144516,0.0,0.0009363924618810415,0.0,0.000372840731870383,"{""critic_optimizer_updates"": 2038, ""actor_optimizer_updates_0"": 0, ""actor_optimizer_updates_1"": 0, ""actor_optimizer_steps_total"": 0, ""alpha_optimizer_updates"": 0}",-3.120849609375,2.1108407974243164,0.6334459781646729,3.646228790283203,0.8828181028366089
B_fixed_actor,39,0.0,0.0002256622101413086,"[0.03222712129354477, 0.005191916599869728, 0.08398236334323883, 0.0036425329744815826, 0.008654562756419182, -0.06544207036495209, 0.663865327835083]","[0.08840353786945343, 0.13165250420570374, 0.14031493663787842, 0.013186201453208923, 0.021283119916915894, 0.20851187407970428, 0.7489963173866272]",0.049787066876888275,-3.0,-3.0,0.1484375,0.0,0.00018666764663066715,"[0.03270529583096504, 0.0019058503676205873, 0.08648394048213959, 0.006068564485758543, 0.005836599040776491, -0.06558745354413986, 0.6639769673347473]","[0.0795089453458786, 0.1287095844745636, 0.14078418910503387, 0.014901879243552685, 0.02235759049654007, 0.20919282734394073, 0.7489326000213623]",0.049787066876888275,-3.0,-3.0,0.1478794664144516,0.0,0.0009363924618810415,0.0,0.000372840731870383,"{""critic_optimizer_updates"": 2039, ""actor_optimizer_updates_0"": 0, ""actor_optimizer_updates_1"": 0, ""actor_optimizer_steps_total"": 0, ""alpha_optimizer_updates"": 0}",-3.1233749389648438,2.1060104370117188,0.6352503895759583,3.647932529449463,0.882886528968811
B_fixed_actor,40,0.0,0.0002256622101413086,"[0.03222712129354477, 0.005191916599869728, 0.08398236334323883, 0.0036425329744815826, 0.008654562756419182, -0.06544207036495209, 0.663865327835083]","[0.08840353786945343, 0.13165250420570374, 0.14031493663787842, 0.013186201453208923, 0.021283119916915894, 0.20851187407970428, 0.7489963173866272]",0.049787066876888275,-3.0,-3.0,0.1484375,0.0,0.00018666764663066715,"[0.03270529583096504, 0.0019058503676205873, 0.08648394048213959, 0.006068564485758543, 0.005836599040776491, -0.06558745354413986, 0.6639769673347473]","[0.0795089453458786, 0.1287095844745636, 0.14078418910503387, 0.014901879243552685, 0.02235759049654007, 0.20919282734394073, 0.7489326000213623]",0.049787066876888275,-3.0,-3.0,0.1478794664144516,0.0,0.0009363924618810415,0.0,0.000372840731870383,"{""critic_optimizer_updates"": 2040, ""actor_optimizer_updates_0"": 0, ""actor_optimizer_updates_1"": 0, ""actor_optimizer_steps_total"": 0, ""alpha_optimizer_updates"": 0}",-3.08201265335083,2.0919485092163086,0.636566162109375,3.619100570678711,0.8828593492507935
B_fixed_actor,41,0.0,0.0002256622101413086,"[0.03222712129354477, 0.005191916599869728, 0.08398236334323883, 0.0036425329744815826, 0.008654562756419182, -0.06544207036495209, 0.663865327835083]","[0.08840353786945343, 0.13165250420570374, 0.14031493663787842, 0.013186201453208923, 0.021283119916915894, 0.20851187407970428, 0.7489963173866272]",0.049787066876888275,-3.0,-3.0,0.1484375,0.0,0.00018666764663066715,"[0.03270529583096504, 0.0019058503676205873, 0.08648394048213959, 0.006068564485758543, 0.005836599040776491, -0.06558745354413986, 0.6639769673347473]","[0.0795089453458786, 0.1287095844745636, 0.14078418910503387, 0.014901879243552685, 0.02235759049654007, 0.20919282734394073, 0.7489326000213623]",0.049787066876888275,-3.0,-3.0,0.1478794664144516,0.0,0.0009363924618810415,0.0,0.000372840731870383,"{""critic_optimizer_updates"": 2041, ""actor_optimizer_updates_0"": 0, ""actor_optimizer_updates_1"": 0, ""actor_optimizer_steps_total"": 0, ""alpha_optimizer_updates"": 0}",-3.1511926651000977,2.097482204437256,0.6370710730552673,3.638932228088379,0.8831973075866699
B_fixed_actor,42,0.0,0.0002256622101413086,"[0.03222712129354477, 0.005191916599869728, 0.08398236334323883, 0.0036425329744815826, 0.008654562756419182, -0.06544207036495209, 0.663865327835083]","[0.08840353786945343, 0.13165250420570374, 0.14031493663787842, 0.013186201453208923, 0.021283119916915894, 0.20851187407970428, 0.7489963173866272]",0.049787066876888275,-3.0,-3.0,0.1484375,0.0,0.00018666764663066715,"[0.03270529583096504, 0.0019058503676205873, 0.08648394048213959, 0.006068564485758543, 0.005836599040776491, -0.06558745354413986, 0.6639769673347473]","[0.0795089453458786, 0.1287095844745636, 0.14078418910503387, 0.014901879243552685, 0.02235759049654007, 0.20919282734394073, 0.7489326000213623]",0.049787066876888275,-3.0,-3.0,0.1478794664144516,0.0,0.0009363924618810415,0.0,0.000372840731870383,"{""critic_optimizer_updates"": 2042, ""actor_optimizer_updates_0"": 0, ""actor_optimizer_updates_1"": 0, ""actor_optimizer_steps_total"": 0, ""alpha_optimizer_updates"": 0}",-3.1673309803009033,2.0923941135406494,0.6380468010902405,3.6396944522857666,0.883561372756958
B_fixed_actor,43,0.0,0.0002256622101413086,"[0.03222712129354477, 0.005191916599869728, 0.08398236334323883, 0.0036425329744815826, 0.008654562756419182, -0.06544207036495209, 0.663865327835083]","[0.08840353786945343, 0.13165250420570374, 0.14031493663787842, 0.013186201453208923, 0.021283119916915894, 0.20851187407970428, 0.7489963173866272]",0.049787066876888275,-3.0,-3.0,0.1484375,0.0,0.00018666764663066715,"[0.03270529583096504, 0.0019058503676205873, 0.08648394048213959, 0.006068564485758543, 0.005836599040776491, -0.06558745354413986, 0.6639769673347473]","[0.0795089453458786, 0.1287095844745636, 0.14078418910503387, 0.014901879243552685, 0.02235759049654007, 0.20919282734394073, 0.7489326000213623]",0.049787066876888275,-3.0,-3.0,0.1478794664144516,0.0,0.0009363924618810415,0.0,0.000372840731870383,"{""critic_optimizer_updates"": 2043, ""actor_optimizer_updates_0"": 0, ""actor_optimizer_updates_1"": 0, ""actor_optimizer_steps_total"": 0, ""alpha_optimizer_updates"": 0}",-3.102919101715088,2.0659828186035156,0.6388773918151855,3.600297689437866,0.8840157389640808
B_fixed_actor,44,0.0,0.0002256622101413086,"[0.03222712129354477, 0.005191916599869728, 0.08398236334323883, 0.0036425329744815826, 0.008654562756419182, -0.06544207036495209, 0.663865327835083]","[0.08840353786945343, 0.13165250420570374, 0.14031493663787842, 0.013186201453208923, 0.021283119916915894, 0.20851187407970428, 0.7489963173866272]",0.049787066876888275,-3.0,-3.0,0.1484375,0.0,0.00018666764663066715,"[0.03270529583096504, 0.0019058503676205873, 0.08648394048213959, 0.006068564485758543, 0.005836599040776491, -0.06558745354413986, 0.6639769673347473]","[0.0795089453458786, 0.1287095844745636, 0.14078418910503387, 0.014901879243552685, 0.02235759049654007, 0.20919282734394073, 0.7489326000213623]",0.049787066876888275,-3.0,-3.0,0.1478794664144516,0.0,0.0009363924618810415,0.0,0.000372840731870383,"{""critic_optimizer_updates"": 2044, ""actor_optimizer_updates_0"": 0, ""actor_optimizer_updates_1"": 0, ""actor_optimizer_steps_total"": 0, ""alpha_optimizer_updates"": 0}",-3.0270283222198486,2.025620460510254,0.6379860639572144,3.5403785705566406,0.8811555504798889
B_fixed_actor,45,0.0,0.0002256622101413086,"[0.03222712129354477, 0.005191916599869728, 0.08398236334323883, 0.0036425329744815826, 0.008654562756419182, -0.06544207036495209, 0.663865327835083]","[0.08840353786945343, 0.13165250420570374, 0.14031493663787842, 0.013186201453208923, 0.021283119916915894, 0.20851187407970428, 0.7489963173866272]",0.049787066876888275,-3.0,-3.0,0.1484375,0.0,0.00018666764663066715,"[0.03270529583096504, 0.0019058503676205873, 0.08648394048213959, 0.006068564485758543, 0.005836599040776491, -0.06558745354413986, 0.6639769673347473]","[0.0795089453458786, 0.1287095844745636, 0.14078418910503387, 0.014901879243552685, 0.02235759049654007, 0.20919282734394073, 0.7489326000213623]",0.049787066876888275,-3.0,-3.0,0.1478794664144516,0.0,0.0009363924618810415,0.0,0.000372840731870383,"{""critic_optimizer_updates"": 2045, ""actor_optimizer_updates_0"": 0, ""actor_optimizer_updates_1"": 0, ""actor_optimizer_steps_total"": 0, ""alpha_optimizer_updates"": 0}",-2.9861721992492676,1.9990684986114502,0.6336213946342468,3.501046895980835,0.8798680901527405
B_fixed_actor,46,0.0,0.0002256622101413086,"[0.03222712129354477, 0.005191916599869728, 0.08398236334323883, 0.0036425329744815826, 0.008654562756419182, -0.06544207036495209, 0.663865327835083]","[0.08840353786945343, 0.13165250420570374, 0.14031493663787842, 0.013186201453208923, 0.021283119916915894, 0.20851187407970428, 0.7489963173866272]",0.049787066876888275,-3.0,-3.0,0.1484375,0.0,0.00018666764663066715,"[0.03270529583096504, 0.0019058503676205873, 0.08648394048213959, 0.006068564485758543, 0.005836599040776491, -0.06558745354413986, 0.6639769673347473]","[0.0795089453458786, 0.1287095844745636, 0.14078418910503387, 0.014901879243552685, 0.02235759049654007, 0.20919282734394073, 0.7489326000213623]",0.049787066876888275,-3.0,-3.0,0.1478794664144516,0.0,0.0009363924618810415,0.0,0.000372840731870383,"{""critic_optimizer_updates"": 2046, ""actor_optimizer_updates_0"": 0, ""actor_optimizer_updates_1"": 0, ""actor_optimizer_steps_total"": 0, ""alpha_optimizer_updates"": 0}",-2.9982571601867676,1.991428256034851,0.6367670297622681,3.4957077503204346,0.880269467830658
B_fixed_actor,47,0.0,0.0002256622101413086,"[0.03222712129354477, 0.005191916599869728, 0.08398236334323883, 0.0036425329744815826, 0.008654562756419182, -0.06544207036495209, 0.663865327835083]","[0.08840353786945343, 0.13165250420570374, 0.14031493663787842, 0.013186201453208923, 0.021283119916915894, 0.20851187407970428, 0.7489963173866272]",0.049787066876888275,-3.0,-3.0,0.1484375,0.0,0.00018666764663066715,"[0.03270529583096504, 0.0019058503676205873, 0.08648394048213959, 0.006068564485758543, 0.005836599040776491, -0.06558745354413986, 0.6639769673347473]","[0.0795089453458786, 0.1287095844745636, 0.14078418910503387, 0.014901879243552685, 0.02235759049654007, 0.20919282734394073, 0.7489326000213623]",0.049787066876888275,-3.0,-3.0,0.1478794664144516,0.0,0.0009363924618810415,0.0,0.000372840731870383,"{""critic_optimizer_updates"": 2047, ""actor_optimizer_updates_0"": 0, ""actor_optimizer_updates_1"": 0, ""actor_optimizer_steps_total"": 0, ""alpha_optimizer_updates"": 0}",-3.055657386779785,1.996833086013794,0.6403106451034546,3.509840250015259,0.8814964294433594
B_fixed_actor,48,0.0,0.0002256622101413086,"[0.03222712129354477, 0.005191916599869728, 0.08398236334323883, 0.0036425329744815826, 0.008654562756419182, -0.06544207036495209, 0.663865327835083]","[0.08840353786945343, 0.13165250420570374, 0.14031493663787842, 0.013186201453208923, 0.021283119916915894, 0.20851187407970428, 0.7489963173866272]",0.049787066876888275,-3.0,-3.0,0.1484375,0.0,0.00018666764663066715,"[0.03270529583096504, 0.0019058503676205873, 0.08648394048213959, 0.006068564485758543, 0.005836599040776491, -0.06558745354413986, 0.6639769673347473]","[0.0795089453458786, 0.1287095844745636, 0.14078418910503387, 0.014901879243552685, 0.02235759049654007, 0.20919282734394073, 0.7489326000213623]",0.049787066876888275,-3.0,-3.0,0.1478794664144516,0.0,0.0009363924618810415,0.0,0.000372840731870383,"{""critic_optimizer_updates"": 2048, ""actor_optimizer_updates_0"": 0, ""actor_optimizer_updates_1"": 0, ""actor_optimizer_steps_total"": 0, ""alpha_optimizer_updates"": 0}",-3.1427454948425293,2.0128445625305176,0.6433162689208984,3.5498430728912354,0.8813008069992065
B_fixed_actor,49,0.0,0.0002256622101413086,"[0.03222712129354477, 0.005191916599869728, 0.08398236334323883, 0.0036425329744815826, 0.008654562756419182, -0.06544207036495209, 0.663865327835083]","[0.08840353786945343, 0.13165250420570374, 0.14031493663787842, 0.013186201453208923, 0.021283119916915894, 0.20851187407970428, 0.7489963173866272]",0.049787066876888275,-3.0,-3.0,0.1484375,0.0,0.00018666764663066715,"[0.03270529583096504, 0.0019058503676205873, 0.08648394048213959, 0.006068564485758543, 0.005836599040776491, -0.06558745354413986, 0.6639769673347473]","[0.0795089453458786, 0.1287095844745636, 0.14078418910503387, 0.014901879243552685, 0.02235759049654007, 0.20919282734394073, 0.7489326000213623]",0.049787066876888275,-3.0,-3.0,0.1478794664144516,0.0,0.0009363924618810415,0.0,0.000372840731870383,"{""critic_optimizer_updates"": 2049, ""actor_optimizer_updates_0"": 0, ""actor_optimizer_updates_1"": 0, ""actor_optimizer_steps_total"": 0, ""alpha_optimizer_updates"": 0}",-3.239506721496582,2.0078940391540527,0.6375210285186768,3.5490548610687256,0.8785345554351807
B_fixed_actor,50,0.0,0.0002256622101413086,"[0.03222712129354477, 0.005191916599869728, 0.08398236334323883, 0.0036425329744815826, 0.008654562756419182, -0.06544207036495209, 0.663865327835083]","[0.08840353786945343, 0.13165250420570374, 0.14031493663787842, 0.013186201453208923, 0.021283119916915894, 0.20851187407970428, 0.7489963173866272]",0.049787066876888275,-3.0,-3.0,0.1484375,0.0,0.00018666764663066715,"[0.03270529583096504, 0.0019058503676205873, 0.08648394048213959, 0.006068564485758543, 0.005836599040776491, -0.06558745354413986, 0.6639769673347473]","[0.0795089453458786, 0.1287095844745636, 0.14078418910503387, 0.014901879243552685, 0.02235759049654007, 0.20919282734394073, 0.7489326000213623]",0.049787066876888275,-3.0,-3.0,0.1478794664144516,0.0,0.0009363924618810415,0.0,0.000372840731870383,"{""critic_optimizer_updates"": 2050, ""actor_optimizer_updates_0"": 0, ""actor_optimizer_updates_1"": 0, ""actor_optimizer_steps_total"": 0, ""alpha_optimizer_updates"": 0}",-3.2147748470306396,1.9800374507904053,0.6223863959312439,3.493403673171997,0.8726751804351807
B_fixed_actor,51,0.0,0.0002256622101413086,"[0.03222712129354477, 0.005191916599869728, 0.08398236334323883, 0.0036425329744815826, 0.008654562756419182, -0.06544207036495209, 0.663865327835083]","[0.08840353786945343, 0.13165250420570374, 0.14031493663787842, 0.013186201453208923, 0.021283119916915894, 0.20851187407970428, 0.7489963173866272]",0.049787066876888275,-3.0,-3.0,0.1484375,0.0,0.00018666764663066715,"[0.03270529583096504, 0.0019058503676205873, 0.08648394048213959, 0.006068564485758543, 0.005836599040776491, -0.06558745354413986, 0.6639769673347473]","[0.0795089453458786, 0.1287095844745636, 0.14078418910503387, 0.014901879243552685, 0.02235759049654007, 0.20919282734394073, 0.7489326000213623]",0.049787066876888275,-3.0,-3.0,0.1478794664144516,0.0,0.0009363924618810415,0.0,0.000372840731870383,"{""critic_optimizer_updates"": 2051, ""actor_optimizer_updates_0"": 0, ""actor_optimizer_updates_1"": 0, ""actor_optimizer_steps_total"": 0, ""alpha_optimizer_updates"": 0}",-3.1075966358184814,1.944420337677002,0.6139463186264038,3.424769878387451,0.8695863485336304
B_fixed_actor,52,0.0,0.0002256622101413086,"[0.03222712129354477, 0.005191916599869728, 0.08398236334323883, 0.0036425329744815826, 0.008654562756419182, -0.06544207036495209, 0.663865327835083]","[0.08840353786945343, 0.13165250420570374, 0.14031493663787842, 0.013186201453208923, 0.021283119916915894, 0.20851187407970428, 0.7489963173866272]",0.049787066876888275,-3.0,-3.0,0.1484375,0.0,0.00018666764663066715,"[0.03270529583096504, 0.0019058503676205873, 0.08648394048213959, 0.006068564485758543, 0.005836599040776491, -0.06558745354413986, 0.6639769673347473]","[0.0795089453458786, 0.1287095844745636, 0.14078418910503387, 0.014901879243552685, 0.02235759049654007, 0.20919282734394073, 0.7489326000213623]",0.049787066876888275,-3.0,-3.0,0.1478794664144516,0.0,0.0009363924618810415,0.0,0.000372840731870383,"{""critic_optimizer_updates"": 2052, ""actor_optimizer_updates_0"": 0, ""actor_optimizer_updates_1"": 0, ""actor_optimizer_steps_total"": 0, ""alpha_optimizer_updates"": 0}",-3.0785253047943115,1.93536376953125,0.614525556564331,3.409311294555664,0.8696600198745728
B_fixed_actor,53,0.0,0.0002256622101413086,"[0.03222712129354477, 0.005191916599869728, 0.08398236334323883, 0.0036425329744815826, 0.008654562756419182, -0.06544207036495209, 0.663865327835083]","[0.08840353786945343, 0.13165250420570374, 0.14031493663787842, 0.013186201453208923, 0.021283119916915894, 0.20851187407970428, 0.7489963173866272]",0.049787066876888275,-3.0,-3.0,0.1484375,0.0,0.00018666764663066715,"[0.03270529583096504, 0.0019058503676205873, 0.08648394048213959, 0.006068564485758543, 0.005836599040776491, -0.06558745354413986, 0.6639769673347473]","[0.0795089453458786, 0.1287095844745636, 0.14078418910503387, 0.014901879243552685, 0.02235759049654007, 0.20919282734394073, 0.7489326000213623]",0.049787066876888275,-3.0,-3.0,0.1478794664144516,0.0,0.0009363924618810415,0.0,0.000372840731870383,"{""critic_optimizer_updates"": 2053, ""actor_optimizer_updates_0"": 0, ""actor_optimizer_updates_1"": 0, ""actor_optimizer_steps_total"": 0, ""alpha_optimizer_updates"": 0}",-3.0755622386932373,1.9380733966827393,0.6139386296272278,3.424954652786255,0.8700553178787231
B_fixed_actor,54,0.0,0.0002256622101413086,"[0.03222712129354477, 0.005191916599869728, 0.08398236334323883, 0.0036425329744815826, 0.008654562756419182, -0.06544207036495209, 0.663865327835083]","[0.08840353786945343, 0.13165250420570374, 0.14031493663787842, 0.013186201453208923, 0.021283119916915894, 0.20851187407970428, 0.7489963173866272]",0.049787066876888275,-3.0,-3.0,0.1484375,0.0,0.00018666764663066715,"[0.03270529583096504, 0.0019058503676205873, 0.08648394048213959, 0.006068564485758543, 0.005836599040776491, -0.06558745354413986, 0.6639769673347473]","[0.0795089453458786, 0.1287095844745636, 0.14078418910503387, 0.014901879243552685, 0.02235759049654007, 0.20919282734394073, 0.7489326000213623]",0.049787066876888275,-3.0,-3.0,0.1478794664144516,0.0,0.0009363924618810415,0.0,0.000372840731870383,"{""critic_optimizer_updates"": 2054, ""actor_optimizer_updates_0"": 0, ""actor_optimizer_updates_1"": 0, ""actor_optimizer_steps_total"": 0, ""alpha_optimizer_updates"": 0}",-3.0674548149108887,1.9557620286941528,0.6101735830307007,3.4514145851135254,0.8706656694412231
B_fixed_actor,55,0.0,0.0002256622101413086,"[0.03222712129354477, 0.005191916599869728, 0.08398236334323883, 0.0036425329744815826, 0.008654562756419182, -0.06544207036495209, 0.663865327835083]","[0.08840353786945343, 0.13165250420570374, 0.14031493663787842, 0.013186201453208923, 0.021283119916915894, 0.20851187407970428, 0.7489963173866272]",0.049787066876888275,-3.0,-3.0,0.1484375,0.0,0.00018666764663066715,"[0.03270529583096504, 0.0019058503676205873, 0.08648394048213959, 0.006068564485758543, 0.005836599040776491, -0.06558745354413986, 0.6639769673347473]","[0.0795089453458786, 0.1287095844745636, 0.14078418910503387, 0.014901879243552685, 0.02235759049654007, 0.20919282734394073, 0.7489326000213623]",0.049787066876888275,-3.0,-3.0,0.1478794664144516,0.0,0.0009363924618810415,0.0,0.000372840731870383,"{""critic_optimizer_updates"": 2055, ""actor_optimizer_updates_0"": 0, ""actor_optimizer_updates_1"": 0, ""actor_optimizer_steps_total"": 0, ""alpha_optimizer_updates"": 0}",-3.0822689533233643,1.951953411102295,0.6134045124053955,3.4523091316223145,0.8715934753417969
B_fixed_actor,56,0.0,0.0002256622101413086,"[0.03222712129354477, 0.005191916599869728, 0.08398236334323883, 0.0036425329744815826, 0.008654562756419182, -0.06544207036495209, 0.663865327835083]","[0.08840353786945343, 0.13165250420570374, 0.14031493663787842, 0.013186201453208923, 0.021283119916915894, 0.20851187407970428, 0.7489963173866272]",0.049787066876888275,-3.0,-3.0,0.1484375,0.0,0.00018666764663066715,"[0.03270529583096504, 0.0019058503676205873, 0.08648394048213959, 0.006068564485758543, 0.005836599040776491, -0.06558745354413986, 0.6639769673347473]","[0.0795089453458786, 0.1287095844745636, 0.14078418910503387, 0.014901879243552685, 0.02235759049654007, 0.20919282734394073, 0.7489326000213623]",0.049787066876888275,-3.0,-3.0,0.1478794664144516,0.0,0.0009363924618810415,0.0,0.000372840731870383,"{""critic_optimizer_updates"": 2056, ""actor_optimizer_updates_0"": 0, ""actor_optimizer_updates_1"": 0, ""actor_optimizer_steps_total"": 0, ""alpha_optimizer_updates"": 0}",-3.1092092990875244,1.9346189498901367,0.6134586334228516,3.417815923690796,0.8711573481559753
B_fixed_actor,57,0.0,0.0002256622101413086,"[0.03222712129354477, 0.005191916599869728, 0.08398236334323883, 0.0036425329744815826, 0.008654562756419182, -0.06544207036495209, 0.663865327835083]","[0.08840353786945343, 0.13165250420570374, 0.14031493663787842, 0.013186201453208923, 0.021283119916915894, 0.20851187407970428, 0.7489963173866272]",0.049787066876888275,-3.0,-3.0,0.1484375,0.0,0.00018666764663066715,"[0.03270529583096504, 0.0019058503676205873, 0.08648394048213959, 0.006068564485758543, 0.005836599040776491, -0.06558745354413986, 0.6639769673347473]","[0.0795089453458786, 0.1287095844745636, 0.14078418910503387, 0.014901879243552685, 0.02235759049654007, 0.20919282734394073, 0.7489326000213623]",0.049787066876888275,-3.0,-3.0,0.1478794664144516,0.0,0.0009363924618810415,0.0,0.000372840731870383,"{""critic_optimizer_updates"": 2057, ""actor_optimizer_updates_0"": 0, ""actor_optimizer_updates_1"": 0, ""actor_optimizer_steps_total"": 0, ""alpha_optimizer_updates"": 0}",-3.130673885345459,1.8956866264343262,0.6223055720329285,3.363117218017578,0.8692048192024231
B_fixed_actor,58,0.0,0.0002256622101413086,"[0.03222712129354477, 0.005191916599869728, 0.08398236334323883, 0.0036425329744815826, 0.008654562756419182, -0.06544207036495209, 0.663865327835083]","[0.08840353786945343, 0.13165250420570374, 0.14031493663787842, 0.013186201453208923, 0.021283119916915894, 0.20851187407970428, 0.7489963173866272]",0.049787066876888275,-3.0,-3.0,0.1484375,0.0,0.00018666764663066715,"[0.03270529583096504, 0.0019058503676205873, 0.08648394048213959, 0.006068564485758543, 0.005836599040776491, -0.06558745354413986, 0.6639769673347473]","[0.0795089453458786, 0.1287095844745636, 0.14078418910503387, 0.014901879243552685, 0.02235759049654007, 0.20919282734394073, 0.7489326000213623]",0.049787066876888275,-3.0,-3.0,0.1478794664144516,0.0,0.0009363924618810415,0.0,0.000372840731870383,"{""critic_optimizer_updates"": 2058, ""actor_optimizer_updates_0"": 0, ""actor_optimizer_updates_1"": 0, ""actor_optimizer_steps_total"": 0, ""alpha_optimizer_updates"": 0}",-3.20969820022583,1.8843967914581299,0.6245236396789551,3.3516483306884766,0.8675127625465393
B_fixed_actor,59,0.0,0.0002256622101413086,"[0.03222712129354477, 0.005191916599869728, 0.08398236334323883, 0.0036425329744815826, 0.008654562756419182, -0.06544207036495209, 0.663865327835083]","[0.08840353786945343, 0.13165250420570374, 0.14031493663787842, 0.013186201453208923, 0.021283119916915894, 0.20851187407970428, 0.7489963173866272]",0.049787066876888275,-3.0,-3.0,0.1484375,0.0,0.00018666764663066715,"[0.03270529583096504, 0.0019058503676205873, 0.08648394048213959, 0.006068564485758543, 0.005836599040776491, -0.06558745354413986, 0.6639769673347473]","[0.0795089453458786, 0.1287095844745636, 0.14078418910503387, 0.014901879243552685, 0.02235759049654007, 0.20919282734394073, 0.7489326000213623]",0.049787066876888275,-3.0,-3.0,0.1478794664144516,0.0,0.0009363924618810415,0.0,0.000372840731870383,"{""critic_optimizer_updates"": 2059, ""actor_optimizer_updates_0"": 0, ""actor_optimizer_updates_1"": 0, ""actor_optimizer_steps_total"": 0, ""alpha_optimizer_updates"": 0}",-3.2386884689331055,1.8853330612182617,0.6304388642311096,3.361363172531128,0.8687721490859985
B_fixed_actor,60,0.0,0.0002256622101413086,"[0.03222712129354477, 0.005191916599869728, 0.08398236334323883, 0.0036425329744815826, 0.008654562756419182, -0.06544207036495209, 0.663865327835083]","[0.08840353786945343, 0.13165250420570374, 0.14031493663787842, 0.013186201453208923, 0.021283119916915894, 0.20851187407970428, 0.7489963173866272]",0.049787066876888275,-3.0,-3.0,0.1484375,0.0,0.00018666764663066715,"[0.03270529583096504, 0.0019058503676205873, 0.08648394048213959, 0.006068564485758543, 0.005836599040776491, -0.06558745354413986, 0.6639769673347473]","[0.0795089453458786, 0.1287095844745636, 0.14078418910503387, 0.014901879243552685, 0.02235759049654007, 0.20919282734394073, 0.7489326000213623]",0.049787066876888275,-3.0,-3.0,0.1478794664144516,0.0,0.0009363924618810415,0.0,0.000372840731870383,"{""critic_optimizer_updates"": 2060, ""actor_optimizer_updates_0"": 0, ""actor_optimizer_updates_1"": 0, ""actor_optimizer_steps_total"": 0, ""alpha_optimizer_updates"": 0}",-3.214308738708496,1.9019335508346558,0.6425416469573975,3.3880724906921387,0.873695969581604
B_fixed_actor,61,0.0,0.0002256622101413086,"[0.03222712129354477, 0.005191916599869728, 0.08398236334323883, 0.0036425329744815826, 0.008654562756419182, -0.06544207036495209, 0.663865327835083]","[0.08840353786945343, 0.13165250420570374, 0.14031493663787842, 0.013186201453208923, 0.021283119916915894, 0.20851187407970428, 0.7489963173866272]",0.049787066876888275,-3.0,-3.0,0.1484375,0.0,0.00018666764663066715,"[0.03270529583096504, 0.0019058503676205873, 0.08648394048213959, 0.006068564485758543, 0.005836599040776491, -0.06558745354413986, 0.6639769673347473]","[0.0795089453458786, 0.1287095844745636, 0.14078418910503387, 0.014901879243552685, 0.02235759049654007, 0.20919282734394073, 0.7489326000213623]",0.049787066876888275,-3.0,-3.0,0.1478794664144516,0.0,0.0009363924618810415,0.0,0.000372840731870383,"{""critic_optimizer_updates"": 2061, ""actor_optimizer_updates_0"": 0, ""actor_optimizer_updates_1"": 0, ""actor_optimizer_steps_total"": 0, ""alpha_optimizer_updates"": 0}",-3.150239944458008,1.9030358791351318,0.6448808908462524,3.3901047706604004,0.8752526044845581
B_fixed_actor,62,0.0,0.0002256622101413086,"[0.03222712129354477, 0.005191916599869728, 0.08398236334323883, 0.0036425329744815826, 0.008654562756419182, -0.06544207036495209, 0.663865327835083]","[0.08840353786945343, 0.13165250420570374, 0.14031493663787842, 0.013186201453208923, 0.021283119916915894, 0.20851187407970428, 0.7489963173866272]",0.049787066876888275,-3.0,-3.0,0.1484375,0.0,0.00018666764663066715,"[0.03270529583096504, 0.0019058503676205873, 0.08648394048213959, 0.006068564485758543, 0.005836599040776491, -0.06558745354413986, 0.6639769673347473]","[0.0795089453458786, 0.1287095844745636, 0.14078418910503387, 0.014901879243552685, 0.02235759049654007, 0.20919282734394073, 0.7489326000213623]",0.049787066876888275,-3.0,-3.0,0.1478794664144516,0.0,0.0009363924618810415,0.0,0.000372840731870383,"{""critic_optimizer_updates"": 2062, ""actor_optimizer_updates_0"": 0, ""actor_optimizer_updates_1"": 0, ""actor_optimizer_steps_total"": 0, ""alpha_optimizer_updates"": 0}",-3.114596366882324,1.88064444065094,0.6470234394073486,3.3636116981506348,0.8741505742073059
B_fixed_actor,63,0.0,0.0002256622101413086,"[0.03222712129354477, 0.005191916599869728, 0.08398236334323883, 0.0036425329744815826, 0.008654562756419182, -0.06544207036495209, 0.663865327835083]","[0.08840353786945343, 0.13165250420570374, 0.14031493663787842, 0.013186201453208923, 0.021283119916915894, 0.20851187407970428, 0.7489963173866272]",0.049787066876888275,-3.0,-3.0,0.1484375,0.0,0.00018666764663066715,"[0.03270529583096504, 0.0019058503676205873, 0.08648394048213959, 0.006068564485758543, 0.005836599040776491, -0.06558745354413986, 0.6639769673347473]","[0.0795089453458786, 0.1287095844745636, 0.14078418910503387, 0.014901879243552685, 0.02235759049654007, 0.20919282734394073, 0.7489326000213623]",0.049787066876888275,-3.0,-3.0,0.1478794664144516,0.0,0.0009363924618810415,0.0,0.000372840731870383,"{""critic_optimizer_updates"": 2063, ""actor_optimizer_updates_0"": 0, ""actor_optimizer_updates_1"": 0, ""actor_optimizer_steps_total"": 0, ""alpha_optimizer_updates"": 0}",-3.1126389503479004,1.8468048572540283,0.6516786813735962,3.3221435546875,0.8722347021102905
B_fixed_actor,64,0.0,0.0002256622101413086,"[0.03222712129354477, 0.005191916599869728, 0.08398236334323883, 0.0036425329744815826, 0.008654562756419182, -0.06544207036495209, 0.663865327835083]","[0.08840353786945343, 0.13165250420570374, 0.14031493663787842, 0.013186201453208923, 0.021283119916915894, 0.20851187407970428, 0.7489963173866272]",0.049787066876888275,-3.0,-3.0,0.1484375,0.0,0.00018666764663066715,"[0.03270529583096504, 0.0019058503676205873, 0.08648394048213959, 0.006068564485758543, 0.005836599040776491, -0.06558745354413986, 0.6639769673347473]","[0.0795089453458786, 0.1287095844745636, 0.14078418910503387, 0.014901879243552685, 0.02235759049654007, 0.20919282734394073, 0.7489326000213623]",0.049787066876888275,-3.0,-3.0,0.1478794664144516,0.0,0.0009363924618810415,0.0,0.000372840731870383,"{""critic_optimizer_updates"": 2064, ""actor_optimizer_updates_0"": 0, ""actor_optimizer_updates_1"": 0, ""actor_optimizer_steps_total"": 0, ""alpha_optimizer_updates"": 0}",-3.1257972717285156,1.8337594270706177,0.6469975709915161,3.298449993133545,0.8675411343574524
B_fixed_actor,65,0.0,0.0002256622101413086,"[0.03222712129354477, 0.005191916599869728, 0.08398236334323883, 0.0036425329744815826, 0.008654562756419182, -0.06544207036495209, 0.663865327835083]","[0.08840353786945343, 0.13165250420570374, 0.14031493663787842, 0.013186201453208923, 0.021283119916915894, 0.20851187407970428, 0.7489963173866272]",0.049787066876888275,-3.0,-3.0,0.1484375,0.0,0.00018666764663066715,"[0.03270529583096504, 0.0019058503676205873, 0.08648394048213959, 0.006068564485758543, 0.005836599040776491, -0.06558745354413986, 0.6639769673347473]","[0.0795089453458786, 0.1287095844745636, 0.14078418910503387, 0.014901879243552685, 0.02235759049654007, 0.20919282734394073, 0.7489326000213623]",0.049787066876888275,-3.0,-3.0,0.1478794664144516,0.0,0.0009363924618810415,0.0,0.000372840731870383,"{""critic_optimizer_updates"": 2065, ""actor_optimizer_updates_0"": 0, ""actor_optimizer_updates_1"": 0, ""actor_optimizer_steps_total"": 0, ""alpha_optimizer_updates"": 0}",-3.1230268478393555,1.8213480710983276,0.6470683813095093,3.283226490020752,0.8665056228637695
B_fixed_actor,66,0.0,0.0002256622101413086,"[0.03222712129354477, 0.005191916599869728, 0.08398236334323883, 0.0036425329744815826, 0.008654562756419182, -0.06544207036495209, 0.663865327835083]","[0.08840353786945343, 0.13165250420570374, 0.14031493663787842, 0.013186201453208923, 0.021283119916915894, 0.20851187407970428, 0.7489963173866272]",0.049787066876888275,-3.0,-3.0,0.1484375,0.0,0.00018666764663066715,"[0.03270529583096504, 0.0019058503676205873, 0.08648394048213959, 0.006068564485758543, 0.005836599040776491, -0.06558745354413986, 0.6639769673347473]","[0.0795089453458786, 0.1287095844745636, 0.14078418910503387, 0.014901879243552685, 0.02235759049654007, 0.20919282734394073, 0.7489326000213623]",0.049787066876888275,-3.0,-3.0,0.1478794664144516,0.0,0.0009363924618810415,0.0,0.000372840731870383,"{""critic_optimizer_updates"": 2066, ""actor_optimizer_updates_0"": 0, ""actor_optimizer_updates_1"": 0, ""actor_optimizer_steps_total"": 0, ""alpha_optimizer_updates"": 0}",-3.1661875247955322,1.834206223487854,0.6574572324752808,3.324822187423706,0.8719682693481445
B_fixed_actor,67,0.0,0.0002256622101413086,"[0.03222712129354477, 0.005191916599869728, 0.08398236334323883, 0.0036425329744815826, 0.008654562756419182, -0.06544207036495209, 0.663865327835083]","[0.08840353786945343, 0.13165250420570374, 0.14031493663787842, 0.013186201453208923, 0.021283119916915894, 0.20851187407970428, 0.7489963173866272]",0.049787066876888275,-3.0,-3.0,0.1484375,0.0,0.00018666764663066715,"[0.03270529583096504, 0.0019058503676205873, 0.08648394048213959, 0.006068564485758543, 0.005836599040776491, -0.06558745354413986, 0.6639769673347473]","[0.0795089453458786, 0.1287095844745636, 0.14078418910503387, 0.014901879243552685, 0.02235759049654007, 0.20919282734394073, 0.7489326000213623]",0.049787066876888275,-3.0,-3.0,0.1478794664144516,0.0,0.0009363924618810415,0.0,0.000372840731870383,"{""critic_optimizer_updates"": 2067, ""actor_optimizer_updates_0"": 0, ""actor_optimizer_updates_1"": 0, ""actor_optimizer_steps_total"": 0, ""alpha_optimizer_updates"": 0}",-3.2043545246124268,1.8586230278015137,0.6554279923439026,3.386899471282959,0.8767920136451721
B_fixed_actor,68,0.0,0.0002256622101413086,"[0.03222712129354477, 0.005191916599869728, 0.08398236334323883, 0.0036425329744815826, 0.008654562756419182, -0.06544207036495209, 0.663865327835083]","[0.08840353786945343, 0.13165250420570374, 0.14031493663787842, 0.013186201453208923, 0.021283119916915894, 0.20851187407970428, 0.7489963173866272]",0.049787066876888275,-3.0,-3.0,0.1484375,0.0,0.00018666764663066715,"[0.03270529583096504, 0.0019058503676205873, 0.08648394048213959, 0.006068564485758543, 0.005836599040776491, -0.06558745354413986, 0.6639769673347473]","[0.0795089453458786, 0.1287095844745636, 0.14078418910503387, 0.014901879243552685, 0.02235759049654007, 0.20919282734394073, 0.7489326000213623]",0.049787066876888275,-3.0,-3.0,0.1478794664144516,0.0,0.0009363924618810415,0.0,0.000372840731870383,"{""critic_optimizer_updates"": 2068, ""actor_optimizer_updates_0"": 0, ""actor_optimizer_updates_1"": 0, ""actor_optimizer_steps_total"": 0, ""alpha_optimizer_updates"": 0}",-3.2069835662841797,1.8490618467330933,0.6577854156494141,3.3801369667053223,0.8771093487739563
B_fixed_actor,69,0.0,0.0002256622101413086,"[0.03222712129354477, 0.005191916599869728, 0.08398236334323883, 0.0036425329744815826, 0.008654562756419182, -0.06544207036495209, 0.663865327835083]","[0.08840353786945343, 0.13165250420570374, 0.14031493663787842, 0.013186201453208923, 0.021283119916915894, 0.20851187407970428, 0.7489963173866272]",0.049787066876888275,-3.0,-3.0,0.1484375,0.0,0.00018666764663066715,"[0.03270529583096504, 0.0019058503676205873, 0.08648394048213959, 0.006068564485758543, 0.005836599040776491, -0.06558745354413986, 0.6639769673347473]","[0.0795089453458786, 0.1287095844745636, 0.14078418910503387, 0.014901879243552685, 0.02235759049654007, 0.20919282734394073, 0.7489326000213623]",0.049787066876888275,-3.0,-3.0,0.1478794664144516,0.0,0.0009363924618810415,0.0,0.000372840731870383,"{""critic_optimizer_updates"": 2069, ""actor_optimizer_updates_0"": 0, ""actor_optimizer_updates_1"": 0, ""actor_optimizer_steps_total"": 0, ""alpha_optimizer_updates"": 0}",-3.164397716522217,1.8301762342453003,0.657477617263794,3.354250192642212,0.8743535876274109
B_fixed_actor,70,0.0,0.0002256622101413086,"[0.03222712129354477, 0.005191916599869728, 0.08398236334323883, 0.0036425329744815826, 0.008654562756419182, -0.06544207036495209, 0.663865327835083]","[0.08840353786945343, 0.13165250420570374, 0.14031493663787842, 0.013186201453208923, 0.021283119916915894, 0.20851187407970428, 0.7489963173866272]",0.049787066876888275,-3.0,-3.0,0.1484375,0.0,0.00018666764663066715,"[0.03270529583096504, 0.0019058503676205873, 0.08648394048213959, 0.006068564485758543, 0.005836599040776491, -0.06558745354413986, 0.6639769673347473]","[0.0795089453458786, 0.1287095844745636, 0.14078418910503387, 0.014901879243552685, 0.02235759049654007, 0.20919282734394073, 0.7489326000213623]",0.049787066876888275,-3.0,-3.0,0.1478794664144516,0.0,0.0009363924618810415,0.0,0.000372840731870383,"{""critic_optimizer_updates"": 2070, ""actor_optimizer_updates_0"": 0, ""actor_optimizer_updates_1"": 0, ""actor_optimizer_steps_total"": 0, ""alpha_optimizer_updates"": 0}",-3.0947232246398926,1.7742528915405273,0.6525508165359497,3.2704625129699707,0.8655337691307068
B_fixed_actor,71,0.0,0.0002256622101413086,"[0.03222712129354477, 0.005191916599869728, 0.08398236334323883, 0.0036425329744815826, 0.008654562756419182, -0.06544207036495209, 0.663865327835083]","[0.08840353786945343, 0.13165250420570374, 0.14031493663787842, 0.013186201453208923, 0.021283119916915894, 0.20851187407970428, 0.7489963173866272]",0.049787066876888275,-3.0,-3.0,0.1484375,0.0,0.00018666764663066715,"[0.03270529583096504, 0.0019058503676205873, 0.08648394048213959, 0.006068564485758543, 0.005836599040776491, -0.06558745354413986, 0.6639769673347473]","[0.0795089453458786, 0.1287095844745636, 0.14078418910503387, 0.014901879243552685, 0.02235759049654007, 0.20919282734394073, 0.7489326000213623]",0.049787066876888275,-3.0,-3.0,0.1478794664144516,0.0,0.0009363924618810415,0.0,0.000372840731870383,"{""critic_optimizer_updates"": 2071, ""actor_optimizer_updates_0"": 0, ""actor_optimizer_updates_1"": 0, ""actor_optimizer_steps_total"": 0, ""alpha_optimizer_updates"": 0}",-3.0143375396728516,1.7287869453430176,0.6351941823959351,3.1930859088897705,0.8551017045974731
B_fixed_actor,72,0.0,0.0002256622101413086,"[0.03222712129354477, 0.005191916599869728, 0.08398236334323883, 0.0036425329744815826, 0.008654562756419182, -0.06544207036495209, 0.663865327835083]","[0.08840353786945343, 0.13165250420570374, 0.14031493663787842, 0.013186201453208923, 0.021283119916915894, 0.20851187407970428, 0.7489963173866272]",0.049787066876888275,-3.0,-3.0,0.1484375,0.0,0.00018666764663066715,"[0.03270529583096504, 0.0019058503676205873, 0.08648394048213959, 0.006068564485758543, 0.005836599040776491, -0.06558745354413986, 0.6639769673347473]","[0.0795089453458786, 0.1287095844745636, 0.14078418910503387, 0.014901879243552685, 0.02235759049654007, 0.20919282734394073, 0.7489326000213623]",0.049787066876888275,-3.0,-3.0,0.1478794664144516,0.0,0.0009363924618810415,0.0,0.000372840731870383,"{""critic_optimizer_updates"": 2072, ""actor_optimizer_updates_0"": 0, ""actor_optimizer_updates_1"": 0, ""actor_optimizer_steps_total"": 0, ""alpha_optimizer_updates"": 0}",-3.007388114929199,1.7109103202819824,0.6339341402053833,3.179875373840332,0.8551932573318481
B_fixed_actor,73,0.0,0.0002256622101413086,"[0.03222712129354477, 0.005191916599869728, 0.08398236334323883, 0.0036425329744815826, 0.008654562756419182, -0.06544207036495209, 0.663865327835083]","[0.08840353786945343, 0.13165250420570374, 0.14031493663787842, 0.013186201453208923, 0.021283119916915894, 0.20851187407970428, 0.7489963173866272]",0.049787066876888275,-3.0,-3.0,0.1484375,0.0,0.00018666764663066715,"[0.03270529583096504, 0.0019058503676205873, 0.08648394048213959, 0.006068564485758543, 0.005836599040776491, -0.06558745354413986, 0.6639769673347473]","[0.0795089453458786, 0.1287095844745636, 0.14078418910503387, 0.014901879243552685, 0.02235759049654007, 0.20919282734394073, 0.7489326000213623]",0.049787066876888275,-3.0,-3.0,0.1478794664144516,0.0,0.0009363924618810415,0.0,0.000372840731870383,"{""critic_optimizer_updates"": 2073, ""actor_optimizer_updates_0"": 0, ""actor_optimizer_updates_1"": 0, ""actor_optimizer_steps_total"": 0, ""alpha_optimizer_updates"": 0}",-3.133845806121826,1.7389106750488281,0.6429110169410706,3.243846893310547,0.8602084517478943
B_fixed_actor,74,0.0,0.0002256622101413086,"[0.03222712129354477, 0.005191916599869728, 0.08398236334323883, 0.0036425329744815826, 0.008654562756419182, -0.06544207036495209, 0.663865327835083]","[0.08840353786945343, 0.13165250420570374, 0.14031493663787842, 0.013186201453208923, 0.021283119916915894, 0.20851187407970428, 0.7489963173866272]",0.049787066876888275,-3.0,-3.0,0.1484375,0.0,0.00018666764663066715,"[0.03270529583096504, 0.0019058503676205873, 0.08648394048213959, 0.006068564485758543, 0.005836599040776491, -0.06558745354413986, 0.6639769673347473]","[0.0795089453458786, 0.1287095844745636, 0.14078418910503387, 0.014901879243552685, 0.02235759049654007, 0.20919282734394073, 0.7489326000213623]",0.049787066876888275,-3.0,-3.0,0.1478794664144516,0.0,0.0009363924618810415,0.0,0.000372840731870383,"{""critic_optimizer_updates"": 2074, ""actor_optimizer_updates_0"": 0, ""actor_optimizer_updates_1"": 0, ""actor_optimizer_steps_total"": 0, ""alpha_optimizer_updates"": 0}",-3.290475845336914,1.7699847221374512,0.6494789719581604,3.308945655822754,0.8641594648361206
B_fixed_actor,75,0.0,0.0002256622101413086,"[0.03222712129354477, 0.005191916599869728, 0.08398236334323883, 0.0036425329744815826, 0.008654562756419182, -0.06544207036495209, 0.663865327835083]","[0.08840353786945343, 0.13165250420570374, 0.14031493663787842, 0.013186201453208923, 0.021283119916915894, 0.20851187407970428, 0.7489963173866272]",0.049787066876888275,-3.0,-3.0,0.1484375,0.0,0.00018666764663066715,"[0.03270529583096504, 0.0019058503676205873, 0.08648394048213959, 0.006068564485758543, 0.005836599040776491, -0.06558745354413986, 0.6639769673347473]","[0.0795089453458786, 0.1287095844745636, 0.14078418910503387, 0.014901879243552685, 0.02235759049654007, 0.20919282734394073, 0.7489326000213623]",0.049787066876888275,-3.0,-3.0,0.1478794664144516,0.0,0.0009363924618810415,0.0,0.000372840731870383,"{""critic_optimizer_updates"": 2075, ""actor_optimizer_updates_0"": 0, ""actor_optimizer_updates_1"": 0, ""actor_optimizer_steps_total"": 0, ""alpha_optimizer_updates"": 0}",-3.290365219116211,1.7622740268707275,0.6375839710235596,3.296886444091797,0.8594043254852295
B_fixed_actor,76,0.0,0.0002256622101413086,"[0.03222712129354477, 0.005191916599869728, 0.08398236334323883, 0.0036425329744815826, 0.008654562756419182, -0.06544207036495209, 0.663865327835083]","[0.08840353786945343, 0.13165250420570374, 0.14031493663787842, 0.013186201453208923, 0.021283119916915894, 0.20851187407970428, 0.7489963173866272]",0.049787066876888275,-3.0,-3.0,0.1484375,0.0,0.00018666764663066715,"[0.03270529583096504, 0.0019058503676205873, 0.08648394048213959, 0.006068564485758543, 0.005836599040776491, -0.06558745354413986, 0.6639769673347473]","[0.0795089453458786, 0.1287095844745636, 0.14078418910503387, 0.014901879243552685, 0.02235759049654007, 0.20919282734394073, 0.7489326000213623]",0.049787066876888275,-3.0,-3.0,0.1478794664144516,0.0,0.0009363924618810415,0.0,0.000372840731870383,"{""critic_optimizer_updates"": 2076, ""actor_optimizer_updates_0"": 0, ""actor_optimizer_updates_1"": 0, ""actor_optimizer_steps_total"": 0, ""alpha_optimizer_updates"": 0}",-3.1733129024505615,1.716997504234314,0.6349437236785889,3.2208547592163086,0.8541499972343445
B_fixed_actor,77,0.0,0.0002256622101413086,"[0.03222712129354477, 0.005191916599869728, 0.08398236334323883, 0.0036425329744815826, 0.008654562756419182, -0.06544207036495209, 0.663865327835083]","[0.08840353786945343, 0.13165250420570374, 0.14031493663787842, 0.013186201453208923, 0.021283119916915894, 0.20851187407970428, 0.7489963173866272]",0.049787066876888275,-3.0,-3.0,0.1484375,0.0,0.00018666764663066715,"[0.03270529583096504, 0.0019058503676205873, 0.08648394048213959, 0.006068564485758543, 0.005836599040776491, -0.06558745354413986, 0.6639769673347473]","[0.0795089453458786, 0.1287095844745636, 0.14078418910503387, 0.014901879243552685, 0.02235759049654007, 0.20919282734394073, 0.7489326000213623]",0.049787066876888275,-3.0,-3.0,0.1478794664144516,0.0,0.0009363924618810415,0.0,0.000372840731870383,"{""critic_optimizer_updates"": 2077, ""actor_optimizer_updates_0"": 0, ""actor_optimizer_updates_1"": 0, ""actor_optimizer_steps_total"": 0, ""alpha_optimizer_updates"": 0}",-3.0689265727996826,1.6778210401535034,0.6236608624458313,3.1415205001831055,0.8489457964897156
B_fixed_actor,78,0.0,0.0002256622101413086,"[0.03222712129354477, 0.005191916599869728, 0.08398236334323883, 0.0036425329744815826, 0.008654562756419182, -0.06544207036495209, 0.663865327835083]","[0.08840353786945343, 0.13165250420570374, 0.14031493663787842, 0.013186201453208923, 0.021283119916915894, 0.20851187407970428, 0.7489963173866272]",0.049787066876888275,-3.0,-3.0,0.1484375,0.0,0.00018666764663066715,"[0.03270529583096504, 0.0019058503676205873, 0.08648394048213959, 0.006068564485758543, 0.005836599040776491, -0.06558745354413986, 0.6639769673347473]","[0.0795089453458786, 0.1287095844745636, 0.14078418910503387, 0.014901879243552685, 0.02235759049654007, 0.20919282734394073, 0.7489326000213623]",0.049787066876888275,-3.0,-3.0,0.1478794664144516,0.0,0.0009363924618810415,0.0,0.000372840731870383,"{""critic_optimizer_updates"": 2078, ""actor_optimizer_updates_0"": 0, ""actor_optimizer_updates_1"": 0, ""actor_optimizer_steps_total"": 0, ""alpha_optimizer_updates"": 0}",-3.070211172103882,1.673274040222168,0.62483811378479,3.1417884826660156,0.8483129739761353
B_fixed_actor,79,0.0,0.0002256622101413086,"[0.03222712129354477, 0.005191916599869728, 0.08398236334323883, 0.0036425329744815826, 0.008654562756419182, -0.06544207036495209, 0.663865327835083]","[0.08840353786945343, 0.13165250420570374, 0.14031493663787842, 0.013186201453208923, 0.021283119916915894, 0.20851187407970428, 0.7489963173866272]",0.049787066876888275,-3.0,-3.0,0.1484375,0.0,0.00018666764663066715,"[0.03270529583096504, 0.0019058503676205873, 0.08648394048213959, 0.006068564485758543, 0.005836599040776491, -0.06558745354413986, 0.6639769673347473]","[0.0795089453458786, 0.1287095844745636, 0.14078418910503387, 0.014901879243552685, 0.02235759049654007, 0.20919282734394073, 0.7489326000213623]",0.049787066876888275,-3.0,-3.0,0.1478794664144516,0.0,0.0009363924618810415,0.0,0.000372840731870383,"{""critic_optimizer_updates"": 2079, ""actor_optimizer_updates_0"": 0, ""actor_optimizer_updates_1"": 0, ""actor_optimizer_steps_total"": 0, ""alpha_optimizer_updates"": 0}",-3.1546740531921387,1.7041672468185425,0.6284858584403992,3.2102723121643066,0.8504116535186768
B_fixed_actor,80,0.0,0.0002256622101413086,"[0.03222712129354477, 0.005191916599869728, 0.08398236334323883, 0.0036425329744815826, 0.008654562756419182, -0.06544207036495209, 0.663865327835083]","[0.08840353786945343, 0.13165250420570374, 0.14031493663787842, 0.013186201453208923, 0.021283119916915894, 0.20851187407970428, 0.7489963173866272]",0.049787066876888275,-3.0,-3.0,0.1484375,0.0,0.00018666764663066715,"[0.03270529583096504, 0.0019058503676205873, 0.08648394048213959, 0.006068564485758543, 0.005836599040776491, -0.06558745354413986, 0.6639769673347473]","[0.0795089453458786, 0.1287095844745636, 0.14078418910503387, 0.014901879243552685, 0.02235759049654007, 0.20919282734394073, 0.7489326000213623]",0.049787066876888275,-3.0,-3.0,0.1478794664144516,0.0,0.0009363924618810415,0.0,0.000372840731870383,"{""critic_optimizer_updates"": 2080, ""actor_optimizer_updates_0"": 0, ""actor_optimizer_updates_1"": 0, ""actor_optimizer_steps_total"": 0, ""alpha_optimizer_updates"": 0}",-3.256669759750366,1.738946795463562,0.6375762224197388,3.2986819744110107,0.8545745015144348
B_fixed_actor,81,0.0,0.0002256622101413086,"[0.03222712129354477, 0.005191916599869728, 0.08398236334323883, 0.0036425329744815826, 0.008654562756419182, -0.06544207036495209, 0.663865327835083]","[0.08840353786945343, 0.13165250420570374, 0.14031493663787842, 0.013186201453208923, 0.021283119916915894, 0.20851187407970428, 0.7489963173866272]",0.049787066876888275,-3.0,-3.0,0.1484375,0.0,0.00018666764663066715,"[0.03270529583096504, 0.0019058503676205873, 0.08648394048213959, 0.006068564485758543, 0.005836599040776491, -0.06558745354413986, 0.6639769673347473]","[0.0795089453458786, 0.1287095844745636, 0.14078418910503387, 0.014901879243552685, 0.02235759049654007, 0.20919282734394073, 0.7489326000213623]",0.049787066876888275,-3.0,-3.0,0.1478794664144516,0.0,0.0009363924618810415,0.0,0.000372840731870383,"{""critic_optimizer_updates"": 2081, ""actor_optimizer_updates_0"": 0, ""actor_optimizer_updates_1"": 0, ""actor_optimizer_steps_total"": 0, ""alpha_optimizer_updates"": 0}",-3.230776786804199,1.7392246723175049,0.6368162631988525,3.317721366882324,0.8562679290771484
B_fixed_actor,82,0.0,0.0002256622101413086,"[0.03222712129354477, 0.005191916599869728, 0.08398236334323883, 0.0036425329744815826, 0.008654562756419182, -0.06544207036495209, 0.663865327835083]","[0.08840353786945343, 0.13165250420570374, 0.14031493663787842, 0.013186201453208923, 0.021283119916915894, 0.20851187407970428, 0.7489963173866272]",0.049787066876888275,-3.0,-3.0,0.1484375,0.0,0.00018666764663066715,"[0.03270529583096504, 0.0019058503676205873, 0.08648394048213959, 0.006068564485758543, 0.005836599040776491, -0.06558745354413986, 0.6639769673347473]","[0.0795089453458786, 0.1287095844745636, 0.14078418910503387, 0.014901879243552685, 0.02235759049654007, 0.20919282734394073, 0.7489326000213623]",0.049787066876888275,-3.0,-3.0,0.1478794664144516,0.0,0.0009363924618810415,0.0,0.000372840731870383,"{""critic_optimizer_updates"": 2082, ""actor_optimizer_updates_0"": 0, ""actor_optimizer_updates_1"": 0, ""actor_optimizer_steps_total"": 0, ""alpha_optimizer_updates"": 0}",-3.1360013484954834,1.709122657775879,0.6376259326934814,3.2511720657348633,0.8523241281509399
B_fixed_actor,83,0.0,0.0002256622101413086,"[0.03222712129354477, 0.005191916599869728, 0.08398236334323883, 0.0036425329744815826, 0.008654562756419182, -0.06544207036495209, 0.663865327835083]","[0.08840353786945343, 0.13165250420570374, 0.14031493663787842, 0.013186201453208923, 0.021283119916915894, 0.20851187407970428, 0.7489963173866272]",0.049787066876888275,-3.0,-3.0,0.1484375,0.0,0.00018666764663066715,"[0.03270529583096504, 0.0019058503676205873, 0.08648394048213959, 0.006068564485758543, 0.005836599040776491, -0.06558745354413986, 0.6639769673347473]","[0.0795089453458786, 0.1287095844745636, 0.14078418910503387, 0.014901879243552685, 0.02235759049654007, 0.20919282734394073, 0.7489326000213623]",0.049787066876888275,-3.0,-3.0,0.1478794664144516,0.0,0.0009363924618810415,0.0,0.000372840731870383,"{""critic_optimizer_updates"": 2083, ""actor_optimizer_updates_0"": 0, ""actor_optimizer_updates_1"": 0, ""actor_optimizer_steps_total"": 0, ""alpha_optimizer_updates"": 0}",-3.056107997894287,1.6712889671325684,0.629946231842041,3.1778807640075684,0.8474048972129822
B_fixed_actor,84,0.0,0.0002256622101413086,"[0.03222712129354477, 0.005191916599869728, 0.08398236334323883, 0.0036425329744815826, 0.008654562756419182, -0.06544207036495209, 0.663865327835083]","[0.08840353786945343, 0.13165250420570374, 0.14031493663787842, 0.013186201453208923, 0.021283119916915894, 0.20851187407970428, 0.7489963173866272]",0.049787066876888275,-3.0,-3.0,0.1484375,0.0,0.00018666764663066715,"[0.03270529583096504, 0.0019058503676205873, 0.08648394048213959, 0.006068564485758543, 0.005836599040776491, -0.06558745354413986, 0.6639769673347473]","[0.0795089453458786, 0.1287095844745636, 0.14078418910503387, 0.014901879243552685, 0.02235759049654007, 0.20919282734394073, 0.7489326000213623]",0.049787066876888275,-3.0,-3.0,0.1478794664144516,0.0,0.0009363924618810415,0.0,0.000372840731870383,"{""critic_optimizer_updates"": 2084, ""actor_optimizer_updates_0"": 0, ""actor_optimizer_updates_1"": 0, ""actor_optimizer_steps_total"": 0, ""alpha_optimizer_updates"": 0}",-3.081590175628662,1.679914116859436,0.6406341791152954,3.2090888023376465,0.8509112596511841
B_fixed_actor,85,0.0,0.0002256622101413086,"[0.03222712129354477, 0.005191916599869728, 0.08398236334323883, 0.0036425329744815826, 0.008654562756419182, -0.06544207036495209, 0.663865327835083]","[0.08840353786945343, 0.13165250420570374, 0.14031493663787842, 0.013186201453208923, 0.021283119916915894, 0.20851187407970428, 0.7489963173866272]",0.049787066876888275,-3.0,-3.0,0.1484375,0.0,0.00018666764663066715,"[0.03270529583096504, 0.0019058503676205873, 0.08648394048213959, 0.006068564485758543, 0.005836599040776491, -0.06558745354413986, 0.6639769673347473]","[0.0795089453458786, 0.1287095844745636, 0.14078418910503387, 0.014901879243552685, 0.02235759049654007, 0.20919282734394073, 0.7489326000213623]",0.049787066876888275,-3.0,-3.0,0.1478794664144516,0.0,0.0009363924618810415,0.0,0.000372840731870383,"{""critic_optimizer_updates"": 2085, ""actor_optimizer_updates_0"": 0, ""actor_optimizer_updates_1"": 0, ""actor_optimizer_steps_total"": 0, ""alpha_optimizer_updates"": 0}",-3.135570526123047,1.7042754888534546,0.6538683772087097,3.26524019241333,0.8577567934989929
B_fixed_actor,86,0.0,0.0002256622101413086,"[0.03222712129354477, 0.005191916599869728, 0.08398236334323883, 0.0036425329744815826, 0.008654562756419182, -0.06544207036495209, 0.663865327835083]","[0.08840353786945343, 0.13165250420570374, 0.14031493663787842, 0.013186201453208923, 0.021283119916915894, 0.20851187407970428, 0.7489963173866272]",0.049787066876888275,-3.0,-3.0,0.1484375,0.0,0.00018666764663066715,"[0.03270529583096504, 0.0019058503676205873, 0.08648394048213959, 0.006068564485758543, 0.005836599040776491, -0.06558745354413986, 0.6639769673347473]","[0.0795089453458786, 0.1287095844745636, 0.14078418910503387, 0.014901879243552685, 0.02235759049654007, 0.20919282734394073, 0.7489326000213623]",0.049787066876888275,-3.0,-3.0,0.1478794664144516,0.0,0.0009363924618810415,0.0,0.000372840731870383,"{""critic_optimizer_updates"": 2086, ""actor_optimizer_updates_0"": 0, ""actor_optimizer_updates_1"": 0, ""actor_optimizer_steps_total"": 0, ""alpha_optimizer_updates"": 0}",-3.260700225830078,1.7245287895202637,0.6728192567825317,3.3328375816345215,0.8631902933120728
B_fixed_actor,87,0.0,0.0002256622101413086,"[0.03222712129354477, 0.005191916599869728, 0.08398236334323883, 0.0036425329744815826, 0.008654562756419182, -0.06544207036495209, 0.663865327835083]","[0.08840353786945343, 0.13165250420570374, 0.14031493663787842, 0.013186201453208923, 0.021283119916915894, 0.20851187407970428, 0.7489963173866272]",0.049787066876888275,-3.0,-3.0,0.1484375,0.0,0.00018666764663066715,"[0.03270529583096504, 0.0019058503676205873, 0.08648394048213959, 0.006068564485758543, 0.005836599040776491, -0.06558745354413986, 0.6639769673347473]","[0.0795089453458786, 0.1287095844745636, 0.14078418910503387, 0.014901879243552685, 0.02235759049654007, 0.20919282734394073, 0.7489326000213623]",0.049787066876888275,-3.0,-3.0,0.1478794664144516,0.0,0.0009363924618810415,0.0,0.000372840731870383,"{""critic_optimizer_updates"": 2087, ""actor_optimizer_updates_0"": 0, ""actor_optimizer_updates_1"": 0, ""actor_optimizer_steps_total"": 0, ""alpha_optimizer_updates"": 0}",-3.327685832977295,1.7179226875305176,0.6736016273498535,3.336256980895996,0.8628025650978088
B_fixed_actor,88,0.0,0.0002256622101413086,"[0.03222712129354477, 0.005191916599869728, 0.08398236334323883, 0.0036425329744815826, 0.008654562756419182, -0.06544207036495209, 0.663865327835083]","[0.08840353786945343, 0.13165250420570374, 0.14031493663787842, 0.013186201453208923, 0.021283119916915894, 0.20851187407970428, 0.7489963173866272]",0.049787066876888275,-3.0,-3.0,0.1484375,0.0,0.00018666764663066715,"[0.03270529583096504, 0.0019058503676205873, 0.08648394048213959, 0.006068564485758543, 0.005836599040776491, -0.06558745354413986, 0.6639769673347473]","[0.0795089453458786, 0.1287095844745636, 0.14078418910503387, 0.014901879243552685, 0.02235759049654007, 0.20919282734394073, 0.7489326000213623]",0.049787066876888275,-3.0,-3.0,0.1478794664144516,0.0,0.0009363924618810415,0.0,0.000372840731870383,"{""critic_optimizer_updates"": 2088, ""actor_optimizer_updates_0"": 0, ""actor_optimizer_updates_1"": 0, ""actor_optimizer_steps_total"": 0, ""alpha_optimizer_updates"": 0}",-3.2552943229675293,1.6902744770050049,0.6727011203765869,3.2928342819213867,0.8604958653450012
B_fixed_actor,89,0.0,0.0002256622101413086,"[0.03222712129354477, 0.005191916599869728, 0.08398236334323883, 0.0036425329744815826, 0.008654562756419182, -0.06544207036495209, 0.663865327835083]","[0.08840353786945343, 0.13165250420570374, 0.14031493663787842, 0.013186201453208923, 0.021283119916915894, 0.20851187407970428, 0.7489963173866272]",0.049787066876888275,-3.0,-3.0,0.1484375,0.0,0.00018666764663066715,"[0.03270529583096504, 0.0019058503676205873, 0.08648394048213959, 0.006068564485758543, 0.005836599040776491, -0.06558745354413986, 0.6639769673347473]","[0.0795089453458786, 0.1287095844745636, 0.14078418910503387, 0.014901879243552685, 0.02235759049654007, 0.20919282734394073, 0.7489326000213623]",0.049787066876888275,-3.0,-3.0,0.1478794664144516,0.0,0.0009363924618810415,0.0,0.000372840731870383,"{""critic_optimizer_updates"": 2089, ""actor_optimizer_updates_0"": 0, ""actor_optimizer_updates_1"": 0, ""actor_optimizer_steps_total"": 0, ""alpha_optimizer_updates"": 0}",-3.2052855491638184,1.6649513244628906,0.6675558090209961,3.2525954246520996,0.8573620319366455
B_fixed_actor,90,0.0,0.0002256622101413086,"[0.03222712129354477, 0.005191916599869728, 0.08398236334323883, 0.0036425329744815826, 0.008654562756419182, -0.06544207036495209, 0.663865327835083]","[0.08840353786945343, 0.13165250420570374, 0.14031493663787842, 0.013186201453208923, 0.021283119916915894, 0.20851187407970428, 0.7489963173866272]",0.049787066876888275,-3.0,-3.0,0.1484375,0.0,0.00018666764663066715,"[0.03270529583096504, 0.0019058503676205873, 0.08648394048213959, 0.006068564485758543, 0.005836599040776491, -0.06558745354413986, 0.6639769673347473]","[0.0795089453458786, 0.1287095844745636, 0.14078418910503387, 0.014901879243552685, 0.02235759049654007, 0.20919282734394073, 0.7489326000213623]",0.049787066876888275,-3.0,-3.0,0.1478794664144516,0.0,0.0009363924618810415,0.0,0.000372840731870383,"{""critic_optimizer_updates"": 2090, ""actor_optimizer_updates_0"": 0, ""actor_optimizer_updates_1"": 0, ""actor_optimizer_steps_total"": 0, ""alpha_optimizer_updates"": 0}",-3.148700714111328,1.652592420578003,0.6609623432159424,3.2386293411254883,0.8559058308601379
B_fixed_actor,91,0.0,0.0002256622101413086,"[0.03222712129354477, 0.005191916599869728, 0.08398236334323883, 0.0036425329744815826, 0.008654562756419182, -0.06544207036495209, 0.663865327835083]","[0.08840353786945343, 0.13165250420570374, 0.14031493663787842, 0.013186201453208923, 0.021283119916915894, 0.20851187407970428, 0.7489963173866272]",0.049787066876888275,-3.0,-3.0,0.1484375,0.0,0.00018666764663066715,"[0.03270529583096504, 0.0019058503676205873, 0.08648394048213959, 0.006068564485758543, 0.005836599040776491, -0.06558745354413986, 0.6639769673347473]","[0.0795089453458786, 0.1287095844745636, 0.14078418910503387, 0.014901879243552685, 0.02235759049654007, 0.20919282734394073, 0.7489326000213623]",0.049787066876888275,-3.0,-3.0,0.1478794664144516,0.0,0.0009363924618810415,0.0,0.000372840731870383,"{""critic_optimizer_updates"": 2091, ""actor_optimizer_updates_0"": 0, ""actor_optimizer_updates_1"": 0, ""actor_optimizer_steps_total"": 0, ""alpha_optimizer_updates"": 0}",-3.149749755859375,1.655268669128418,0.6712280511856079,3.263545036315918,0.858656644821167
B_fixed_actor,92,0.0,0.0002256622101413086,"[0.03222712129354477, 0.005191916599869728, 0.08398236334323883, 0.0036425329744815826, 0.008654562756419182, -0.06544207036495209, 0.663865327835083]","[0.08840353786945343, 0.13165250420570374, 0.14031493663787842, 0.013186201453208923, 0.021283119916915894, 0.20851187407970428, 0.7489963173866272]",0.049787066876888275,-3.0,-3.0,0.1484375,0.0,0.00018666764663066715,"[0.03270529583096504, 0.0019058503676205873, 0.08648394048213959, 0.006068564485758543, 0.005836599040776491, -0.06558745354413986, 0.6639769673347473]","[0.0795089453458786, 0.1287095844745636, 0.14078418910503387, 0.014901879243552685, 0.02235759049654007, 0.20919282734394073, 0.7489326000213623]",0.049787066876888275,-3.0,-3.0,0.1478794664144516,0.0,0.0009363924618810415,0.0,0.000372840731870383,"{""critic_optimizer_updates"": 2092, ""actor_optimizer_updates_0"": 0, ""actor_optimizer_updates_1"": 0, ""actor_optimizer_steps_total"": 0, ""alpha_optimizer_updates"": 0}",-3.2126994132995605,1.6787407398223877,0.6770338416099548,3.3435425758361816,0.8604394197463989
B_fixed_actor,93,0.0,0.0002256622101413086,"[0.03222712129354477, 0.005191916599869728, 0.08398236334323883, 0.0036425329744815826, 0.008654562756419182, -0.06544207036495209, 0.663865327835083]","[0.08840353786945343, 0.13165250420570374, 0.14031493663787842, 0.013186201453208923, 0.021283119916915894, 0.20851187407970428, 0.7489963173866272]",0.049787066876888275,-3.0,-3.0,0.1484375,0.0,0.00018666764663066715,"[0.03270529583096504, 0.0019058503676205873, 0.08648394048213959, 0.006068564485758543, 0.005836599040776491, -0.06558745354413986, 0.6639769673347473]","[0.0795089453458786, 0.1287095844745636, 0.14078418910503387, 0.014901879243552685, 0.02235759049654007, 0.20919282734394073, 0.7489326000213623]",0.049787066876888275,-3.0,-3.0,0.1478794664144516,0.0,0.0009363924618810415,0.0,0.000372840731870383,"{""critic_optimizer_updates"": 2093, ""actor_optimizer_updates_0"": 0, ""actor_optimizer_updates_1"": 0, ""actor_optimizer_steps_total"": 0, ""alpha_optimizer_updates"": 0}",-3.297750473022461,1.6839747428894043,0.6779004335403442,3.3866829872131348,0.8604171276092529
B_fixed_actor,94,0.0,0.0002256622101413086,"[0.03222712129354477, 0.005191916599869728, 0.08398236334323883, 0.0036425329744815826, 0.008654562756419182, -0.06544207036495209, 0.663865327835083]","[0.08840353786945343, 0.13165250420570374, 0.14031493663787842, 0.013186201453208923, 0.021283119916915894, 0.20851187407970428, 0.7489963173866272]",0.049787066876888275,-3.0,-3.0,0.1484375,0.0,0.00018666764663066715,"[0.03270529583096504, 0.0019058503676205873, 0.08648394048213959, 0.006068564485758543, 0.005836599040776491, -0.06558745354413986, 0.6639769673347473]","[0.0795089453458786, 0.1287095844745636, 0.14078418910503387, 0.014901879243552685, 0.02235759049654007, 0.20919282734394073, 0.7489326000213623]",0.049787066876888275,-3.0,-3.0,0.1478794664144516,0.0,0.0009363924618810415,0.0,0.000372840731870383,"{""critic_optimizer_updates"": 2094, ""actor_optimizer_updates_0"": 0, ""actor_optimizer_updates_1"": 0, ""actor_optimizer_steps_total"": 0, ""alpha_optimizer_updates"": 0}",-3.2416796684265137,1.6650545597076416,0.6614648103713989,3.365200996398926,0.8554784655570984
B_fixed_actor,95,0.0,0.0002256622101413086,"[0.03222712129354477, 0.005191916599869728, 0.08398236334323883, 0.0036425329744815826, 0.008654562756419182, -0.06544207036495209, 0.663865327835083]","[0.08840353786945343, 0.13165250420570374, 0.14031493663787842, 0.013186201453208923, 0.021283119916915894, 0.20851187407970428, 0.7489963173866272]",0.049787066876888275,-3.0,-3.0,0.1484375,0.0,0.00018666764663066715,"[0.03270529583096504, 0.0019058503676205873, 0.08648394048213959, 0.006068564485758543, 0.005836599040776491, -0.06558745354413986, 0.6639769673347473]","[0.0795089453458786, 0.1287095844745636, 0.14078418910503387, 0.014901879243552685, 0.02235759049654007, 0.20919282734394073, 0.7489326000213623]",0.049787066876888275,-3.0,-3.0,0.1478794664144516,0.0,0.0009363924618810415,0.0,0.000372840731870383,"{""critic_optimizer_updates"": 2095, ""actor_optimizer_updates_0"": 0, ""actor_optimizer_updates_1"": 0, ""actor_optimizer_steps_total"": 0, ""alpha_optimizer_updates"": 0}",-3.1743814945220947,1.6283849477767944,0.643655002117157,3.3043017387390137,0.8527467250823975
B_fixed_actor,96,0.0,0.0002256622101413086,"[0.03222712129354477, 0.005191916599869728, 0.08398236334323883, 0.0036425329744815826, 0.008654562756419182, -0.06544207036495209, 0.663865327835083]","[0.08840353786945343, 0.13165250420570374, 0.14031493663787842, 0.013186201453208923, 0.021283119916915894, 0.20851187407970428, 0.7489963173866272]",0.049787066876888275,-3.0,-3.0,0.1484375,0.0,0.00018666764663066715,"[0.03270529583096504, 0.0019058503676205873, 0.08648394048213959, 0.006068564485758543, 0.005836599040776491, -0.06558745354413986, 0.6639769673347473]","[0.0795089453458786, 0.1287095844745636, 0.14078418910503387, 0.014901879243552685, 0.02235759049654007, 0.20919282734394073, 0.7489326000213623]",0.049787066876888275,-3.0,-3.0,0.1478794664144516,0.0,0.0009363924618810415,0.0,0.000372840731870383,"{""critic_optimizer_updates"": 2096, ""actor_optimizer_updates_0"": 0, ""actor_optimizer_updates_1"": 0, ""actor_optimizer_steps_total"": 0, ""alpha_optimizer_updates"": 0}",-3.0833117961883545,1.5962395668029785,0.6248360276222229,3.235161304473877,0.8489299416542053
B_fixed_actor,97,0.0,0.0002256622101413086,"[0.03222712129354477, 0.005191916599869728, 0.08398236334323883, 0.0036425329744815826, 0.008654562756419182, -0.06544207036495209, 0.663865327835083]","[0.08840353786945343, 0.13165250420570374, 0.14031493663787842, 0.013186201453208923, 0.021283119916915894, 0.20851187407970428, 0.7489963173866272]",0.049787066876888275,-3.0,-3.0,0.1484375,0.0,0.00018666764663066715,"[0.03270529583096504, 0.0019058503676205873, 0.08648394048213959, 0.006068564485758543, 0.005836599040776491, -0.06558745354413986, 0.6639769673347473]","[0.0795089453458786, 0.1287095844745636, 0.14078418910503387, 0.014901879243552685, 0.02235759049654007, 0.20919282734394073, 0.7489326000213623]",0.049787066876888275,-3.0,-3.0,0.1478794664144516,0.0,0.0009363924618810415,0.0,0.000372840731870383,"{""critic_optimizer_updates"": 2097, ""actor_optimizer_updates_0"": 0, ""actor_optimizer_updates_1"": 0, ""actor_optimizer_steps_total"": 0, ""alpha_optimizer_updates"": 0}",-3.0979690551757812,1.5897068977355957,0.6328293085098267,3.252880096435547,0.8523023128509521
B_fixed_actor,98,0.0,0.0002256622101413086,"[0.03222712129354477, 0.005191916599869728, 0.08398236334323883, 0.0036425329744815826, 0.008654562756419182, -0.06544207036495209, 0.663865327835083]","[0.08840353786945343, 0.13165250420570374, 0.14031493663787842, 0.013186201453208923, 0.021283119916915894, 0.20851187407970428, 0.7489963173866272]",0.049787066876888275,-3.0,-3.0,0.1484375,0.0,0.00018666764663066715,"[0.03270529583096504, 0.0019058503676205873, 0.08648394048213959, 0.006068564485758543, 0.005836599040776491, -0.06558745354413986, 0.6639769673347473]","[0.0795089453458786, 0.1287095844745636, 0.14078418910503387, 0.014901879243552685, 0.02235759049654007, 0.20919282734394073, 0.7489326000213623]",0.049787066876888275,-3.0,-3.0,0.1478794664144516,0.0,0.0009363924618810415,0.0,0.000372840731870383,"{""critic_optimizer_updates"": 2098, ""actor_optimizer_updates_0"": 0, ""actor_optimizer_updates_1"": 0, ""actor_optimizer_steps_total"": 0, ""alpha_optimizer_updates"": 0}",-3.185063362121582,1.6059263944625854,0.6441549062728882,3.3101344108581543,0.8575539588928223
B_fixed_actor,99,0.0,0.0002256622101413086,"[0.03222712129354477, 0.005191916599869728, 0.08398236334323883, 0.0036425329744815826, 0.008654562756419182, -0.06544207036495209, 0.663865327835083]","[0.08840353786945343, 0.13165250420570374, 0.14031493663787842, 0.013186201453208923, 0.021283119916915894, 0.20851187407970428, 0.7489963173866272]",0.049787066876888275,-3.0,-3.0,0.1484375,0.0,0.00018666764663066715,"[0.03270529583096504, 0.0019058503676205873, 0.08648394048213959, 0.006068564485758543, 0.005836599040776491, -0.06558745354413986, 0.6639769673347473]","[0.0795089453458786, 0.1287095844745636, 0.14078418910503387, 0.014901879243552685, 0.02235759049654007, 0.20919282734394073, 0.7489326000213623]",0.049787066876888275,-3.0,-3.0,0.1478794664144516,0.0,0.0009363924618810415,0.0,0.000372840731870383,"{""critic_optimizer_updates"": 2099, ""actor_optimizer_updates_0"": 0, ""actor_optimizer_updates_1"": 0, ""actor_optimizer_steps_total"": 0, ""alpha_optimizer_updates"": 0}",-3.3079030513763428,1.6090404987335205,0.6622802019119263,3.3458316326141357,0.8585103154182434
B_fixed_actor,100,0.0,0.0002256622101413086,"[0.03222712129354477, 0.005191916599869728, 0.08398236334323883, 0.0036425329744815826, 0.008654562756419182, -0.06544207036495209, 0.663865327835083]","[0.08840353786945343, 0.13165250420570374, 0.14031493663787842, 0.013186201453208923, 0.021283119916915894, 0.20851187407970428, 0.7489963173866272]",0.049787066876888275,-3.0,-3.0,0.1484375,0.0,0.00018666764663066715,"[0.03270529583096504, 0.0019058503676205873, 0.08648394048213959, 0.006068564485758543, 0.005836599040776491, -0.06558745354413986, 0.6639769673347473]","[0.0795089453458786, 0.1287095844745636, 0.14078418910503387, 0.014901879243552685, 0.02235759049654007, 0.20919282734394073, 0.7489326000213623]",0.049787066876888275,-3.0,-3.0,0.1478794664144516,0.0,0.0009363924618810415,0.0,0.000372840731870383,"{""critic_optimizer_updates"": 2100, ""actor_optimizer_updates_0"": 0, ""actor_optimizer_updates_1"": 0, ""actor_optimizer_steps_total"": 0, ""alpha_optimizer_updates"": 0}",-3.267728090286255,1.5863748788833618,0.6425851583480835,3.301306962966919,0.8575688600540161
C_no_Q_actor_gradient,1,0.0009367407183162868,0.0011359208729118109,"[0.017455361783504486, -0.02287166379392147, 0.05833940953016281, -0.027120467275381088, -0.015542147681117058, -0.022377656772732735, 0.6636974811553955]","[0.08716713637113571, 0.1283545345067978, 0.1230652704834938, 0.01326716784387827, 0.019735872745513916, 0.2105948030948639, 0.7489226460456848]",0.049787066876888275,-3.0,-3.0,0.1473214328289032,0.0009189035627059639,0.001077911350876093,"[0.007089924067258835, -0.01741902343928814, 0.11976966261863708, -0.008968151174485683, 0.003482071217149496, -0.02388102188706398, 0.6638602614402771]","[0.07769892364740372, 0.12620514631271362, 0.13101741671562195, 0.03232957795262337, 0.01804226078093052, 0.21090534329414368, 0.7489287257194519]",0.049787066876888275,-3.0,-3.0,0.1473214328289032,0.0008696069126017392,0.0019092366565018892,0.0009269546717405319,0.0012383153662085533,"{""critic_optimizer_updates"": 2001, ""actor_optimizer_updates_0"": 1, ""actor_optimizer_updates_1"": 1, ""actor_optimizer_steps_total"": 2, ""alpha_optimizer_updates"": 1}",-3.112229347229004,2.202852249145508,0.6280354261398315,3.7376794815063477,0.880581259727478
C_no_Q_actor_gradient,2,0.0013888371177017689,0.0016086091054603457,"[0.012134126387536526, -0.011981509625911713, 0.04204106330871582, -0.010593203827738762, 0.0013930309796705842, -0.007712564431130886, 0.6634091734886169]","[0.0863216444849968, 0.12652616202831268, 0.11088782548904419, 0.011116676032543182, 0.01849222183227539, 0.20703737437725067, 0.748798668384552]",0.049787066876888275,-3.0,-3.0,0.1467633992433548,0.0020889651495963335,0.002219549845904112,"[0.017486784607172012, -0.03001519851386547, 0.13834810256958008, 0.002449936233460903, 0.015426798723638058, 0.008724220097064972, 0.6636894941329956]","[0.0754837691783905, 0.1254110336303711, 0.12358016520738602, 0.028961438685655594, 0.01994531974196434, 0.21262431144714355, 0.7488869428634644]",0.049787066876888275,-3.0,-3.0,0.1467633992433548,0.0013555589830502868,0.0025615072809159756,0.0021595607977360487,0.002462399424985051,"{""critic_optimizer_updates"": 2002, ""actor_optimizer_updates_0"": 2, ""actor_optimizer_updates_1"": 2, ""actor_optimizer_steps_total"": 4, ""alpha_optimizer_updates"": 2}",-2.98014235496521,2.182636260986328,0.631807804107666,3.7009685039520264,0.8832235336303711
C_no_Q_actor_gradient,3,0.0015208247350528836,0.0017585507594048977,"[0.029204314574599266, 0.00665650051087141, 0.04827813059091568, 0.009045092388987541, 0.021047182381153107, -0.008360836654901505, 0.6628912687301636]","[0.08286895602941513, 0.12567472457885742, 0.1013743057847023, 0.014198766089975834, 0.019919496029615402, 0.20237718522548676, 0.7485803365707397]",0.049787066876888275,-3.0,-3.0,0.1450892984867096,0.0018939056899398565,0.002033158205449581,"[0.013274326920509338, -0.014640280045568943, 0.12827874720096588, -0.007337640039622784, 0.005656586028635502, 0.004499312024563551, 0.6634165048599243]","[0.07549425959587097, 0.12410630285739899, 0.11887689679861069, 0.026725366711616516, 0.016545981168746948, 0.2077808380126953, 0.7487929463386536]",0.049787066876888275,-3.0,-3.0,0.1467633992433548,0.0016207557637244463,0.0029858325142413378,0.0021459527779370546,0.00251173903234303,"{""critic_optimizer_updates"": 2003, ""actor_optimizer_updates_0"": 3, ""actor_optimizer_updates_1"": 3, ""actor_optimizer_steps_total"": 6, ""alpha_optimizer_updates"": 3}",-2.8328771591186523,2.1474742889404297,0.6354115009307861,3.636131763458252,0.8856371641159058
C_no_Q_actor_gradient,4,0.001952111255377531,0.0021923892199993134,"[0.04755494371056557, 0.020661214366555214, 0.06251933425664902, 0.021644005551934242, 0.03882943093776703, -0.014245555736124516, 0.6620498895645142]","[0.0802978053689003, 0.125155970454216, 0.09347670525312424, 0.0189377311617136, 0.023840080946683884, 0.19771461188793182, 0.7482379674911499]",0.049787066876888275,-3.0,-3.0,0.14453125,0.0015636843163520098,0.0017337689641863108,"[0.0019906298257410526, 0.005162718705832958, 0.10667631030082703, -0.008168505504727364, -0.007486454211175442, -0.009188348427414894, 0.6630082130432129]","[0.07671737670898438, 0.1227179765701294, 0.11579414457082748, 0.022432520985603333, 0.014947154559195042, 0.20220956206321716, 0.7486235499382019]",0.049787066876888275,-3.0,-3.0,0.1467633992433548,0.0021907815244048834,0.003666417673230171,0.002033193362876773,0.0024912841618061066,"{""critic_optimizer_updates"": 2004, ""actor_optimizer_updates_0"": 4, ""actor_optimizer_updates_1"": 4, ""actor_optimizer_steps_total"": 8, ""alpha_optimizer_updates"": 4}",-2.8305416107177734,2.123462677001953,0.6464599370956421,3.630436420440674,0.8866194486618042
C_no_Q_actor_gradient,5,0.0021172408014535904,0.0023444273974746466,"[0.053679049015045166, 0.020416440442204475, 0.07402355968952179, 0.019690919667482376, 0.034417539834976196, -0.020693672820925713, 0.6607452034950256]","[0.07925063371658325, 0.12390325963497162, 0.08973310142755508, 0.02070704661309719, 0.02297753468155861, 0.19385237991809845, 0.7477432489395142]",0.049787066876888275,-3.0,-3.0,0.1439732164144516,0.0014725596411153674,0.001650914316996932,"[-0.003277352312579751, 0.01999599114060402, 0.08862840384244919, -0.01380045898258686, -0.005740859545767307, -0.023923572152853012, 0.6623582243919373]","[0.07804648578166962, 0.12153246253728867, 0.11573580652475357, 0.020131852477788925, 0.016998525708913803, 0.19719533622264862, 0.7483465075492859]",0.049787066876888275,-3.0,-3.0,0.1462053656578064,0.002471628598868847,0.003999378997832537,0.002171844942495227,0.0027020347770303488,"{""critic_optimizer_updates"": 2005, ""actor_optimizer_updates_0"": 5, ""actor_optimizer_updates_1"": 5, ""actor_optimizer_steps_total"": 10, ""alpha_optimizer_updates"": 5}",-2.857499122619629,2.1157751083374023,0.6506577730178833,3.6249053478240967,0.8875577449798584
C_no_Q_actor_gradient,6,0.0023055742494761944,0.0025032516568899155,"[0.04933048412203789, 0.013478671200573444, 0.0864042341709137, 0.01306716538965702, 0.026127275079488754, -0.025581981986761093, 0.6587517857551575]","[0.07968566566705704, 0.1223820373415947, 0.08633556962013245, 0.021818816661834717, 0.021648721769452095, 0.1908811628818512, 0.7470703125]",0.049787066876888275,-3.0,-3.0,0.1422991156578064,0.001629775739274919,0.0018120654858648777,"[-0.007137641776353121, 0.03592580556869507, 0.07030360400676727, -0.018042046576738358, 0.0015173396095633507, -0.039499130100011826, 0.6613510251045227]","[0.08009888231754303, 0.12100636214017868, 0.11545571684837341, 0.018665233626961708, 0.019461065530776978, 0.1929958611726761, 0.7479153275489807]",0.049787066876888275,-3.0,-3.0,0.1450892984867096,0.0027592049445956945,0.004299509339034557,0.0025419958401471376,0.003126750700175762,"{""critic_optimizer_updates"": 2006, ""actor_optimizer_updates_0"": 6, ""actor_optimizer_updates_1"": 6, ""actor_optimizer_steps_total"": 12, ""alpha_optimizer_updates"": 6}",-2.848252296447754,2.093747854232788,0.6547561883926392,3.5973358154296875,0.8892394304275513
C_no_Q_actor_gradient,7,0.0024683945812284946,0.0026503961998969316,"[0.0432780459523201, 0.005027483683079481, 0.09285974502563477, 0.006626310758292675, 0.013322066515684128, -0.028492338955402374, 0.6557959914207458]","[0.07926265150308609, 0.12043087184429169, 0.0861460268497467, 0.021227650344371796, 0.020115379244089127, 0.18836583197116852, 0.7462154030799866]",0.049787066876888275,-3.0,-3.0,0.1411830484867096,0.0018915939144790173,0.0020718309096992016,"[-0.006467245519161224, 0.045022472739219666, 0.051423754543066025, -0.022932209074497223, 0.010590030811727047, -0.0541069358587265, 0.6598055362701416]","[0.08138065040111542, 0.12031537294387817, 0.11543652415275574, 0.017600663006305695, 0.02319500781595707, 0.18952158093452454, 0.7472634315490723]",0.049787066876888275,-3.0,-3.0,0.14453125,0.002890746109187603,0.004449200816452503,0.0029634179081767797,0.0035884850658476353,"{""critic_optimizer_updates"": 2007, ""actor_optimizer_updates_0"": 7, ""actor_optimizer_updates_1"": 7, ""actor_optimizer_steps_total"": 14, ""alpha_optimizer_updates"": 7}",-2.830000400543213,2.0668654441833496,0.6576848030090332,3.561141014099121,0.8903138041496277
C_no_Q_actor_gradient,8,0.0026882633101195097,0.0028709019534289837,"[0.03966621682047844, 0.00010596285574138165, 0.09476028382778168, -9.880421566776931e-05, 0.004454596899449825, -0.031597770750522614, 0.6513015031814575]","[0.0780925452709198, 0.11872511357069016, 0.08822674304246902, 0.020609145984053612, 0.020015763118863106, 0.1858924776315689, 0.7451748251914978]",0.049787066876888275,-3.0,-3.0,0.1395089328289032,0.002163947792723775,0.002339597325772047,"[-0.005213778465986252, 0.04809542000293732, 0.03798086196184158, -0.02371523529291153, 0.018851350992918015, -0.06265656650066376, 0.6573737263679504]","[0.08209710568189621, 0.11944104731082916, 0.11555942893028259, 0.017459167167544365, 0.025838268920779228, 0.18738317489624023, 0.7462697625160217]",0.049787066876888275,-3.0,-3.0,0.1428571492433548,0.0029005769174546003,0.004492972977459431,0.0033418191596865654,0.0039919218979775906,"{""critic_optimizer_updates"": 2008, ""actor_optimizer_updates_0"": 8, ""actor_optimizer_updates_1"": 8, ""actor_optimizer_steps_total"": 16, ""alpha_optimizer_updates"": 8}",-2.818509101867676,2.0368802547454834,0.661076545715332,3.521881103515625,0.8902626633644104
C_no_Q_actor_gradient,9,0.003006196115165949,0.003204277716577053,"[0.035193268209695816, -0.00329165649600327, 0.09099461883306503, -0.0041381437331438065, -0.0007953726453706622, -0.03371824324131012, 0.6448788642883301]","[0.07678194344043732, 0.11739742010831833, 0.09300212562084198, 0.020541615784168243, 0.020452065393328667, 0.1835445761680603, 0.7440040111541748]",0.049787066876888275,-3.0,-3.0,0.1305803656578064,0.002354157855734229,0.0025268138851970434,"[-3.563112113624811e-05, 0.04989559203386307, 0.03148623928427696, -0.02364177629351616, 0.02219441905617714, -0.06971225887537003, 0.6536678075790405]","[0.08188215643167496, 0.11854056268930435, 0.11455385386943817, 0.017682360485196114, 0.0261471476405859, 0.18564347922801971, 0.7448290586471558]",0.049787066876888275,-3.0,-3.0,0.1389508992433548,0.002807262819260359,0.004442340694367886,0.0035806738305836916,0.004248067270964384,"{""critic_optimizer_updates"": 2009, ""actor_optimizer_updates_0"": 9, ""actor_optimizer_updates_1"": 9, ""actor_optimizer_steps_total"": 18, ""alpha_optimizer_updates"": 9}",-2.859815835952759,2.0309717655181885,0.6642155647277832,3.517876625061035,0.8895834684371948
C_no_Q_actor_gradient,10,0.003552948357537389,0.0037747754249721766,"[0.03226315230131149, -0.007991284132003784, 0.08345118165016174, -0.006056063808500767, -0.003481584368273616, -0.03322813659906387, 0.6361348628997803]","[0.0749128982424736, 0.11613910645246506, 0.09838633239269257, 0.02109079249203205, 0.02124261111021042, 0.18149590492248535, 0.7427057027816772]",0.049787066876888275,-3.0,-3.0,0.1227678656578064,0.002270415425300598,0.0024430721532553434,"[0.0088457390666008, 0.04294142872095108, 0.03376670181751251, -0.023655353114008904, 0.017454177141189575, -0.07650977373123169, 0.6482064127922058]","[0.08060842752456665, 0.11682455241680145, 0.11367186903953552, 0.01817440241575241, 0.024824142456054688, 0.1841757744550705, 0.7428486347198486]",0.049787066876888275,-3.0,-3.0,0.1305803656578064,0.002738258335739374,0.004411726258695126,0.0034827576018869877,0.004162798170000315,"{""critic_optimizer_updates"": 2010, ""actor_optimizer_updates_0"": 10, ""actor_optimizer_updates_1"": 10, ""actor_optimizer_steps_total"": 20, ""alpha_optimizer_updates"": 10}",-2.915043354034424,2.018878936767578,0.6631871461868286,3.510823965072632,0.8882321119308472
C_no_Q_actor_gradient,11,0.0043664611876010895,0.004617033991962671,"[0.029483327642083168, -0.009017247706651688, 0.07421053946018219, -0.005631154403090477, -0.003914555534720421, -0.03439752757549286, 0.6243336200714111]","[0.07347114384174347, 0.11496856808662415, 0.10388722270727158, 0.02274184674024582, 0.02231544628739357, 0.1796068549156189, 0.7412207722663879]",0.049787066876888275,-3.0,-3.0,0.1166294664144516,0.0022270330227911472,0.0024036664981395006,"[0.017426803708076477, 0.03157438710331917, 0.03995732218027115, -0.02168963849544525, 0.008695505559444427, -0.08079409599304199, 0.6403043866157532]","[0.07883337140083313, 0.1149279773235321, 0.11257109045982361, 0.019562408328056335, 0.022568650543689728, 0.183308407664299, 0.7402504086494446]",0.049787066876888275,-3.0,-3.0,0.1233258992433548,0.002709735417738557,0.00442608492448926,0.0033563675824552774,0.004048543516546488,"{""critic_optimizer_updates"": 2011, ""actor_optimizer_updates_0"": 11, ""actor_optimizer_updates_1"": 11, ""actor_optimizer_steps_total"": 22, ""alpha_optimizer_updates"": 11}",-2.900392532348633,2.008556842803955,0.6627792119979858,3.492847204208374,0.8886797428131104
C_no_Q_actor_gradient,12,0.005553633440285921,0.0058314804919064045,"[0.027007225900888443, -0.008132031187415123, 0.06516268849372864, -0.004608094692230225, -0.0035773064009845257, -0.03719954192638397, 0.6093790531158447]","[0.07239319384098053, 0.11387160420417786, 0.10768075287342072, 0.024833017960190773, 0.02331005595624447, 0.17807529866695404, 0.739513099193573]",0.049787066876888275,-3.0,-3.0,0.1121651828289032,0.0024733557365834713,0.002650983864441514,"[0.026390202343463898, 0.019289478659629822, 0.04857400804758072, -0.018176212906837463, 0.00019486405653879046, -0.08099864423274994, 0.629368245601654]","[0.07670660316944122, 0.11298046261072159, 0.11133815348148346, 0.021819792687892914, 0.021281637251377106, 0.1829337626695633, 0.7370928525924683]",0.049787066876888275,-3.0,-3.0,0.1127232164144516,0.0028969035483896732,0.0046532065607607365,0.003434638027101755,0.004131978377699852,"{""critic_optimizer_updates"": 2012, ""actor_optimizer_updates_0"": 12, ""actor_optimizer_updates_1"": 12, ""actor_optimizer_steps_total"": 24, ""alpha_optimizer_updates"": 12}",-2.8223578929901123,2.001331090927124,0.6587302684783936,3.4665350914001465,0.8879743814468384
C_no_Q_actor_gradient,13,0.007195266429334879,0.007500403560698032,"[0.02499709278345108, -0.006606947630643845, 0.05589862912893295, -0.003526026150211692, -0.0028338483534753323, -0.04022105038166046, 0.5911358594894409]","[0.07157561182975769, 0.11290862411260605, 0.11063466966152191, 0.026910465210676193, 0.02454323135316372, 0.1771373748779297, 0.7376413345336914]",0.049787066876888275,-3.0,-3.0,0.1037946492433548,0.003228298854082823,0.0034055060241371393,"[0.03470519185066223, 0.005316623952239752, 0.05659107863903046, -0.013840822502970695, -0.005475964397192001, -0.07567683607339859, 0.6141493320465088]","[0.07428582012653351, 0.11123140901327133, 0.11037085950374603, 0.02483445219695568, 0.02104186825454235, 0.18304352462291718, 0.7334309816360474]",0.049787066876888275,-3.0,-3.0,0.1043526828289032,0.0034446357749402523,0.005236600060015917,0.003917180933058262,0.004615289159119129,"{""critic_optimizer_updates"": 2013, ""actor_optimizer_updates_0"": 13, ""actor_optimizer_updates_1"": 13, ""actor_optimizer_steps_total"": 26, ""alpha_optimizer_updates"": 13}",-2.7517952919006348,1.9968881607055664,0.6493645310401917,3.427330493927002,0.8865247964859009
C_no_Q_actor_gradient,14,0.00912411231547594,0.009450334124267101,"[0.022421427071094513, -0.003224726300686598, 0.05089855194091797, -0.0012245409889146686, -0.0006427161861211061, -0.042847584933042526, 0.5714039206504822]","[0.07102952152490616, 0.11202628165483475, 0.11193764954805374, 0.028615783900022507, 0.025329886004328728, 0.17669756710529327, 0.7357863187789917]",0.049787066876888275,-3.0,-3.0,0.1010044664144516,0.004650174640119076,0.0048338742926716805,"[0.03776218742132187, -0.006885628215968609, 0.06267457455396652, -0.009136722423136234, -0.011023052036762238, -0.06852948665618896, 0.5950375199317932]","[0.07274056226015091, 0.10995060950517654, 0.10896162688732147, 0.02651091478765011, 0.021032055839896202, 0.18298213183879852, 0.7297741174697876]",0.049787066876888275,-3.0,-3.0,0.0998883992433548,0.004416275303810835,0.006232257001101971,0.004953674040734768,0.005656152497977018,"{""critic_optimizer_updates"": 2014, ""actor_optimizer_updates_0"": 14, ""actor_optimizer_updates_1"": 14, ""actor_optimizer_steps_total"": 28, ""alpha_optimizer_updates"": 14}",-2.7370808124542236,1.964289903640747,0.6328951120376587,3.3693976402282715,0.8817014694213867
C_no_Q_actor_gradient,15,0.010956471785902977,0.011294620111584663,"[0.020767521113157272, -0.0013707408215850592, 0.04996059462428093, 0.0017395501490682364, 0.0016129277646541595, -0.044621847569942474, 0.5530876517295837]","[0.0704677477478981, 0.11091987043619156, 0.11166972666978836, 0.030050059780478477, 0.025930678471922874, 0.17655380070209503, 0.7338276505470276]",0.049787066876888275,-3.0,-3.0,0.0970982164144516,0.006742787081748247,0.00693272240459919,"[0.03853320702910423, -0.015301413834095001, 0.06627848744392395, -0.00611087866127491, -0.014897529035806656, -0.06040407717227936, 0.5724992156028748]","[0.07182925194501877, 0.10882127285003662, 0.10845259577035904, 0.02773113176226616, 0.021178539842367172, 0.18299642205238342, 0.726561427116394]",0.049787066876888275,-3.0,-3.0,0.0926339328289032,0.005706579890102148,0.007533537223935127,0.006537600886076689,0.007242016494274139,"{""critic_optimizer_updates"": 2015, ""actor_optimizer_updates_0"": 15, ""actor_optimizer_updates_1"": 15, ""actor_optimizer_steps_total"": 30, ""alpha_optimizer_updates"": 15}",-2.837383985519409,1.967538595199585,0.6301077008247375,3.369180679321289,0.8793416023254395
C_no_Q_actor_gradient,16,0.012872136197984219,0.013218003325164318,"[0.019788600504398346, 0.0005234421696513891, 0.05095529556274414, 0.004128920845687389, 0.0027131640817970037, -0.04658479988574982, 0.5348615050315857]","[0.07002763450145721, 0.10980246961116791, 0.11035675555467606, 0.030833711847662926, 0.02602052316069603, 0.17663298547267914, 0.7318578362464905]",0.049787066876888275,-3.0,-3.0,0.0931919664144516,0.009501605294644833,0.009692348539829254,"[0.03859543055295944, -0.020345956087112427, 0.06833354383707047, -0.003925212658941746, -0.013659789226949215, -0.05035562813282013, 0.5469861626625061]","[0.07057247310876846, 0.1078527644276619, 0.10757797956466675, 0.028911685571074486, 0.02191292867064476, 0.18314695358276367, 0.7239825129508972]",0.049787066876888275,-3.0,-3.0,0.0887276828289032,0.0073641627095639706,0.00919638853520155,0.00871584378182888,0.009412926621735096,"{""critic_optimizer_updates"": 2016, ""actor_optimizer_updates_0"": 16, ""actor_optimizer_updates_1"": 16, ""actor_optimizer_steps_total"": 32, ""alpha_optimizer_updates"": 16}",-2.9219467639923096,1.9537458419799805,0.6249979734420776,3.3422815799713135,0.8760412931442261
C_no_Q_actor_gradient,17,0.014472932554781437,0.014820478856563568,"[0.019753962755203247, 0.0008278114255517721, 0.054261352866888046, 0.006542920134961605, 0.0027059675194323063, -0.046935342252254486, 0.5192010402679443]","[0.06959391385316849, 0.10860314965248108, 0.10833699256181717, 0.03130031004548073, 0.025795655325055122, 0.17658504843711853, 0.7295464873313904]",0.049787066876888275,-3.0,-3.0,0.0887276828289032,0.012621465139091015,0.012810020707547665,"[0.037840165197849274, -0.02192743681371212, 0.06995441764593124, -0.0009883837774395943, -0.010622603818774223, -0.04081948846578598, 0.5209717154502869]","[0.06956574320793152, 0.10685901343822479, 0.10679789632558823, 0.030471621081233025, 0.023066779598593712, 0.18316178023815155, 0.7219328880310059]",0.049787066876888275,-3.0,-3.0,0.0870535746216774,0.0091325044631958,0.010961121879518032,0.011278907768428326,0.011965673416852951,"{""critic_optimizer_updates"": 2017, ""actor_optimizer_updates_0"": 17, ""actor_optimizer_updates_1"": 17, ""actor_optimizer_steps_total"": 34, ""alpha_optimizer_updates"": 17}",-3.0191633701324463,1.94936203956604,0.6234484910964966,3.3357019424438477,0.8754050135612488
C_no_Q_actor_gradient,18,0.015762362629175186,0.016104422509670258,"[0.019281359389424324, 0.0004256775137037039, 0.05965660512447357, 0.007420719135552645, 0.002120716730132699, -0.04721015691757202, 0.5058693885803223]","[0.0695098415017128, 0.10740930587053299, 0.10586638748645782, 0.03100612200796604, 0.025260036811232567, 0.17641955614089966, 0.7269140481948853]",0.049787066876888275,-3.0,-3.0,0.0859375074505806,0.01573556289076805,0.01591731607913971,"[0.03693005070090294, -0.01988987624645233, 0.07234278321266174, -0.0007340671727433801, -0.005688684526830912, -0.030539028346538544, 0.49648991227149963]","[0.06861189007759094, 0.10600467026233673, 0.10607166588306427, 0.030910208821296692, 0.024675505235791206, 0.18324512243270874, 0.7199737429618835]",0.049787066876888275,-3.0,-3.0,0.0831473246216774,0.010917006060481071,0.012733260169625282,0.013941901735961437,0.014612945728003979,"{""critic_optimizer_updates"": 2018, ""actor_optimizer_updates_0"": 18, ""actor_optimizer_updates_1"": 18, ""actor_optimizer_steps_total"": 36, ""alpha_optimizer_updates"": 18}",-3.07680082321167,1.944814682006836,0.6220852136611938,3.317437171936035,0.8748756647109985
C_no_Q_actor_gradient,19,0.0163254477083683,0.01666349172592163,"[0.01948555000126362, 0.0003066819626837969, 0.06520932167768478, 0.0073711322620511055, 0.001478727674111724, -0.046519652009010315, 0.49723461270332336]","[0.06919734179973602, 0.10624489188194275, 0.10432460159063339, 0.030263610184192657, 0.024763019755482674, 0.1758096069097519, 0.7236997485160828]",0.049787066876888275,-3.0,-3.0,0.0814732164144516,0.018181482329964638,0.018357135355472565,"[0.0337926521897316, -0.014184188097715378, 0.0724811777472496, -0.002227391581982374, 3.176875179633498e-05, -0.024134013801813126, 0.4765068292617798]","[0.06823018193244934, 0.10509292036294937, 0.10674532502889633, 0.029868515208363533, 0.026632320135831833, 0.18298642337322235, 0.7174995541572571]",0.049787066876888275,-3.0,-3.0,0.08203125,0.012310514226555824,0.014110731892287731,0.016181040555238724,0.01683506928384304,"{""critic_optimizer_updates"": 2019, ""actor_optimizer_updates_0"": 19, ""actor_optimizer_updates_1"": 19, ""actor_optimizer_steps_total"": 38, ""alpha_optimizer_updates"": 19}",-2.9996447563171387,1.914506196975708,0.6188008189201355,3.2464494705200195,0.8741252422332764
C_no_Q_actor_gradient,20,0.016578253358602524,0.01691765896975994,"[0.01852172240614891, 0.0026731970719993114, 0.06878867000341415, 0.006770602427423, -0.0006156435701996088, -0.046669021248817444, 0.490658700466156]","[0.0696268230676651, 0.10500368475914001, 0.10430356860160828, 0.029311424121260643, 0.024233786389231682, 0.17523393034934998, 0.720250129699707]",0.049787066876888275,-3.0,-3.0,0.0775669664144516,0.020055247470736504,0.020226407796144485,"[0.029813002794981003, -0.008155964314937592, 0.07177168875932693, -0.003749225754290819, 0.005698127672076225, -0.020006835460662842, 0.4601810574531555]","[0.06798576563596725, 0.10431735217571259, 0.10751041769981384, 0.028569670394062996, 0.02849828638136387, 0.1824430674314499, 0.7143886089324951]",0.049787066876888275,-3.0,-3.0,0.0814732164144516,0.013530075550079346,0.015317711979150772,0.018088489770889282,0.01872754469513893,"{""critic_optimizer_updates"": 2020, ""actor_optimizer_updates_0"": 20, ""actor_optimizer_updates_1"": 20, ""actor_optimizer_steps_total"": 40, ""alpha_optimizer_updates"": 20}",-2.954055070877075,1.9030622243881226,0.6143718957901001,3.205355405807495,0.8744028806686401
C_no_Q_actor_gradient,21,0.016520775854587555,0.016860157251358032,"[0.018093470484018326, 0.0049710748717188835, 0.07206019759178162, 0.005847450345754623, -0.0026402112562209368, -0.047176994383335114, 0.48628783226013184]","[0.07010432332754135, 0.10397865623235703, 0.1040840670466423, 0.028366506099700928, 0.024200797080993652, 0.17425000667572021, 0.7166696786880493]",0.049787066876888275,-3.0,-3.0,0.0764508992433548,0.021279139444231987,0.021448366343975067,"[0.02637113444507122, -0.0013792675454169512, 0.07174398005008698, -0.004999071359634399, 0.00910103041678667, -0.018025770783424377, 0.447855144739151]","[0.06770218908786774, 0.10365060716867447, 0.10830278694629669, 0.02702421508729458, 0.029522201046347618, 0.18170255422592163, 0.7108216881752014]",0.049787066876888275,-3.0,-3.0,0.0803571492433548,0.014427198097109795,0.01619996875524521,0.01956048235297203,0.02018868550658226,"{""critic_optimizer_updates"": 2021, ""actor_optimizer_updates_0"": 21, ""actor_optimizer_updates_1"": 21, ""actor_optimizer_steps_total"": 42, ""alpha_optimizer_updates"": 21}",-2.9256482124328613,1.896310806274414,0.6099568009376526,3.178899049758911,0.8754815459251404
C_no_Q_actor_gradient,22,0.016154779121279716,0.01649153232574463,"[0.0180532094091177, 0.0054141199216246605, 0.07493217289447784, 0.004339320585131645, -0.004525951109826565, -0.04638226330280304, 0.48443031311035156]","[0.07048042863607407, 0.1030750498175621, 0.10367139428853989, 0.027272313833236694, 0.024303898215293884, 0.1727466583251953, 0.7131713032722473]",0.049787066876888275,-3.0,-3.0,0.0764508992433548,0.021629709750413895,0.021797629073262215,"[0.024722794070839882, 0.004295674152672291, 0.07432017475366592, -0.005640885792672634, 0.010281004011631012, -0.017437152564525604, 0.44070321321487427]","[0.06720452755689621, 0.10301307588815689, 0.1089729592204094, 0.0257880836725235, 0.029906895011663437, 0.18060705065727234, 0.7068158984184265]",0.049787066876888275,-3.0,-3.0,0.0775669664144516,0.015059965662658215,0.016806408762931824,0.02041097730398178,0.021031197160482407,"{""critic_optimizer_updates"": 2022, ""actor_optimizer_updates_0"": 22, ""actor_optimizer_updates_1"": 22, ""actor_optimizer_steps_total"": 44, ""alpha_optimizer_updates"": 22}",-2.9048333168029785,1.8947319984436035,0.608639121055603,3.1568779945373535,0.8767874240875244
C_no_Q_actor_gradient,23,0.015656497329473495,0.015992222353816032,"[0.018916472792625427, 0.005284450016915798, 0.07631263136863708, 0.002598302438855171, -0.006338995415717363, -0.04531353339552879, 0.48392391204833984]","[0.07055231183767319, 0.10227395594120026, 0.10356446355581284, 0.026215912774205208, 0.024431239813566208, 0.17054809629917145, 0.709868311882019]",0.049787066876888275,-3.0,-3.0,0.0725446492433548,0.021446706727147102,0.02161596342921257,"[0.024047955870628357, 0.009044734761118889, 0.07514412701129913, -0.005005768500268459, 0.010770482011139393, -0.019477246329188347, 0.4368080496788025]","[0.0668720081448555, 0.10238070040941238, 0.10930060595273972, 0.02495579421520233, 0.02960553579032421, 0.17929837107658386, 0.7028437852859497]",0.049787066876888275,-3.0,-3.0,0.074776791036129,0.015472453087568283,0.01718883588910103,0.020838547497987747,0.021456487476825714,"{""critic_optimizer_updates"": 2023, ""actor_optimizer_updates_0"": 23, ""actor_optimizer_updates_1"": 23, ""actor_optimizer_steps_total"": 46, ""alpha_optimizer_updates"": 23}",-2.8953123092651367,1.8799155950546265,0.6063580513000488,3.126574993133545,0.8774998188018799
C_no_Q_actor_gradient,24,0.015146161429584026,0.015483141876757145,"[0.02042710967361927, 0.005186969414353371, 0.07656803727149963, 0.0006810607155784965, -0.008042351342737675, -0.04459375888109207, 0.48390400409698486]","[0.07013525813817978, 0.10164374858140945, 0.10370851308107376, 0.025352174416184425, 0.024385763332247734, 0.16805696487426758, 0.7067680954933167]",0.049787066876888275,-3.0,-3.0,0.070870541036129,0.020867442712187767,0.021039864048361778,"[0.02417834848165512, 0.013501228764653206, 0.07716304808855057, -0.002259359462186694, 0.010243358090519905, -0.021996863186359406, 0.4357947111129761]","[0.0664912611246109, 0.10175560414791107, 0.10967674106359482, 0.02467014081776142, 0.02879713475704193, 0.17793934047222137, 0.6991945505142212]",0.049787066876888275,-3.0,-3.0,0.0736607164144516,0.015800757333636284,0.01748766005039215,0.02090456336736679,0.021522806957364082,"{""critic_optimizer_updates"": 2024, ""actor_optimizer_updates_0"": 24, ""actor_optimizer_updates_1"": 24, ""actor_optimizer_steps_total"": 48, ""alpha_optimizer_updates"": 24}",-2.9195785522460938,1.852935791015625,0.5988879203796387,3.071347713470459,0.8746355772018433
C_no_Q_actor_gradient,25,0.01459912583231926,0.01493970025330782,"[0.02149476669728756, 0.005551300942897797, 0.07601119577884674, -0.001380921807140112, -0.009343084879219532, -0.045636069029569626, 0.4845517873764038]","[0.06950463354587555, 0.10117091238498688, 0.10435321927070618, 0.024643216282129288, 0.024028358981013298, 0.1653432548046112, 0.7039342522621155]",0.049787066876888275,-3.0,-3.0,0.0697544664144516,0.020115891471505165,0.02029302529990673,"[0.024782240390777588, 0.01702503301203251, 0.07932882010936737, 0.000407413172069937, 0.008390069007873535, -0.02585521712899208, 0.4363918900489807]","[0.06601962447166443, 0.10118900239467621, 0.1102973222732544, 0.024608107283711433, 0.02766139805316925, 0.17629007995128632, 0.6960141062736511]",0.049787066876888275,-3.0,-3.0,0.0731026828289032,0.016004251316189766,0.017663074657320976,0.02075665071606636,0.02137838862836361,"{""critic_optimizer_updates"": 2025, ""actor_optimizer_updates_0"": 25, ""actor_optimizer_updates_1"": 25, ""actor_optimizer_steps_total"": 50, ""alpha_optimizer_updates"": 25}",-2.9587242603302,1.8339478969573975,0.5982348322868347,3.0381927490234375,0.8739887475967407
C_no_Q_actor_gradient,26,0.014090089127421379,0.014439059421420097,"[0.024121403694152832, 0.0054009766317903996, 0.07387429475784302, -0.0022814541589468718, -0.009756692685186863, -0.04609903693199158, 0.4853011965751648]","[0.06790484488010406, 0.10069898515939713, 0.1058708131313324, 0.024186065420508385, 0.023624228313565254, 0.16257748007774353, 0.7013019919395447]",0.049787066876888275,-3.0,-3.0,0.0680803582072258,0.019158318638801575,0.019341494888067245,"[0.02531941793859005, 0.017787529155611992, 0.0806952640414238, 0.00261683133430779, 0.005847844295203686, -0.030004974454641342, 0.43899106979370117]","[0.06561793386936188, 0.10059601813554764, 0.11126700788736343, 0.02445739507675171, 0.026536360383033752, 0.17452214658260345, 0.6933873891830444]",0.049787066876888275,-3.0,-3.0,0.0725446492433548,0.016132188960909843,0.01776742748916149,0.02037210203707218,0.021000657230615616,"{""critic_optimizer_updates"": 2026, ""actor_optimizer_updates_0"": 26, ""actor_optimizer_updates_1"": 26, ""actor_optimizer_steps_total"": 52, ""alpha_optimizer_updates"": 26}",-2.9605472087860107,1.7842987775802612,0.6007133722305298,2.977989673614502,0.8727790713310242
C_no_Q_actor_gradient,27,0.013602706603705883,0.013956312090158463,"[0.026480181142687798, 0.0045092105865478516, 0.0730280950665474, -0.0022662051487714052, -0.009219594299793243, -0.04630345478653908, 0.4864526391029358]","[0.06627635657787323, 0.10023032128810883, 0.10685167461633682, 0.023783588781952858, 0.02298389934003353, 0.15964160859584808, 0.6988989114761353]",0.049787066876888275,-3.0,-3.0,0.06640625,0.017945149913430214,0.01813546195626259,"[0.025801848620176315, 0.01763501763343811, 0.08155569434165955, 0.005506919696927071, 0.0032783308997750282, -0.03484519198536873, 0.4441315531730652]","[0.06525078415870667, 0.09996075183153152, 0.11220966279506683, 0.024608910083770752, 0.025290697813034058, 0.1726353019475937, 0.6914414763450623]",0.049787066876888275,-3.0,-3.0,0.0719866082072258,0.01615370810031891,0.01775979995727539,0.019668197259306908,0.020305225625634193,"{""critic_optimizer_updates"": 2027, ""actor_optimizer_updates_0"": 27, ""actor_optimizer_updates_1"": 27, ""actor_optimizer_steps_total"": 54, ""alpha_optimizer_updates"": 27}",-2.943706512451172,1.7487492561340332,0.6024531126022339,2.926832437515259,0.8746695518493652
C_no_Q_actor_gradient,28,0.013137183152139187,0.013495285995304585,"[0.028201643377542496, 0.0030531829688698053, 0.07164257019758224, -0.0014960459666326642, -0.008002430200576782, -0.04634004086256027, 0.4879186749458313]","[0.06491826474666595, 0.0997747853398323, 0.1080760508775711, 0.023374851793050766, 0.022335976362228394, 0.1567344069480896, 0.696645200252533]",0.049787066876888275,-3.0,-3.0,0.0658482164144516,0.016811475157737732,0.01701141707599163,"[0.0248703695833683, 0.015421061776578426, 0.08250193297863007, 0.006401505321264267, -0.00015289068687707186, -0.041097842156887054, 0.4495173394680023]","[0.06516468524932861, 0.09933410584926605, 0.1132601648569107, 0.02479136362671852, 0.02372089773416519, 0.17057070136070251, 0.6900309324264526]",0.049787066876888275,-3.0,-3.0,0.070870541036129,0.016048021614551544,0.01762291043996811,0.018911493942141533,0.01956089399755001,"{""critic_optimizer_updates"": 2028, ""actor_optimizer_updates_0"": 28, ""actor_optimizer_updates_1"": 28, ""actor_optimizer_steps_total"": 56, ""alpha_optimizer_updates"": 28}",-2.9400792121887207,1.7442054748535156,0.6003164052963257,2.9081296920776367,0.8766200542449951
C_no_Q_actor_gradient,29,0.012800815515220165,0.013159082271158695,"[0.028529036790132523, 0.0012337634107097983, 0.07241001725196838, -4.969735164195299e-05, -0.005254245363175869, -0.0452844612300396, 0.4887632727622986]","[0.06361031532287598, 0.09926293045282364, 0.10866820067167282, 0.022957608103752136, 0.021997256204485893, 0.1541503369808197, 0.6943719983100891]",0.049787066876888275,-3.0,-3.0,0.063058041036129,0.01577642932534218,0.015987170860171318,"[0.02350708469748497, 0.012789256870746613, 0.08242561668157578, 0.007621066179126501, -0.003276405856013298, -0.04781864583492279, 0.4550758898258209]","[0.06510372459888458, 0.09876599162817001, 0.1139848604798317, 0.025115033611655235, 0.02254503220319748, 0.1682586520910263, 0.6890261173248291]",0.049787066876888275,-3.0,-3.0,0.0691964328289032,0.015973225235939026,0.017515838146209717,0.01814114674925804,0.01880377158522606,"{""critic_optimizer_updates"": 2029, ""actor_optimizer_updates_0"": 29, ""actor_optimizer_updates_1"": 29, ""actor_optimizer_steps_total"": 58, ""alpha_optimizer_updates"": 29}",-2.9409632682800293,1.7395554780960083,0.6010093092918396,2.8929927349090576,0.8782073259353638
C_no_Q_actor_gradient,30,0.012623836286365986,0.012979653663933277,"[0.028075657784938812, -0.0006336206570267677, 0.07362119853496552, 0.0015207050601020455, -0.002412007190287113, -0.044718291610479355, 0.4886275827884674]","[0.06256885081529617, 0.0987861156463623, 0.10860450565814972, 0.02258211001753807, 0.021934498101472855, 0.15192510187625885, 0.6919788122177124]",0.049787066876888275,-3.0,-3.0,0.0625,0.015070836991071701,0.015289184637367725,"[0.02350330352783203, 0.010048004798591137, 0.08368372917175293, 0.007096329238265753, -0.0068458192981779575, -0.05247838795185089, 0.45889177918434143]","[0.06492293626070023, 0.09831783920526505, 0.11396005004644394, 0.0259941928088665, 0.02176647260785103, 0.1663169115781784, 0.6880731582641602]",0.049787066876888275,-3.0,-3.0,0.066964291036129,0.0160047709941864,0.017518069595098495,0.01763208955526352,0.018303904682397842,"{""critic_optimizer_updates"": 2030, ""actor_optimizer_updates_0"": 30, ""actor_optimizer_updates_1"": 30, ""actor_optimizer_steps_total"": 60, ""alpha_optimizer_updates"": 30}",-2.950779438018799,1.7388466596603394,0.6029441356658936,2.8933801651000977,0.8801660537719727
C_no_Q_actor_gradient,31,0.012552378699183464,0.012905186973512173,"[0.02756502851843834, -0.0022474597208201885, 0.07522565126419067, 0.0037385751493275166, 9.420071728527546e-05, -0.04384949058294296, 0.4879692792892456]","[0.061562392860651016, 0.09833450615406036, 0.10825991630554199, 0.022356363013386726, 0.022106468677520752, 0.1497814655303955, 0.689378559589386]",0.049787066876888275,-3.0,-3.0,0.0608258955180645,0.014484922401607037,0.01470974087715149,"[0.024097438901662827, 0.0070791831240057945, 0.08429180085659027, 0.007037144619971514, -0.009054142981767654, -0.05611513555049896, 0.46225959062576294]","[0.06455507129430771, 0.09796508401632309, 0.11375477910041809, 0.026925813406705856, 0.021278273314237595, 0.164295494556427, 0.687210202217102]",0.049787066876888275,-3.0,-3.0,0.0652901828289032,0.01608550176024437,0.017571022734045982,0.01716998778283596,0.01785026490688324,"{""critic_optimizer_updates"": 2031, ""actor_optimizer_updates_0"": 31, ""actor_optimizer_updates_1"": 31, ""actor_optimizer_steps_total"": 62, ""alpha_optimizer_updates"": 31}",-2.954726219177246,1.7380101680755615,0.6035656332969666,2.8965494632720947,0.8819618225097656
C_no_Q_actor_gradient,32,0.012605678290128708,0.012953159399330616,"[0.02686123177409172, -0.0031579637434333563, 0.0783672034740448, 0.006369687616825104, 0.002728697145357728, -0.04251345992088318, 0.48653629422187805]","[0.06049765273928642, 0.09786605834960938, 0.10691210627555847, 0.022363238036632538, 0.022575743496418, 0.1478339284658432, 0.6864961385726929]",0.049787066876888275,-3.0,-3.0,0.0591517873108387,0.013885621912777424,0.01411300990730524,"[0.023160692304372787, 0.00780056556686759, 0.08414764702320099, 0.006381918676197529, -0.007964815944433212, -0.05764845758676529, 0.4659753739833832]","[0.06439118087291718, 0.09757669270038605, 0.11367154121398926, 0.02735726907849312, 0.02090456895530224, 0.16243936121463776, 0.6864703893661499]",0.049787066876888275,-3.0,-3.0,0.0652901828289032,0.016235720366239548,0.01769445277750492,0.01663178950548172,0.017315344884991646,"{""critic_optimizer_updates"": 2032, ""actor_optimizer_updates_0"": 32, ""actor_optimizer_updates_1"": 32, ""actor_optimizer_steps_total"": 64, ""alpha_optimizer_updates"": 32}",-2.921442747116089,1.7097008228302002,0.6110271215438843,2.870838165283203,0.8810217380523682
C_no_Q_actor_gradient,33,0.012720702216029167,0.013062788173556328,"[0.026192374527454376, -0.0037082198541611433, 0.08126991987228394, 0.008542031049728394, 0.004698351491242647, -0.041628580540418625, 0.4848487377166748]","[0.0596168115735054, 0.09740926325321198, 0.10538732260465622, 0.022460509091615677, 0.023029642179608345, 0.14612960815429688, 0.6833972930908203]",0.049787066876888275,-3.0,-3.0,0.0563616082072258,0.013353976421058178,0.013582528568804264,"[0.023179510608315468, 0.0075442735105752945, 0.08175860345363617, 0.007327525410801172, -0.004944982938468456, -0.05719399452209473, 0.46929436922073364]","[0.06429557502269745, 0.09722574055194855, 0.113954097032547, 0.027590932324528694, 0.02070830762386322, 0.16083857417106628, 0.6857254505157471]",0.049787066876888275,-3.0,-3.0,0.0647321492433548,0.016414374113082886,0.01784314587712288,0.016125334426760674,0.016810955479741096,"{""critic_optimizer_updates"": 2033, ""actor_optimizer_updates_0"": 33, ""actor_optimizer_updates_1"": 33, ""actor_optimizer_steps_total"": 66, ""alpha_optimizer_updates"": 33}",-2.9003734588623047,1.682037115097046,0.6209458112716675,2.8532280921936035,0.8796775341033936
C_no_Q_actor_gradient,34,0.012874783016741276,0.013214641250669956,"[0.02516905963420868, -0.0037887822836637497, 0.08235512673854828, 0.0098801851272583, 0.005525030195713043, -0.040091000497341156, 0.4832097589969635]","[0.059056155383586884, 0.09696615487337112, 0.10426720976829529, 0.022668972611427307, 0.023444289341568947, 0.1442832052707672, 0.6800040006637573]",0.049787066876888275,-3.0,-3.0,0.0530133955180645,0.012931281700730324,0.013160559348762035,"[0.02262532338500023, 0.0072974953800439835, 0.0795125812292099, 0.007642176002264023, -0.0016715575475245714, -0.05549093708395958, 0.4719698131084442]","[0.06426524370908737, 0.09691309183835983, 0.1145932674407959, 0.02766113542020321, 0.020538751035928726, 0.15922695398330688, 0.6848735213279724]",0.049787066876888275,-3.0,-3.0,0.063058041036129,0.016620934009552002,0.018020818009972572,0.0156939085572958,0.01638336293399334,"{""critic_optimizer_updates"": 2034, ""actor_optimizer_updates_0"": 34, ""actor_optimizer_updates_1"": 34, ""actor_optimizer_steps_total"": 68, ""alpha_optimizer_updates"": 34}",-2.895702362060547,1.6686086654663086,0.6264554262161255,2.8380744457244873,0.8797900676727295
C_no_Q_actor_gradient,35,0.013071422465145588,0.01341073215007782,"[0.024316176772117615, -0.002742992714047432, 0.08379540592432022, 0.010174422524869442, 0.006792338564991951, -0.03777439892292023, 0.4815121293067932]","[0.05861402675509453, 0.0965208038687706, 0.1031479462981224, 0.022948434576392174, 0.023991592228412628, 0.142436683177948, 0.6762503385543823]",0.049787066876888275,-3.0,-3.0,0.0518973246216774,0.01257740892469883,0.012808332219719887,"[0.022165704518556595, 0.008412458933889866, 0.07498602569103241, 0.009565993212163448, 0.002052352298051119, -0.054468490183353424, 0.47428882122039795]","[0.06461742520332336, 0.0964888334274292, 0.11536058783531189, 0.027321644127368927, 0.020546693354845047, 0.15750883519649506, 0.6838921904563904]",0.049787066876888275,-3.0,-3.0,0.0619419664144516,0.016827156767249107,0.018203357234597206,0.01529738586395979,0.01599254459142685,"{""critic_optimizer_updates"": 2035, ""actor_optimizer_updates_0"": 35, ""actor_optimizer_updates_1"": 35, ""actor_optimizer_steps_total"": 70, ""alpha_optimizer_updates"": 35}",-2.9148669242858887,1.68088698387146,0.6291089057922363,2.8580613136291504,0.8809396028518677
C_no_Q_actor_gradient,36,0.01336926780641079,0.013705968856811523,"[0.024023212492465973, -0.0021291878074407578, 0.08581355214118958, 0.010077375918626785, 0.007190483156591654, -0.03544533997774124, 0.47915083169937134]","[0.0580778643488884, 0.09612526744604111, 0.1016429141163826, 0.023377573117613792, 0.024266144260764122, 0.1410064548254013, 0.6720886826515198]",0.049787066876888275,-3.0,-3.0,0.0485491082072258,0.012422124855220318,0.012656299397349358,"[0.019356731325387955, 0.009514559991657734, 0.06929613649845123, 0.01102195680141449, 0.006137127056717873, -0.054351069033145905, 0.47509151697158813]","[0.06498182564973831, 0.0962076410651207, 0.11587858945131302, 0.026753509417176247, 0.0205805953592062, 0.15598326921463013, 0.6825694441795349]",0.049787066876888275,-3.0,-3.0,0.0608258955180645,0.01712609827518463,0.018483564257621765,0.01507596019655466,0.015778522938489914,"{""critic_optimizer_updates"": 2036, ""actor_optimizer_updates_0"": 36, ""actor_optimizer_updates_1"": 36, ""actor_optimizer_steps_total"": 72, ""alpha_optimizer_updates"": 36}",-2.895336151123047,1.7048081159591675,0.6237607002258301,2.8890228271484375,0.8829519152641296
C_no_Q_actor_gradient,37,0.013777369633316994,0.01411040686070919,"[0.02309616282582283, -0.0014550563646480441, 0.08847856521606445, 0.008784267120063305, 0.0076437341049313545, -0.03376534581184387, 0.476047158241272]","[0.05754426494240761, 0.09567620605230331, 0.10008317977190018, 0.023793796077370644, 0.024431021884083748, 0.1397685557603836, 0.6674534678459167]",0.049787066876888275,-3.0,-3.0,0.0485491082072258,0.012418192811310291,0.012653700076043606,"[0.017602786421775818, 0.010453496128320694, 0.061575185507535934, 0.01259169913828373, 0.011928975582122803, -0.05239633843302727, 0.4750329256057739]","[0.06413042545318604, 0.09621009230613708, 0.11739718914031982, 0.0267197173088789, 0.021112406626343727, 0.15418195724487305, 0.6809682250022888]",0.049787066876888275,-3.0,-3.0,0.0602678582072258,0.017521705478429794,0.018865663558244705,0.01498506311327219,0.01569393090903759,"{""critic_optimizer_updates"": 2037, ""actor_optimizer_updates_0"": 37, ""actor_optimizer_updates_1"": 37, ""actor_optimizer_steps_total"": 74, ""alpha_optimizer_updates"": 37}",-2.887629270553589,1.7381772994995117,0.6140872240066528,2.9250941276550293,0.8868018388748169
C_no_Q_actor_gradient,38,0.014166119508445263,0.014494978822767735,"[0.022911436855793, -0.0010519466595724225, 0.09048666059970856, 0.007089019753038883, 0.007229153998196125, -0.033519551157951355, 0.47340089082717896]","[0.05687933415174484, 0.09529565274715424, 0.09855189919471741, 0.024022942408919334, 0.024452751502394676, 0.13883186876773834, 0.6624054312705994]",0.049787066876888275,-3.0,-3.0,0.0485491082072258,0.012476762756705284,0.012712402269244194,"[0.016407815739512444, 0.011571086943149567, 0.056822314858436584, 0.014192345552146435, 0.016751684248447418, -0.05036035180091858, 0.474511981010437]","[0.06319043785333633, 0.09618441760540009, 0.11812039464712143, 0.02673887461423874, 0.02175334095954895, 0.1525769829750061, 0.6791607737541199]",0.049787066876888275,-3.0,-3.0,0.0569196455180645,0.017875289544463158,0.019208218902349472,0.01495801005512476,0.015671219676733017,"{""critic_optimizer_updates"": 2038, ""actor_optimizer_updates_0"": 38, ""actor_optimizer_updates_1"": 38, ""actor_optimizer_steps_total"": 76, ""alpha_optimizer_updates"": 38}",-2.8817942142486572,1.7486419677734375,0.610852837562561,2.934051036834717,0.889437198638916
C_no_Q_actor_gradient,39,0.014571876265108585,0.01489676721394062,"[0.023013878613710403, -0.001780313323251903, 0.09202656894922256, 0.006808796897530556, 0.005773970857262611, -0.03162536397576332, 0.4713726043701172]","[0.056110940873622894, 0.0948055163025856, 0.09727121889591217, 0.024358922615647316, 0.024201907217502594, 0.13765081763267517, 0.6570428609848022]",0.049787066876888275,-3.0,-3.0,0.0474330373108387,0.012479158118367195,0.01271494198590517,"[0.014712991192936897, 0.011104609817266464, 0.053968582302331924, 0.013771941885352135, 0.020147264003753662, -0.048250287771224976, 0.4746207892894745]","[0.06231553480029106, 0.096041239798069, 0.11844431608915329, 0.02664240077137947, 0.022095831111073494, 0.15096613764762878, 0.6773292422294617]",0.049787066876888275,-3.0,-3.0,0.0563616082072258,0.018204232677817345,0.019526831805706024,0.014865475706756115,0.015584664419293404,"{""critic_optimizer_updates"": 2039, ""actor_optimizer_updates_0"": 39, ""actor_optimizer_updates_1"": 39, ""actor_optimizer_steps_total"": 78, ""alpha_optimizer_updates"": 39}",-2.9142274856567383,1.7598024606704712,0.6103240251541138,2.953118324279785,0.892260730266571
C_no_Q_actor_gradient,40,0.015001913532614708,0.015327650122344494,"[0.02355775237083435, -0.001889787265099585, 0.09126085042953491, 0.006548658479005098, 0.0034018352162092924, -0.029899030923843384, 0.4696340560913086]","[0.05533520132303238, 0.09422431886196136, 0.09660018235445023, 0.02449614740908146, 0.023707374930381775, 0.13648416101932526, 0.6512625813484192]",0.049787066876888275,-3.0,-3.0,0.0446428582072258,0.012542253360152245,0.012776658870279789,"[0.015191314741969109, 0.011218400672078133, 0.05433257669210434, 0.013053500093519688, 0.021689701825380325, -0.04570700600743294, 0.47389906644821167]","[0.06148146837949753, 0.09593543410301208, 0.11803183704614639, 0.026361625641584396, 0.021990101784467697, 0.1497003585100174, 0.6751568913459778]",0.049787066876888275,-3.0,-3.0,0.0541294664144516,0.01853722333908081,0.01985066384077072,0.014834236353635788,0.015560418367385864,"{""critic_optimizer_updates"": 2040, ""actor_optimizer_updates_0"": 40, ""actor_optimizer_updates_1"": 40, ""actor_optimizer_steps_total"": 80, ""alpha_optimizer_updates"": 40}",-2.921565055847168,1.7524681091308594,0.6140440106391907,2.9484994411468506,0.8927778005599976
C_no_Q_actor_gradient,41,0.015476800501346588,0.015803879126906395,"[0.024009190499782562, -0.0014298853930085897, 0.09016796201467514, 0.006270367652177811, 0.0007607147563248873, -0.029281601309776306, 0.4678040146827698]","[0.05467395484447479, 0.09363579005002975, 0.09579796344041824, 0.02454708144068718, 0.023167699575424194, 0.13567931950092316, 0.6451854109764099]",0.049787066876888275,-3.0,-3.0,0.0435267873108387,0.012676702812314034,0.01290868129581213,"[0.01638546958565712, 0.011873867362737656, 0.05551072955131531, 0.0121933463960886, 0.022758295759558678, -0.043253540992736816, 0.4724648594856262]","[0.060735274106264114, 0.09560481458902359, 0.11724813282489777, 0.02607797645032406, 0.021794604137539864, 0.1486283391714096, 0.672705888748169]",0.049787066876888275,-3.0,-3.0,0.0535714328289032,0.018900100141763687,0.020203936845064163,0.014871985651552677,0.015603207051753998,"{""critic_optimizer_updates"": 2041, ""actor_optimizer_updates_0"": 41, ""actor_optimizer_updates_1"": 41, ""actor_optimizer_steps_total"": 82, ""alpha_optimizer_updates"": 41}",-2.9407765865325928,1.7429438829421997,0.6201918125152588,2.94262433052063,0.8929153680801392
C_no_Q_actor_gradient,42,0.016011714935302734,0.01633979007601738,"[0.024548541754484177, -0.0012119136517867446, 0.0883907899260521, 0.005853341892361641, -0.0020589798223227262, -0.03037196770310402, 0.46579134464263916]","[0.0541548915207386, 0.09300125390291214, 0.09510296583175659, 0.024489492177963257, 0.022590696811676025, 0.13526113331317902, 0.6387007832527161]",0.049787066876888275,-3.0,-3.0,0.0424107164144516,0.012874418869614601,0.013105013407766819,"[0.01808309741318226, 0.012638003565371037, 0.057395268231630325, 0.011832045391201973, 0.02237541601061821, -0.041360050439834595, 0.4704558253288269]","[0.05990765243768692, 0.09526130557060242, 0.11607018858194351, 0.02567153424024582, 0.021312294527888298, 0.14763912558555603, 0.6699488759040833]",0.049787066876888275,-3.0,-3.0,0.0524553582072258,0.01931959018111229,0.020613964647054672,0.014973487704992294,0.015710391104221344,"{""critic_optimizer_updates"": 2042, ""actor_optimizer_updates_0"": 42, ""actor_optimizer_updates_1"": 42, ""actor_optimizer_steps_total"": 84, ""alpha_optimizer_updates"": 42}",-2.904214859008789,1.7173584699630737,0.625726580619812,2.9053313732147217,0.893086850643158
C_no_Q_actor_gradient,43,0.016637898981571198,0.016966406255960464,"[0.024989793077111244, -0.0013493149308487773, 0.0862358808517456, 0.0054736509919166565, -0.004529736004769802, -0.03238987922668457, 0.4629524350166321]","[0.053633034229278564, 0.09233463555574417, 0.09446920454502106, 0.024471281096339226, 0.02214551903307438, 0.13523897528648376, 0.6321236491203308]",0.049787066876888275,-3.0,-3.0,0.0407366082072258,0.013149391859769821,0.013379921205341816,"[0.01984836533665657, 0.011105632409453392, 0.05934742093086243, 0.010851483792066574, 0.02042587473988533, -0.0394776314496994, 0.46770864725112915]","[0.05920380353927612, 0.09485392272472382, 0.11474816501140594, 0.025069495663046837, 0.020649373531341553, 0.14693599939346313, 0.6668354868888855]",0.049787066876888275,-3.0,-3.0,0.0507812537252903,0.019845912232995033,0.021133478730916977,0.015147429890930653,0.01589135080575943,"{""critic_optimizer_updates"": 2043, ""actor_optimizer_updates_0"": 43, ""actor_optimizer_updates_1"": 43, ""actor_optimizer_steps_total"": 86, ""alpha_optimizer_updates"": 43}",-2.8374741077423096,1.6960928440093994,0.630124568939209,2.8770220279693604,0.8942817449569702
C_no_Q_actor_gradient,44,0.017282158136367798,0.01761571131646633,"[0.02643159031867981, -0.000547350849956274, 0.0829673781991005, 0.005113441497087479, -0.006413516588509083, -0.03391680121421814, 0.4604368805885315]","[0.05298687890172005, 0.0916663184762001, 0.09408179670572281, 0.024428410455584526, 0.021797984838485718, 0.13518720865249634, 0.6253425478935242]",0.049787066876888275,-3.0,-3.0,0.0390625,0.013441570103168488,0.013671820051968098,"[0.022093966603279114, 0.009284267202019691, 0.06259910017251968, 0.010001668706536293, 0.01771269366145134, -0.03819267451763153, 0.4649585485458374]","[0.05858325585722923, 0.09430120885372162, 0.11322342604398727, 0.02445857599377632, 0.01992890052497387, 0.14620614051818848, 0.663483202457428]",0.049787066876888275,-3.0,-3.0,0.0463169664144516,0.020362339913845062,0.021648015826940536,0.015324408188462257,0.016076579689979553,"{""critic_optimizer_updates"": 2044, ""actor_optimizer_updates_0"": 44, ""actor_optimizer_updates_1"": 44, ""actor_optimizer_steps_total"": 88, ""alpha_optimizer_updates"": 44}",-2.798661947250366,1.6875042915344238,0.6255468130111694,2.8550615310668945,0.8963051438331604
C_no_Q_actor_gradient,45,0.017930343747138977,0.018269335851073265,"[0.02768614888191223, 0.00022729113698005676, 0.07946773618459702, 0.0051913028582930565, -0.00792442262172699, -0.034749872982501984, 0.4585036039352417]","[0.052588675171136856, 0.0909658819437027, 0.0936683788895607, 0.024393552914261818, 0.021465279161930084, 0.1351882964372635, 0.6183568239212036]",0.049787066876888275,-3.0,-3.0,0.0368303582072258,0.013711463660001755,0.013939638622105122,"[0.024947596713900566, 0.006064432207494974, 0.06710385531187057, 0.008959949016571045, 0.015188124030828476, -0.039220381528139114, 0.4625045955181122]","[0.05786645784974098, 0.09354190528392792, 0.11160910129547119, 0.023778755217790604, 0.019303128123283386, 0.14555595815181732, 0.6598932147026062]",0.049787066876888275,-3.0,-3.0,0.0440848246216774,0.020865274593234062,0.022147903218865395,0.015473765321075916,0.016233062371611595,"{""critic_optimizer_updates"": 2045, ""actor_optimizer_updates_0"": 45, ""actor_optimizer_updates_1"": 45, ""actor_optimizer_steps_total"": 90, ""alpha_optimizer_updates"": 45}",-2.784632921218872,1.68412446975708,0.6225020885467529,2.844392776489258,0.8986316919326782
C_no_Q_actor_gradient,46,0.018626652657985687,0.018971262499690056,"[0.028108106926083565, 0.0016809061635285616, 0.07674054056406021, 0.005930546671152115, -0.00804982241243124, -0.036682046949863434, 0.456096351146698]","[0.05233779922127724, 0.09022515267133713, 0.09368270635604858, 0.024278223514556885, 0.021376673132181168, 0.13532505929470062, 0.6112114787101746]",0.049787066876888275,-3.0,-3.0,0.03515625,0.01410999521613121,0.014338608831167221,"[0.028448227792978287, 0.0043388609774410725, 0.06911715120077133, 0.008769742213189602, 0.01147677842527628, -0.04011506587266922, 0.45933327078819275]","[0.05732157081365585, 0.09290087223052979, 0.11022932082414627, 0.02292289212346077, 0.01883644051849842, 0.14497405290603638, 0.6558665633201599]",0.049787066876888275,-3.0,-3.0,0.0424107164144516,0.02141464874148369,0.022694934159517288,0.015727508813142776,0.01649775169789791,"{""critic_optimizer_updates"": 2046, ""actor_optimizer_updates_0"": 46, ""actor_optimizer_updates_1"": 46, ""actor_optimizer_steps_total"": 92, ""alpha_optimizer_updates"": 46}",-2.799039840698242,1.6825599670410156,0.6184525489807129,2.84210205078125,0.9002424478530884
C_no_Q_actor_gradient,47,0.0193483829498291,0.01969613879919052,"[0.028927722945809364, 0.002281768713146448, 0.07474370300769806, 0.00688046682626009, -0.007940353825688362, -0.039019182324409485, 0.4536752700805664]","[0.05190404877066612, 0.08950907737016678, 0.09330115467309952, 0.024352282285690308, 0.021322712302207947, 0.13579493761062622, 0.6039657592773438]",0.049787066876888275,-3.0,-3.0,0.0318080373108387,0.014575906097888947,0.014805590733885765,"[0.030730847269296646, 0.0021819407120347023, 0.07056494057178497, 0.008425507694482803, 0.007640826981514692, -0.040686603635549545, 0.45599645376205444]","[0.05680748447775841, 0.09225710481405258, 0.10886351764202118, 0.02225504443049431, 0.018608128651976585, 0.1445239931344986, 0.6515367031097412]",0.049787066876888275,-3.0,-3.0,0.0407366082072258,0.022001024335622787,0.02327686734497547,0.016059573739767075,0.016841033473610878,"{""critic_optimizer_updates"": 2047, ""actor_optimizer_updates_0"": 47, ""actor_optimizer_updates_1"": 47, ""actor_optimizer_steps_total"": 94, ""alpha_optimizer_updates"": 47}",-2.818812608718872,1.6710913181304932,0.6176787614822388,2.828911304473877,0.9025098085403442
C_no_Q_actor_gradient,48,0.02007051184773445,0.020422307774424553,"[0.029902402311563492, 0.0029682873282581568, 0.07258196175098419, 0.007716190069913864, -0.0074188197031617165, -0.04154699295759201, 0.4506450295448303]","[0.0514371283352375, 0.08892209082841873, 0.09343096613883972, 0.024434706196188927, 0.021284734830260277, 0.13662192225456238, 0.5969075560569763]",0.049787066876888275,-3.0,-3.0,0.0290178582072258,0.015177863650023937,0.015407348051667213,"[0.031859513372182846, 0.0007969003636389971, 0.0719769224524498, 0.007541615515947342, 0.004871867131441832, -0.041392792016267776, 0.45148563385009766]","[0.05642496421933174, 0.09161587059497833, 0.1078387200832367, 0.02165902964770794, 0.01860296167433262, 0.1444569230079651, 0.6468275189399719]",0.049787066876888275,-3.0,-3.0,0.0385044664144516,0.02259821631014347,0.023870717734098434,0.01650826819241047,0.01729855313897133,"{""critic_optimizer_updates"": 2048, ""actor_optimizer_updates_0"": 48, ""actor_optimizer_updates_1"": 48, ""actor_optimizer_steps_total"": 96, ""alpha_optimizer_updates"": 48}",-2.888857364654541,1.6643316745758057,0.6187291145324707,2.821493625640869,0.9029618501663208
C_no_Q_actor_gradient,49,0.02080443501472473,0.021164320409297943,"[0.03164343535900116, 0.0038170500192791224, 0.06935380399227142, 0.008595253340899944, -0.006730444263666868, -0.0429270900785923, 0.4479820132255554]","[0.0505751371383667, 0.08829401433467865, 0.09436645358800888, 0.024520764127373695, 0.021268637850880623, 0.13730108737945557, 0.5896223783493042]",0.049787066876888275,-3.0,-3.0,0.02845982275903225,0.015813283622264862,0.01604210026562214,"[0.03251997381448746, -0.0006242250092327595, 0.07273778319358826, 0.007154433056712151, 0.003379085334017873, -0.04204908758401871, 0.4470829963684082]","[0.056101176887750626, 0.09088913351297379, 0.10693269968032837, 0.021216969937086105, 0.018655704334378242, 0.14454588294029236, 0.641845166683197]",0.049787066876888275,-3.0,-3.0,0.0385044664144516,0.02320321649312973,0.024474751204252243,0.01699913665652275,0.017796162515878677,"{""critic_optimizer_updates"": 2049, ""actor_optimizer_updates_0"": 49, ""actor_optimizer_updates_1"": 49, ""actor_optimizer_steps_total"": 98, ""alpha_optimizer_updates"": 49}",-2.9708974361419678,1.6620993614196777,0.6201829314231873,2.8181047439575195,0.903546154499054
C_no_Q_actor_gradient,50,0.021550875157117844,0.02191806770861149,"[0.03276306390762329, 0.004894770681858063, 0.0671154335141182, 0.009457324631512165, -0.005882310681045055, -0.04469294100999832, 0.44506579637527466]","[0.0497441440820694, 0.08763644099235535, 0.09552311897277832, 0.02465757727622986, 0.02131831832230091, 0.1380150467157364, 0.5823112726211548]",0.049787066876888275,-3.0,-3.0,0.0267857164144516,0.016474539414048195,0.016701405867934227,"[0.03311806917190552, -0.0017316285520792007, 0.07312880456447601, 0.00700593926012516, 0.0027659316547214985, -0.042930833995342255, 0.44283363223075867]","[0.05574667453765869, 0.09018080681562424, 0.1061076894402504, 0.02090158313512802, 0.018690794706344604, 0.14459547400474548, 0.6366478800773621]",0.049787066876888275,-3.0,-3.0,0.0362723246216774,0.023846333846449852,0.025116343051195145,0.017523935064673424,0.018326610326766968,"{""critic_optimizer_updates"": 2050, ""actor_optimizer_updates_0"": 50, ""actor_optimizer_updates_1"": 50, ""actor_optimizer_steps_total"": 100, ""alpha_optimizer_updates"": 50}",-2.9815845489501953,1.6467616558074951,0.6251712441444397,2.7934494018554688,0.899482250213623
C_no_Q_actor_gradient,51,0.022305713966488838,0.022672833874821663,"[0.032301850616931915, 0.004064907319843769, 0.06671808660030365, 0.009447311982512474, -0.004290387965738773, -0.04652445763349533, 0.44225722551345825]","[0.04929462820291519, 0.08695746213197708, 0.09609927237033844, 0.024699430912733078, 0.021542515605688095, 0.13878874480724335, 0.5748292803764343]",0.049787066876888275,-3.0,-3.0,0.02455357275903225,0.017070554196834564,0.017296116799116135,"[0.03271789848804474, -0.0017552027711644769, 0.07316908240318298, 0.007489114999771118, 0.0026450632140040398, -0.04411724954843521, 0.4398440718650818]","[0.05544464290142059, 0.08937294781208038, 0.10538888722658157, 0.020759036764502525, 0.018759777769446373, 0.14439919590950012, 0.6312560439109802]",0.049787066876888275,-3.0,-3.0,0.0345982164144516,0.024525322020053864,0.025788921862840652,0.018001889809966087,0.018809596076607704,"{""critic_optimizer_updates"": 2051, ""actor_optimizer_updates_0"": 51, ""actor_optimizer_updates_1"": 51, ""actor_optimizer_steps_total"": 102, ""alpha_optimizer_updates"": 51}",-2.9217066764831543,1.6186976432800293,0.629741907119751,2.7494583129882812,0.8982600569725037
C_no_Q_actor_gradient,52,0.023072874173521996,0.023439941927790642,"[0.03172631561756134, 0.0031878745649009943, 0.06678742170333862, 0.008997665718197823, -0.002106928266584873, -0.04691733792424202, 0.4392797350883484]","[0.04869963601231575, 0.08623582124710083, 0.0965081974864006, 0.024809354916214943, 0.021832888945937157, 0.1394910365343094, 0.5673477053642273]",0.049787066876888275,-3.0,-3.0,0.02287946455180645,0.017783455550670624,0.01800842024385929,"[0.030873313546180725, 0.0005560773424804211, 0.07184173166751862, 0.0082011129707098, 0.003446081653237343, -0.04583244025707245, 0.43627235293388367]","[0.05530531331896782, 0.08847018331289291, 0.10456220805644989, 0.02067185752093792, 0.018791329115629196, 0.144144669175148, 0.6253951191902161]",0.049787066876888275,-3.0,-3.0,0.03125,0.025230450555682182,0.026489311829209328,0.01859007216989994,0.019402245059609413,"{""critic_optimizer_updates"": 2052, ""actor_optimizer_updates_0"": 52, ""actor_optimizer_updates_1"": 52, ""actor_optimizer_steps_total"": 104, ""alpha_optimizer_updates"": 52}",-2.8781161308288574,1.594901204109192,0.6331597566604614,2.7219347953796387,0.8972534537315369
C_no_Q_actor_gradient,53,0.02375796064734459,0.024122562259435654,"[0.03067975863814354, 0.0015039234422147274, 0.06796599924564362, 0.008548051118850708, 0.0008619647705927491, -0.04661747068166733, 0.43697455525398254]","[0.048147693276405334, 0.0854649618268013, 0.09687622636556625, 0.024849586188793182, 0.022309264168143272, 0.14000263810157776, 0.5599297881126404]",0.049787066876888275,-3.0,-3.0,0.02176339365541935,0.018497608602046967,0.018722176551818848,"[0.02875584363937378, 0.005311003886163235, 0.06832431256771088, 0.009127805940806866, 0.005409864243119955, -0.04620952159166336, 0.4333941340446472]","[0.055159859359264374, 0.0877513736486435, 0.1038365364074707, 0.020743247121572495, 0.01879037171602249, 0.14391779899597168, 0.6193475723266602]",0.049787066876888275,-3.0,-3.0,0.02957589365541935,0.02585635334253311,0.027108225971460342,0.01917787455022335,0.019995350390672684,"{""critic_optimizer_updates"": 2053, ""actor_optimizer_updates_0"": 53, ""actor_optimizer_updates_1"": 53, ""actor_optimizer_steps_total"": 106, ""alpha_optimizer_updates"": 53}",-2.8306851387023926,1.583072543144226,0.6301623582839966,2.697781562805176,0.8968015909194946
C_no_Q_actor_gradient,54,0.024407727643847466,0.024771209806203842,"[0.03028998151421547, 0.00048053963109850883, 0.06908789277076721, 0.007595612667500973, 0.003504703287035227, -0.046072714030742645, 0.4352746903896332]","[0.04754428565502167, 0.08483796566724777, 0.09742200374603271, 0.02481713891029358, 0.022716958075761795, 0.14052268862724304, 0.5523784756660461]",0.049787066876888275,-3.0,-3.0,0.0200892873108387,0.01919415220618248,0.019417185336351395,"[0.027074921876192093, 0.009408061392605305, 0.06398634612560272, 0.00884378980845213, 0.008047619834542274, -0.04524582624435425, 0.43116146326065063]","[0.055166084319353104, 0.08719374984502792, 0.10366006940603256, 0.020754387602210045, 0.01883113943040371, 0.14395150542259216, 0.6132272481918335]",0.049787066876888275,-3.0,-3.0,0.0262276791036129,0.026459144428372383,0.02770482748746872,0.019759098067879677,0.02057957649230957,"{""critic_optimizer_updates"": 2054, ""actor_optimizer_updates_0"": 54, ""actor_optimizer_updates_1"": 54, ""actor_optimizer_steps_total"": 108, ""alpha_optimizer_updates"": 54}",-2.8025097846984863,1.5709148645401,0.6279584169387817,2.678373336791992,0.8974357843399048
C_no_Q_actor_gradient,55,0.025056738406419754,0.025418559089303017,"[0.029384231194853783, 0.0001406804658472538, 0.07098857313394547, 0.00668429397046566, 0.006321802269667387, -0.045833706855773926, 0.43315744400024414]","[0.047129735350608826, 0.08435593545436859, 0.09798213094472885, 0.02476642094552517, 0.023182673379778862, 0.14113783836364746, 0.544938325881958]",0.049787066876888275,-3.0,-3.0,0.0200892873108387,0.01988409273326397,0.020106418058276176,"[0.025329548865556717, 0.012439693324267864, 0.05997707322239876, 0.008355344645678997, 0.010189889930188656, -0.04415370151400566, 0.42933762073516846]","[0.05522290989756584, 0.08680424094200134, 0.10383570194244385, 0.02075897343456745, 0.018939655274152756, 0.14397233724594116, 0.6070050001144409]",0.049787066876888275,-3.0,-3.0,0.02455357275903225,0.027089431881904602,0.02832939475774765,0.020369883626699448,0.02119431085884571,"{""critic_optimizer_updates"": 2055, ""actor_optimizer_updates_0"": 55, ""actor_optimizer_updates_1"": 55, ""actor_optimizer_steps_total"": 110, ""alpha_optimizer_updates"": 55}",-2.8197760581970215,1.5604474544525146,0.6289240121841431,2.672722816467285,0.8974832892417908
C_no_Q_actor_gradient,56,0.02569720335304737,0.0260570477694273,"[0.02820362150669098, -1.5002908185124397e-05, 0.07286561280488968, 0.005861099809408188, 0.008671009913086891, -0.04564645513892174, 0.43073567748069763]","[0.046941179782152176, 0.08399928361177444, 0.09850333631038666, 0.024690518155694008, 0.023613395169377327, 0.14169691503047943, 0.5377984642982483]",0.049787066876888275,-3.0,-3.0,0.01953125,0.020617375150322914,0.02083689533174038,"[0.024430707097053528, 0.014906982891261578, 0.05666466802358627, 0.006841928232461214, 0.012876465916633606, -0.041843242943286896, 0.42740654945373535]","[0.05521217733621597, 0.08651772886514664, 0.10405916720628738, 0.02070286124944687, 0.019098827615380287, 0.14400631189346313, 0.6006891131401062]",0.049787066876888275,-3.0,-3.0,0.02455357275903225,0.027730688452720642,0.028965264558792114,0.021049870178103447,0.021876391023397446,"{""critic_optimizer_updates"": 2056, ""actor_optimizer_updates_0"": 56, ""actor_optimizer_updates_1"": 56, ""actor_optimizer_steps_total"": 112, ""alpha_optimizer_updates"": 56}",-2.8841335773468018,1.557814359664917,0.631400465965271,2.682659149169922,0.8985475301742554
C_no_Q_actor_gradient,57,0.026331864297389984,0.026689259335398674,"[0.02738931030035019, -0.00047588604502379894, 0.07442601770162582, 0.00472133606672287, 0.009643600322306156, -0.04547875374555588, 0.4283744692802429]","[0.04680437222123146, 0.08376766741275787, 0.0987507551908493, 0.024572977796196938, 0.023773133754730225, 0.14229939877986908, 0.5307271480560303]",0.049787066876888275,-3.0,-3.0,0.0184151791036129,0.021343020722270012,0.021558744832873344,"[0.024946441873908043, 0.01583188585937023, 0.054099299013614655, 0.005614179186522961, 0.015393566340208054, -0.040272243320941925, 0.4257771968841553]","[0.05495269224047661, 0.08620669692754745, 0.1040547713637352, 0.020747428759932518, 0.019379474222660065, 0.14416049420833588, 0.5941995978355408]",0.049787066876888275,-3.0,-3.0,0.02287946455180645,0.028390612453222275,0.02961888164281845,0.021761788055300713,0.02258877269923687,"{""critic_optimizer_updates"": 2057, ""actor_optimizer_updates_0"": 57, ""actor_optimizer_updates_1"": 57, ""actor_optimizer_steps_total"": 114, ""alpha_optimizer_updates"": 57}",-2.9466116428375244,1.5437488555908203,0.638992190361023,2.6791791915893555,0.8970263004302979
C_no_Q_actor_gradient,58,0.02688867598772049,0.027244694530963898,"[0.025707829743623734, -0.0011459352681413293, 0.07465848326683044, 0.0034723510034382343, 0.009736893698573112, -0.04552654176950455, 0.42694658041000366]","[0.04690178856253624, 0.08359628915786743, 0.09919443726539612, 0.0244466420263052, 0.023798324167728424, 0.1428653746843338, 0.5237163305282593]",0.049787066876888275,-3.0,-3.0,0.0161830373108387,0.021921206265687943,0.022133206948637962,"[0.026235641911625862, 0.014990962110459805, 0.054167404770851135, 0.004779917653650045, 0.01662999391555786, -0.03973594307899475, 0.425984650850296]","[0.05453601852059364, 0.08593527227640152, 0.1037517860531807, 0.02089187689125538, 0.019694825634360313, 0.14422045648097992, 0.5874593257904053]",0.049787066876888275,-3.0,-3.0,0.0223214291036129,0.0289811659604311,0.03020261600613594,0.022371115162968636,0.02319953963160515,"{""critic_optimizer_updates"": 2058, ""actor_optimizer_updates_0"": 58, ""actor_optimizer_updates_1"": 58, ""actor_optimizer_steps_total"": 116, ""alpha_optimizer_updates"": 58}",-3.021026134490967,1.5311921834945679,0.6485329866409302,2.677959442138672,0.8963903188705444
C_no_Q_actor_gradient,59,0.02736150473356247,0.027718298137187958,"[0.024587860330939293, -0.0007966731209307909, 0.07439272105693817, 0.0027163391932845116, 0.009458443149924278, -0.04566766321659088, 0.4254646897315979]","[0.04707513004541397, 0.0834277793765068, 0.09971295297145844, 0.024370448663830757, 0.023801513016223907, 0.1435340940952301, 0.5174678564071655]",0.049787066876888275,-3.0,-3.0,0.015625,0.022430766373872757,0.02263960987329483,"[0.026993082836270332, 0.01345827616751194, 0.05539668723940849, 0.00363674433901906, 0.017123516649007797, -0.038681209087371826, 0.427076131105423]","[0.054274722933769226, 0.08553709089756012, 0.10334020107984543, 0.020948557183146477, 0.019963586702942848, 0.14440536499023438, 0.5808084607124329]",0.049787066876888275,-3.0,-3.0,0.02064732275903225,0.029462184756994247,0.030679067596793175,0.022910725325345993,0.023741457611322403,"{""critic_optimizer_updates"": 2059, ""actor_optimizer_updates_0"": 59, ""actor_optimizer_updates_1"": 59, ""actor_optimizer_steps_total"": 118, ""alpha_optimizer_updates"": 59}",-3.033308982849121,1.5197250843048096,0.6545584201812744,2.6741199493408203,0.8946429491043091
C_no_Q_actor_gradient,60,0.0277946088463068,0.028153838589787483,"[0.02447326108813286, -0.0002776889596134424, 0.07314244657754898, 0.0022338833659887314, 0.008610505610704422, -0.046078622341156006, 0.4237203896045685]","[0.0472051203250885, 0.08327675610780716, 0.10023189336061478, 0.024283993989229202, 0.023785410448908806, 0.14418308436870575, 0.5118668079376221]",0.049787066876888275,-3.0,-3.0,0.0133928582072258,0.0229068361222744,0.023113753646612167,"[0.028987959027290344, 0.012768389657139778, 0.05660209059715271, 0.004333756864070892, 0.01731973886489868, -0.03975920379161835, 0.4288756549358368]","[0.054073646664619446, 0.08525495231151581, 0.10284153372049332, 0.021023081615567207, 0.020189080387353897, 0.14443974196910858, 0.5740060210227966]",0.049787066876888275,-3.0,-3.0,0.01953125,0.029892032966017723,0.031106198206543922,0.0234223622828722,0.024258079007267952,"{""critic_optimizer_updates"": 2060, ""actor_optimizer_updates_0"": 60, ""actor_optimizer_updates_1"": 60, ""actor_optimizer_steps_total"": 120, ""alpha_optimizer_updates"": 60}",-2.9609899520874023,1.49455726146698,0.6576538681983948,2.6516659259796143,0.8942215442657471
C_no_Q_actor_gradient,61,0.028197690844535828,0.028559105470776558,"[0.025257330387830734, -0.00033984193578362465, 0.07139995694160461, 0.0025502173230051994, 0.00686416681855917, -0.046970345079898834, 0.4218548536300659]","[0.047381628304719925, 0.08323300629854202, 0.10067703574895859, 0.024187840521335602, 0.023747313767671585, 0.14461944997310638, 0.5066935420036316]",0.049787066876888275,-3.0,-3.0,0.0133928582072258,0.02332395501434803,0.023528974503278732,"[0.030933476984500885, 0.011343177407979965, 0.056663937866687775, 0.004427992273122072, 0.016846852377057076, -0.042282409965991974, 0.43125587701797485]","[0.05390181019902229, 0.08502181619405746, 0.10314090549945831, 0.02113739401102066, 0.020560262724757195, 0.14451910555362701, 0.5673179030418396]",0.049787066876888275,-3.0,-3.0,0.01897321455180645,0.030297061428427696,0.03150847181677818,0.023892972618341446,0.02473357692360878,"{""critic_optimizer_updates"": 2061, ""actor_optimizer_updates_0"": 61, ""actor_optimizer_updates_1"": 61, ""actor_optimizer_steps_total"": 122, ""alpha_optimizer_updates"": 61}",-2.858189105987549,1.4695422649383545,0.6583868265151978,2.6110620498657227,0.8936372995376587
C_no_Q_actor_gradient,62,0.028577441349625587,0.028941204771399498,"[0.026165928691625595, -0.0004173829220235348, 0.06986886262893677, 0.0027278873603791, 0.004881640896201134, -0.04769645631313324, 0.4203747510910034]","[0.047530654817819595, 0.08319065719842911, 0.10126879066228867, 0.024040021002292633, 0.023721231147646904, 0.1448257714509964, 0.5017512440681458]",0.049787066876888275,-3.0,-3.0,0.011718750931322575,0.023773137480020523,0.023977108299732208,"[0.03268111124634743, 0.00943163875490427, 0.057063475251197815, 0.004387838765978813, 0.015746094286441803, -0.04443685710430145, 0.4335672855377197]","[0.053661689162254333, 0.08477400988340378, 0.10391432791948318, 0.021135682240128517, 0.020821107551455498, 0.1444755643606186, 0.5605365633964539]",0.049787066876888275,-3.0,-3.0,0.01785714365541935,0.03066537342965603,0.03187313303351402,0.024402465671300888,0.025249488651752472,"{""critic_optimizer_updates"": 2062, ""actor_optimizer_updates_0"": 62, ""actor_optimizer_updates_1"": 62, ""actor_optimizer_steps_total"": 124, ""alpha_optimizer_updates"": 62}",-2.7785420417785645,1.4579200744628906,0.6560158133506775,2.5921597480773926,0.8937250375747681
C_no_Q_actor_gradient,63,0.028890404850244522,0.029256196692585945,"[0.02760864980518818, -0.0003887949278578162, 0.06888332217931747, 0.0027745231054723263, 0.0036228629760444164, -0.0487901046872139, 0.41926074028015137]","[0.04765238240361214, 0.08317896723747253, 0.1020706370472908, 0.02384369820356369, 0.023838037624955177, 0.14510589838027954, 0.4973489046096802]",0.049787066876888275,-3.0,-3.0,0.0106026791036129,0.024248618632555008,0.024452414363622665,"[0.03363223373889923, 0.00805053673684597, 0.05742967128753662, 0.004033285658806562, 0.01380322314798832, -0.04656650125980377, 0.4356532394886017]","[0.05324529856443405, 0.08455073088407516, 0.1049809679389, 0.021136194467544556, 0.021107591688632965, 0.14437921345233917, 0.5538793802261353]",0.049787066876888275,-3.0,-3.0,0.01674107275903225,0.030958587303757668,0.0321614071726799,0.024934520944952965,0.025787271559238434,"{""critic_optimizer_updates"": 2063, ""actor_optimizer_updates_0"": 63, ""actor_optimizer_updates_1"": 63, ""actor_optimizer_steps_total"": 126, ""alpha_optimizer_updates"": 63}",-2.7875218391418457,1.4600846767425537,0.6572710275650024,2.602200746536255,0.8946776390075684
C_no_Q_actor_gradient,64,0.02916751243174076,0.02953352779150009,"[0.028626052662730217, -0.0008226141799241304, 0.06821499764919281, 0.0022285033483058214, 0.002100129146128893, -0.05040939152240753, 0.4182016849517822]","[0.047767192125320435, 0.08320499956607819, 0.10288013517856598, 0.023595599457621574, 0.0239186380058527, 0.14536279439926147, 0.4933852255344391]",0.049787066876888275,-3.0,-3.0,0.0106026791036129,0.024901654571294785,0.025105154141783714,"[0.03220638632774353, 0.0075714620761573315, 0.060051146894693375, 0.0021955096162855625, 0.011331860907375813, -0.049228936433792114, 0.4352003037929535]","[0.05279340595006943, 0.08438120037317276, 0.10629585385322571, 0.02119550295174122, 0.021378397941589355, 0.1439988762140274, 0.5473259091377258]",0.049787066876888275,-3.0,-3.0,0.0161830373108387,0.031202130019664764,0.03239964321255684,0.02560306154191494,0.026461446657776833,"{""critic_optimizer_updates"": 2064, ""actor_optimizer_updates_0"": 64, ""actor_optimizer_updates_1"": 64, ""actor_optimizer_steps_total"": 128, ""alpha_optimizer_updates"": 64}",-2.855680227279663,1.4659626483917236,0.6577900648117065,2.6297669410705566,0.897611141204834
C_no_Q_actor_gradient,65,0.029326917603611946,0.029692301526665688,"[0.029078379273414612, -0.00029282085597515106, 0.06868083775043488, 0.0022711395286023617, 0.0013082337100058794, -0.051654137670993805, 0.41800567507743835]","[0.04799891635775566, 0.08325400203466415, 0.10337602347135544, 0.023386558517813683, 0.024167420342564583, 0.14570719003677368, 0.4900168478488922]",0.049787066876888275,-3.0,-3.0,0.009486607275903225,0.02555141970515251,0.02575582079589367,"[0.03054911270737648, 0.0074986545369029045, 0.06128627061843872, 0.0008849208243191242, 0.008803230710327625, -0.05058714747428894, 0.4347991645336151]","[0.05238931253552437, 0.08417627215385437, 0.10740634799003601, 0.021251879632472992, 0.02159256674349308, 0.1437794417142868, 0.5410012006759644]",0.049787066876888275,-3.0,-3.0,0.0161830373108387,0.03136281296610832,0.03255413472652435,0.026280615478754044,0.027145108208060265,"{""critic_optimizer_updates"": 2065, ""actor_optimizer_updates_0"": 65, ""actor_optimizer_updates_1"": 65, ""actor_optimizer_steps_total"": 130, ""alpha_optimizer_updates"": 65}",-2.9218013286590576,1.4782792329788208,0.6602174043655396,2.6590027809143066,0.8982943892478943
C_no_Q_actor_gradient,66,0.02938813716173172,0.02975417859852314,"[0.03072749264538288, 0.0009485124610364437, 0.06925496459007263, 0.003138246014714241, 0.0012287753634154797, -0.052243828773498535, 0.41764017939567566]","[0.04819003492593765, 0.08339744806289673, 0.10367877036333084, 0.023298153653740883, 0.024561934173107147, 0.14625701308250427, 0.4876936674118042]",0.049787066876888275,-3.0,-3.0,0.008928571827709675,0.026298124343156815,0.02650277130305767,"[0.029574209824204445, 0.007569662295281887, 0.0625506043434143, 0.0003066460485570133, 0.007041860371828079, -0.050615325570106506, 0.43233564496040344]","[0.052230946719646454, 0.08398377895355225, 0.10837793350219727, 0.021101774647831917, 0.02170320227742195, 0.14398574829101562, 0.5350892543792725]",0.049787066876888275,-3.0,-3.0,0.01506696455180645,0.03144591301679611,0.03263328596949577,0.0270359069108963,0.02790515497326851,"{""critic_optimizer_updates"": 2066, ""actor_optimizer_updates_0"": 66, ""actor_optimizer_updates_1"": 66, ""actor_optimizer_steps_total"": 132, ""alpha_optimizer_updates"": 66}",-2.944031000137329,1.4800022840499878,0.6630107164382935,2.6757688522338867,0.89881432056427
C_no_Q_actor_gradient,67,0.029379883781075478,0.029748329892754555,"[0.03260201960802078, 0.0029377038590610027, 0.07007166743278503, 0.004570424556732178, 0.0015148918610066175, -0.051841795444488525, 0.41768020391464233]","[0.0483928881585598, 0.08355777710676193, 0.10399549454450607, 0.023300480097532272, 0.024938637390732765, 0.14668796956539154, 0.4858870804309845]",0.049787066876888275,-3.0,-3.0,0.008928571827709675,0.02702164836227894,0.027228057384490967,"[0.02764248102903366, 0.008384049870073795, 0.06230319291353226, -0.0009800790576264262, 0.0056947702541947365, -0.04959920793771744, 0.42981410026550293]","[0.05239441245794296, 0.08375538885593414, 0.109717957675457, 0.020692048594355583, 0.021821212023496628, 0.1440199464559555, 0.5295875668525696]",0.049787066876888275,-3.0,-3.0,0.012276786379516125,0.031472377479076385,0.03265777975320816,0.027784470468759537,0.028658004477620125,"{""critic_optimizer_updates"": 2067, ""actor_optimizer_updates_0"": 67, ""actor_optimizer_updates_1"": 67, ""actor_optimizer_steps_total"": 134, ""alpha_optimizer_updates"": 67}",-2.898634433746338,1.4821968078613281,0.6532725095748901,2.6753158569335938,0.9010696411132812
C_no_Q_actor_gradient,68,0.029353231191635132,0.02971988543868065,"[0.033972568809986115, 0.005019729491323233, 0.07349893450737, 0.007250604685395956, 0.0028463699854910374, -0.05058802664279938, 0.41783520579338074]","[0.0486069954931736, 0.0836840569972992, 0.10369057208299637, 0.023599715903401375, 0.025275520980358124, 0.14714443683624268, 0.48435136675834656]",0.049787066876888275,-3.0,-3.0,0.008370536379516125,0.027723737061023712,0.027931325137615204,"[0.024842195212841034, 0.01050736103206873, 0.06301853060722351, -0.0026458101347088814, 0.0043471623212099075, -0.04888276755809784, 0.42731574177742004]","[0.05257691070437431, 0.08367488533258438, 0.11108265817165375, 0.020332803949713707, 0.021917689591646194, 0.14413891732692719, 0.5242205858230591]",0.049787066876888275,-3.0,-3.0,0.012276786379516125,0.03146795555949211,0.03264932334423065,0.028519131243228912,0.029396582394838333,"{""critic_optimizer_updates"": 2068, ""actor_optimizer_updates_0"": 68, ""actor_optimizer_updates_1"": 68, ""actor_optimizer_steps_total"": 136, ""alpha_optimizer_updates"": 68}",-2.8018288612365723,1.4765689373016357,0.6446234583854675,2.6542181968688965,0.9044264554977417
C_no_Q_actor_gradient,69,0.0292767733335495,0.029641825705766678,"[0.03386005759239197, 0.006491518579423428, 0.07635610550642014, 0.008873475715517998, 0.00390552612952888, -0.04947737604379654, 0.4178870618343353]","[0.04892190545797348, 0.0838254988193512, 0.10392904281616211, 0.0238141231238842, 0.025462733581662178, 0.1475534290075302, 0.4833023250102997]",0.049787066876888275,-3.0,-3.0,0.008370536379516125,0.028301890939474106,0.028510481119155884,"[0.02245146781206131, 0.010969304479658604, 0.06426230072975159, -0.004372505471110344, 0.0025579803623259068, -0.0475228875875473, 0.4248995780944824]","[0.052808742970228195, 0.08362500369548798, 0.11269503086805344, 0.02012535184621811, 0.022039568051695824, 0.14448341727256775, 0.5196412801742554]",0.049787066876888275,-3.0,-3.0,0.0106026791036129,0.03141652047634125,0.032593805342912674,0.029137643054127693,0.03001885488629341,"{""critic_optimizer_updates"": 2069, ""actor_optimizer_updates_0"": 69, ""actor_optimizer_updates_1"": 69, ""actor_optimizer_steps_total"": 138, ""alpha_optimizer_updates"": 69}",-2.7196125984191895,1.4604384899139404,0.6457706689834595,2.634615421295166,0.9052345752716064
C_no_Q_actor_gradient,70,0.0291503444314003,0.029514513909816742,"[0.03255443647503853, 0.0074860225431621075, 0.07816644012928009, 0.009310612455010414, 0.00535347918048501, -0.04833124950528145, 0.41706085205078125]","[0.049441345036029816, 0.08405160158872604, 0.1043543815612793, 0.023906676098704338, 0.02579100988805294, 0.1480022519826889, 0.48317500948905945]",0.049787066876888275,-3.0,-3.0,0.008370536379516125,0.028752660378813744,0.028961114585399628,"[0.02107923850417137, 0.011196453124284744, 0.0663243979215622, -0.0054302699863910675, 0.0015331783797591925, -0.04603099822998047, 0.42301875352859497]","[0.05290823057293892, 0.08357017487287521, 0.11394722014665604, 0.019964443519711494, 0.02197296731173992, 0.14484021067619324, 0.5156137943267822]",0.049787066876888275,-3.0,-3.0,0.01004464365541935,0.03130362927913666,0.03247787803411484,0.029616136103868484,0.030499473214149475,"{""critic_optimizer_updates"": 2070, ""actor_optimizer_updates_0"": 70, ""actor_optimizer_updates_1"": 70, ""actor_optimizer_steps_total"": 140, ""alpha_optimizer_updates"": 70}",-2.639995574951172,1.4392156600952148,0.6489896774291992,2.6046149730682373,0.9046769738197327
C_no_Q_actor_gradient,71,0.02900209277868271,0.029362449422478676,"[0.03003641590476036, 0.006935707293450832, 0.07992377877235413, 0.009593606926500797, 0.007001444231718779, -0.04696965217590332, 0.41586560010910034]","[0.05024544149637222, 0.08419917523860931, 0.1047733798623085, 0.02405683696269989, 0.02613021433353424, 0.14853765070438385, 0.4835636019706726]",0.049787066876888275,-3.0,-3.0,0.008370536379516125,0.02917645312845707,0.02938659116625786,"[0.019383927807211876, 0.010809793137013912, 0.06692764163017273, -0.006090098991990089, 0.00016740546561777592, -0.044119976460933685, 0.42152467370033264]","[0.05313872918486595, 0.08329573273658752, 0.11461355537176132, 0.019779080525040627, 0.021821463480591774, 0.14514686167240143, 0.5117310881614685]",0.049787066876888275,-3.0,-3.0,0.008928571827709675,0.03117034211754799,0.032340627163648605,0.030064061284065247,0.030949827283620834,"{""critic_optimizer_updates"": 2071, ""actor_optimizer_updates_0"": 71, ""actor_optimizer_updates_1"": 71, ""actor_optimizer_steps_total"": 142, ""alpha_optimizer_updates"": 71}",-2.5966858863830566,1.419546127319336,0.6512984037399292,2.577594757080078,0.90507572889328
C_no_Q_actor_gradient,72,0.02871493063867092,0.02907000668346882,"[0.02661147713661194, 0.005647217854857445, 0.08116443455219269, 0.008603652939200401, 0.00805755890905857, -0.04678928852081299, 0.41470518708229065]","[0.05123695358633995, 0.08432942628860474, 0.10513588041067123, 0.02401033043861389, 0.02647453360259533, 0.1491236537694931, 0.48510468006134033]",0.049787066876888275,-3.0,-3.0,0.00725446455180645,0.029446084052324295,0.02965737320482731,"[0.018729839473962784, 0.009282434359192848, 0.06742658466100693, -0.0057663219049572945, -0.0006771280895918608, -0.042285822331905365, 0.4203072488307953]","[0.053447697311639786, 0.08307349681854248, 0.114796943962574, 0.01961149275302887, 0.02162523940205574, 0.14556924998760223, 0.5086953043937683]",0.049787066876888275,-3.0,-3.0,0.008928571827709675,0.0309193916618824,0.032083891332149506,0.030358823016285896,0.031246140599250793,"{""critic_optimizer_updates"": 2072, ""actor_optimizer_updates_0"": 72, ""actor_optimizer_updates_1"": 72, ""actor_optimizer_steps_total"": 144, ""alpha_optimizer_updates"": 72}",-2.6227359771728516,1.4052913188934326,0.655992865562439,2.557586193084717,0.9056531190872192
C_no_Q_actor_gradient,73,0.02829495258629322,0.028645606711506844,"[0.024164576083421707, 0.004009319469332695, 0.08193515241146088, 0.007207970134913921, 0.00969435553997755, -0.046133339405059814, 0.41541561484336853]","[0.0520649291574955, 0.08437513560056686, 0.10543818026781082, 0.023918040096759796, 0.026979615911841393, 0.14962585270404816, 0.48669153451919556]",0.049787066876888275,-3.0,-3.0,0.0066964291036129,0.02962661162018776,0.029837271198630333,"[0.019018854945898056, 0.0064143231138587, 0.0680183470249176, -0.006047999486327171, -0.0006366262095980346, -0.040750544518232346, 0.4194071888923645]","[0.05381685122847557, 0.08274859189987183, 0.11464672535657883, 0.01936565712094307, 0.021331384778022766, 0.14604255557060242, 0.5060961842536926]",0.049787066876888275,-3.0,-3.0,0.008928571827709675,0.030530231073498726,0.031687911599874496,0.030538147315382957,0.031425029039382935,"{""critic_optimizer_updates"": 2073, ""actor_optimizer_updates_0"": 73, ""actor_optimizer_updates_1"": 73, ""actor_optimizer_steps_total"": 146, ""alpha_optimizer_updates"": 73}",-2.7364985942840576,1.4037126302719116,0.6589823365211487,2.5622806549072266,0.9050227403640747
C_no_Q_actor_gradient,74,0.02782415598630905,0.028170641511678696,"[0.02119116112589836, 0.00236766436137259, 0.08217407017946243, 0.0050051165744662285, 0.011169897392392159, -0.046750523149967194, 0.41619211435317993]","[0.053026363253593445, 0.08447471261024475, 0.10558020323514938, 0.02369323931634426, 0.02741575427353382, 0.1498631238937378, 0.4887504279613495]",0.049787066876888275,-3.0,-3.0,0.006138393189758062,0.02972247824072838,0.029932517558336258,"[0.01966918259859085, 0.0026343544013798237, 0.06894484907388687, -0.005266363732516766, -0.0003880776930600405, -0.03939660266041756, 0.41957905888557434]","[0.05412208288908005, 0.08242413401603699, 0.11416533589363098, 0.019139166921377182, 0.021003838628530502, 0.14634869992733002, 0.5036274194717407]",0.049787066876888275,-3.0,-3.0,0.0078125,0.030074626207351685,0.031226299703121185,0.030623726546764374,0.03150970861315727,"{""critic_optimizer_updates"": 2074, ""actor_optimizer_updates_0"": 74, ""actor_optimizer_updates_1"": 74, ""actor_optimizer_steps_total"": 148, ""alpha_optimizer_updates"": 74}",-2.8522863388061523,1.410908579826355,0.6604370474815369,2.58256196975708,0.9065208435058594
C_no_Q_actor_gradient,75,0.027250099927186966,0.02759275957942009,"[0.01880108192563057, 0.0008109305053949356, 0.08173179626464844, 0.0020429687574505806, 0.011079811491072178, -0.04841000586748123, 0.41799813508987427]","[0.053966376930475235, 0.08458293974399567, 0.105530746281147, 0.02345053292810917, 0.02771463431417942, 0.15017814934253693, 0.49104374647140503]",0.049787066876888275,-3.0,-3.0,0.006138393189758062,0.029628878459334373,0.02983570285141468,"[0.020887861028313637, -0.0014155881945043802, 0.07153207063674927, -0.004853035788983107, 0.00039868729072622955, -0.03975829482078552, 0.4214782118797302]","[0.05429033562541008, 0.08227090537548065, 0.11307205259799957, 0.018977418541908264, 0.020732810720801353, 0.14672529697418213, 0.5013992786407471]",0.049787066876888275,-3.0,-3.0,0.0078125,0.02953551709651947,0.030679332092404366,0.030525049194693565,0.03140830993652344,"{""critic_optimizer_updates"": 2075, ""actor_optimizer_updates_0"": 75, ""actor_optimizer_updates_1"": 75, ""actor_optimizer_steps_total"": 150, ""alpha_optimizer_updates"": 75}",-2.862306594848633,1.4005897045135498,0.6598104238510132,2.5630173683166504,0.9044709801673889
C_no_Q_actor_gradient,76,0.026574017480015755,0.026914479210972786,"[0.01786443218588829, -0.00027322093956172466, 0.08056586235761642, -0.0008482609991915524, 0.009990602731704712, -0.05077264457941055, 0.4209643304347992]","[0.05474020913243294, 0.08473806083202362, 0.10545308142900467, 0.023302413523197174, 0.027896491810679436, 0.1505434215068817, 0.49337759613990784]",0.049787066876888275,-3.0,-3.0,0.006138393189758062,0.029439210891723633,0.029639333486557007,"[0.02290310710668564, -0.005123400129377842, 0.07465359568595886, -0.004768591374158859, 0.0028489402029663324, -0.04027363657951355, 0.4238746762275696]","[0.054392244666814804, 0.08224313706159592, 0.1120721623301506, 0.018868057057261467, 0.020472120493650436, 0.1470654010772705, 0.49949783086776733]",0.049787066876888275,-3.0,-3.0,0.0078125,0.028909888118505478,0.03004632331430912,0.030339118093252182,0.031218061223626137,"{""critic_optimizer_updates"": 2076, ""actor_optimizer_updates_0"": 76, ""actor_optimizer_updates_1"": 76, ""actor_optimizer_steps_total"": 152, ""alpha_optimizer_updates"": 76}",-2.79789400100708,1.3798401355743408,0.6615995168685913,2.5297141075134277,0.903113842010498
C_no_Q_actor_gradient,77,0.025888461619615555,0.026226889342069626,"[0.017360426485538483, -0.0007023531943559647, 0.07955528795719147, -0.003264680039137602, 0.0089486762881279, -0.05330223590135574, 0.4237403869628906]","[0.055537302047014236, 0.08494170010089874, 0.10513967275619507, 0.02325170300900936, 0.028103122487664223, 0.1510484367609024, 0.4959665536880493]",0.049787066876888275,-3.0,-3.0,0.005580357275903225,0.029245182871818542,0.02943936549127102,"[0.02544650435447693, -0.007937868125736713, 0.07733756303787231, -0.004521512892097235, 0.004920771345496178, -0.04144205152988434, 0.42552271485328674]","[0.054280735552310944, 0.08229364454746246, 0.1108749508857727, 0.018760567530989647, 0.020116426050662994, 0.14730139076709747, 0.49800795316696167]",0.049787066876888275,-3.0,-3.0,0.00725446455180645,0.028261393308639526,0.029392089694738388,0.030125346034765244,0.031000785529613495,"{""critic_optimizer_updates"": 2077, ""actor_optimizer_updates_0"": 77, ""actor_optimizer_updates_1"": 77, ""actor_optimizer_steps_total"": 154, ""alpha_optimizer_updates"": 77}",-2.7154958248138428,1.3520451784133911,0.6641258001327515,2.4830055236816406,0.9016571640968323
C_no_Q_actor_gradient,78,0.02519277296960354,0.02553236298263073,"[0.01901562698185444, -0.0006358090322464705, 0.07780374586582184, -0.004691611975431442, 0.0074286190792918205, -0.055519524961709976, 0.42566657066345215]","[0.05593835189938545, 0.08522115647792816, 0.10515407472848892, 0.02327178791165352, 0.028221605345606804, 0.15159542858600616, 0.4991324245929718]",0.049787066876888275,-3.0,-3.0,0.005022321827709675,0.028908122330904007,0.029097214341163635,"[0.02817097306251526, -0.008451209403574467, 0.07931600511074066, -0.0034026755020022392, 0.006606808863580227, -0.04348278045654297, 0.4275577664375305]","[0.05435742437839508, 0.08241488039493561, 0.10964051634073257, 0.018635665997862816, 0.019819509238004684, 0.14756295084953308, 0.4973026216030121]",0.049787066876888275,-3.0,-3.0,0.00725446455180645,0.02757612057030201,0.02870616875588894,0.02975417859852314,0.030626583844423294,"{""critic_optimizer_updates"": 2078, ""actor_optimizer_updates_0"": 78, ""actor_optimizer_updates_1"": 78, ""actor_optimizer_steps_total"": 156, ""alpha_optimizer_updates"": 78}",-2.690927028656006,1.3387024402618408,0.6678204536437988,2.462846517562866,0.8987476825714111
C_no_Q_actor_gradient,79,0.024482736364006996,0.02482578344643116,"[0.02074100449681282, 0.0009792317869141698, 0.07556053251028061, -0.0058308811858296394, 0.005929538980126381, -0.05716851353645325, 0.42742931842803955]","[0.056361064314842224, 0.08550113439559937, 0.10523132979869843, 0.023325646296143532, 0.02839701808989048, 0.15229728817939758, 0.5026883482933044]",0.049787066876888275,-3.0,-3.0,0.005022321827709675,0.028574123978614807,0.028758157044649124,"[0.030285969376564026, -0.00679794792085886, 0.08084607124328613, -0.0016985535621643066, 0.008471415378153324, -0.04686081036925316, 0.4278131425380707]","[0.054416410624980927, 0.08256884664297104, 0.10809510201215744, 0.018507719039916992, 0.019583268091082573, 0.14784076809883118, 0.49740904569625854]",0.049787066876888275,-3.0,-3.0,0.0066964291036129,0.026880936697125435,0.028012337163090706,0.029355380684137344,0.030224286019802094,"{""critic_optimizer_updates"": 2079, ""actor_optimizer_updates_0"": 79, ""actor_optimizer_updates_1"": 79, ""actor_optimizer_steps_total"": 158, ""alpha_optimizer_updates"": 79}",-2.7268214225769043,1.3446406126022339,0.6677103042602539,2.4706358909606934,0.8991260528564453
C_no_Q_actor_gradient,80,0.023856336250901222,0.024204067885875702,"[0.02260686084628105, 0.002982171019539237, 0.07330979406833649, -0.006369223818182945, 0.004334310069680214, -0.058253295719623566, 0.42862701416015625]","[0.0567404106259346, 0.08585979789495468, 0.10518474876880646, 0.023346448317170143, 0.028559334576129913, 0.1529659926891327, 0.5060368180274963]",0.049787066876888275,-3.0,-3.0,0.005022321827709675,0.028177129104733467,0.028356315568089485,"[0.03235432133078575, -0.004405366722494364, 0.08151360601186752, -0.0003879065625369549, 0.009796053171157837, -0.050542257726192474, 0.4277183413505554]","[0.0545029453933239, 0.08279971033334732, 0.10658479481935501, 0.018432550132274628, 0.0194509606808424, 0.14813947677612305, 0.49828171730041504]",0.049787066876888275,-3.0,-3.0,0.006138393189758062,0.026275090873241425,0.02740827575325966,0.028905972838401794,0.02977122738957405,"{""critic_optimizer_updates"": 2080, ""actor_optimizer_updates_0"": 80, ""actor_optimizer_updates_1"": 80, ""actor_optimizer_steps_total"": 160, ""alpha_optimizer_updates"": 80}",-2.7911972999572754,1.3523550033569336,0.6684085130691528,2.490902900695801,0.9014104604721069
C_no_Q_actor_gradient,81,0.023346450179815292,0.023697609081864357,"[0.02482633665204048, 0.004551182966679335, 0.07185882329940796, -0.005586074665188789, 0.002769824815914035, -0.058165453374385834, 0.42781519889831543]","[0.05686182528734207, 0.08631722629070282, 0.10528334230184555, 0.02344648540019989, 0.02883441373705864, 0.15377624332904816, 0.5096672773361206]",0.049787066876888275,-3.0,-3.0,0.005022321827709675,0.0278150774538517,0.027990754693746567,"[0.03329712897539139, -0.001026201993227005, 0.08061585575342178, 0.00019384955521672964, 0.010317457839846611, -0.0546073392033577, 0.42577701807022095]","[0.05462818220257759, 0.08308123797178268, 0.10557828098535538, 0.01832224428653717, 0.01935083419084549, 0.14861950278282166, 0.4999144375324249]",0.049787066876888275,-3.0,-3.0,0.006138393189758062,0.02577204443514347,0.026909666135907173,0.02848948910832405,0.029353206977248192,"{""critic_optimizer_updates"": 2081, ""actor_optimizer_updates_0"": 81, ""actor_optimizer_updates_1"": 81, ""actor_optimizer_steps_total"": 162, ""alpha_optimizer_updates"": 81}",-2.8000264167785645,1.3534605503082275,0.6693885922431946,2.491982936859131,0.9005531668663025
C_no_Q_actor_gradient,82,0.022856108844280243,0.023209314793348312,"[0.026097150519490242, 0.006259968504309654, 0.07185673713684082, -0.004211743827909231, 0.0024769569281488657, -0.05604659393429756, 0.4281151294708252]","[0.05714745074510574, 0.08669504523277283, 0.10502331703901291, 0.023542091250419617, 0.029135599732398987, 0.1543445587158203, 0.5126086473464966]",0.049787066876888275,-3.0,-3.0,0.005022321827709675,0.027459699660539627,0.02763472869992256,"[0.034041255712509155, 0.0011119988048449159, 0.0771438330411911, -0.0003953137784264982, 0.01001479011029005, -0.057743772864341736, 0.4242316782474518]","[0.05449686944484711, 0.08336933702230453, 0.10550364851951599, 0.0180495735257864, 0.019238876178860664, 0.14885900914669037, 0.5015177726745605]",0.049787066876888275,-3.0,-3.0,0.006138393189758062,0.025302451103925705,0.026442470028996468,0.028093555942177773,0.02895895577967167,"{""critic_optimizer_updates"": 2082, ""actor_optimizer_updates_0"": 82, ""actor_optimizer_updates_1"": 82, ""actor_optimizer_steps_total"": 164, ""alpha_optimizer_updates"": 82}",-2.7810189723968506,1.3410121202468872,0.6739475727081299,2.478109836578369,0.8996855020523071
C_no_Q_actor_gradient,83,0.02246309630572796,0.02281809411942959,"[0.02719433791935444, 0.007230729795992374, 0.07166174799203873, -0.0027468048501759768, 0.002315172925591469, -0.05337278172373772, 0.42763960361480713]","[0.05735563114285469, 0.08700764179229736, 0.10483722388744354, 0.023544449359178543, 0.029403945431113243, 0.15470343828201294, 0.5152539014816284]",0.049787066876888275,-3.0,-3.0,0.005022321827709675,0.02712031826376915,0.027296368032693863,"[0.03447474166750908, 0.003295458387583494, 0.07315976172685623, -0.00045123641029931605, 0.009439423680305481, -0.060187630355358124, 0.4227842390537262]","[0.05420144274830818, 0.08361086994409561, 0.105426125228405, 0.017856648191809654, 0.019144000485539436, 0.14894382655620575, 0.5030860304832458]",0.049787066876888275,-3.0,-3.0,0.005580357275903225,0.024928422644734383,0.02607044205069542,0.027723491191864014,0.028592118993401527,"{""critic_optimizer_updates"": 2083, ""actor_optimizer_updates_0"": 83, ""actor_optimizer_updates_1"": 83, ""actor_optimizer_steps_total"": 166, ""alpha_optimizer_updates"": 83}",-2.730384588241577,1.3309723138809204,0.6794911623001099,2.467313289642334,0.8980295658111572
C_no_Q_actor_gradient,84,0.022098248824477196,0.02245382033288479,"[0.02775007300078869, 0.008030295372009277, 0.07198182493448257, -0.0013398947194218636, 0.002752549946308136, -0.050353579223155975, 0.4274057149887085]","[0.057668060064315796, 0.08729501813650131, 0.10463127493858337, 0.02353810891509056, 0.029649805277585983, 0.15494884550571442, 0.517585277557373]",0.049787066876888275,-3.0,-3.0,0.005022321827709675,0.02680453099310398,0.02698471210896969,"[0.03397263586521149, 0.004576422274112701, 0.06803776323795319, -0.000754646840505302, 0.0078115384094417095, -0.06209258735179901, 0.421173095703125]","[0.053899966180324554, 0.08387797325849533, 0.10554616153240204, 0.01764560490846634, 0.019096849486231804, 0.14900420606136322, 0.504783034324646]",0.049787066876888275,-3.0,-3.0,0.005580357275903225,0.02456580474972725,0.02570929564535618,0.027348944917321205,0.02822335809469223,"{""critic_optimizer_updates"": 2084, ""actor_optimizer_updates_0"": 84, ""actor_optimizer_updates_1"": 84, ""actor_optimizer_steps_total"": 168, ""alpha_optimizer_updates"": 84}",-2.703268051147461,1.3303625583648682,0.6767563819885254,2.4651105403900146,0.8997548818588257
C_no_Q_actor_gradient,85,0.021778281778097153,0.02213241718709469,"[0.028099490329623222, 0.00893118791282177, 0.07312436401844025, -1.919805072247982e-06, 0.003566882573068142, -0.047760605812072754, 0.42738407850265503]","[0.058047644793987274, 0.08764637261629105, 0.10386796295642853, 0.02340693026781082, 0.02985646203160286, 0.15533696115016937, 0.519397497177124]",0.049787066876888275,-3.0,-3.0,0.005022321827709675,0.026383958756923676,0.026568390429019928,"[0.033801183104515076, 0.00529040303081274, 0.06346867978572845, -0.00111673423089087, 0.006653164979070425, -0.06307145953178406, 0.42112717032432556]","[0.05346054583787918, 0.08431069552898407, 0.10578124970197678, 0.017437536269426346, 0.019068149849772453, 0.14906752109527588, 0.5064018964767456]",0.049787066876888275,-3.0,-3.0,0.005580357275903225,0.024253057315945625,0.025395411998033524,0.02687833458185196,0.027759501710534096,"{""critic_optimizer_updates"": 2085, ""actor_optimizer_updates_0"": 85, ""actor_optimizer_updates_1"": 85, ""actor_optimizer_steps_total"": 170, ""alpha_optimizer_updates"": 85}",-2.7020888328552246,1.3383519649505615,0.67583167552948,2.476814031600952,0.902175784111023
C_no_Q_actor_gradient,86,0.02155929245054722,0.02191484533250332,"[0.028831996023654938, 0.010008743032813072, 0.07304441928863525, 0.0018088207580149174, 0.004053344484418631, -0.045196905732154846, 0.42694851756095886]","[0.058100271970033646, 0.08791765570640564, 0.10357282310724258, 0.023322029039263725, 0.029902655631303787, 0.15546052157878876, 0.5207719802856445]",0.049787066876888275,-3.0,-3.0,0.005022321827709675,0.02602572552859783,0.0262108463793993,"[0.033550865948200226, 0.00593102490529418, 0.06019410490989685, -6.1807717429474e-05, 0.008343086577951908, -0.06089087948203087, 0.4218258261680603]","[0.052780501544475555, 0.08482123166322708, 0.10717436671257019, 0.017306579276919365, 0.019314885139465332, 0.14908751845359802, 0.5071518421173096]",0.049787066876888275,-3.0,-3.0,0.004464285913854837,0.024037910625338554,0.025182029232382774,0.026495732367038727,0.02738109789788723,"{""critic_optimizer_updates"": 2086, ""actor_optimizer_updates_0"": 86, ""actor_optimizer_updates_1"": 86, ""actor_optimizer_steps_total"": 172, ""alpha_optimizer_updates"": 86}",-2.757809638977051,1.3546676635742188,0.6750448346138,2.5132875442504883,0.9063961505889893
C_no_Q_actor_gradient,87,0.02140669897198677,0.021761469542980194,"[0.02893175557255745, 0.010062148794531822, 0.0732421725988388, 0.0036070647183805704, 0.004358154721558094, -0.043101608753204346, 0.4265270233154297]","[0.05817756801843643, 0.08815129101276398, 0.10287981480360031, 0.02310975268483162, 0.029811210930347443, 0.1553865373134613, 0.5214918851852417]",0.049787066876888275,-3.0,-3.0,0.005022321827709675,0.02562599442899227,0.025811849161982536,"[0.03320874273777008, 0.006202276796102524, 0.05772226303815842, 0.0010769154177978635, 0.009751378558576107, -0.05873562768101692, 0.4230100214481354]","[0.05211782455444336, 0.08533647656440735, 0.10818255692720413, 0.01728156954050064, 0.019581202417612076, 0.14905720949172974, 0.5079787969589233]",0.049787066876888275,-3.0,-3.0,0.004464285913854837,0.023899530991911888,0.02504170499742031,0.026088835671544075,0.02697824314236641,"{""critic_optimizer_updates"": 2087, ""actor_optimizer_updates_0"": 87, ""actor_optimizer_updates_1"": 87, ""actor_optimizer_steps_total"": 174, ""alpha_optimizer_updates"": 87}",-2.830359935760498,1.3667243719100952,0.6797125339508057,2.536587715148926,0.9080480337142944
C_no_Q_actor_gradient,88,0.02129390463232994,0.021647965535521507,"[0.028834864497184753, 0.009478949010372162, 0.0729997530579567, 0.00507479440420866, 0.005086330231279135, -0.041809774935245514, 0.4254515767097473]","[0.058278605341911316, 0.08840496093034744, 0.10224752128124237, 0.02283918857574463, 0.029722021892666817, 0.1551169604063034, 0.5223291516304016]",0.049787066876888275,-3.0,-3.0,0.005022321827709675,0.025305571034550667,0.025491511449217796,"[0.03303644061088562, 0.006425981875509024, 0.05603055655956268, 0.0023169538471847773, 0.011550098657608032, -0.058016546070575714, 0.4234967529773712]","[0.051590315997600555, 0.08584904670715332, 0.10884315520524979, 0.01728920266032219, 0.01980396918952465, 0.14894725382328033, 0.5085875988006592]",0.049787066876888275,-3.0,-3.0,0.004464285913854837,0.023794574663043022,0.024935735389590263,0.025782717391848564,0.026675114408135414,"{""critic_optimizer_updates"": 2088, ""actor_optimizer_updates_0"": 88, ""actor_optimizer_updates_1"": 88, ""actor_optimizer_steps_total"": 176, ""alpha_optimizer_updates"": 88}",-2.862717628479004,1.3678417205810547,0.6863734126091003,2.5502538681030273,0.9089066386222839
C_no_Q_actor_gradient,89,0.021258654072880745,0.021614523604512215,"[0.030847037211060524, 0.01023624837398529, 0.07331662625074387, 0.005472914781421423, 0.007269293535500765, -0.04217003285884857, 0.4235217273235321]","[0.058046068996191025, 0.08857991546392441, 0.10186812281608582, 0.022422706708312035, 0.029614636674523354, 0.15469995141029358, 0.5228908061981201]",0.049787066876888275,-3.0,-3.0,0.005022321827709675,0.024952644482254982,0.02513960562646389,"[0.03150796890258789, 0.0073831770569086075, 0.05596474930644035, 0.0027446597814559937, 0.011855002492666245, -0.05847487598657608, 0.4249691665172577]","[0.051316648721694946, 0.08616653829813004, 0.10911215841770172, 0.01727311685681343, 0.019708458334207535, 0.14908674359321594, 0.5088657140731812]",0.049787066876888275,-3.0,-3.0,0.004464285913854837,0.02374107390642166,0.02488333359360695,0.025444649159908295,0.02633964829146862,"{""critic_optimizer_updates"": 2089, ""actor_optimizer_updates_0"": 89, ""actor_optimizer_updates_1"": 89, ""actor_optimizer_steps_total"": 178, ""alpha_optimizer_updates"": 89}",-2.88096284866333,1.3609743118286133,0.6924489736557007,2.5479319095611572,0.9080268740653992
C_no_Q_actor_gradient,90,0.021232379600405693,0.02159021981060505,"[0.03252025693655014, 0.010190367698669434, 0.07327795028686523, 0.0058877794072031975, 0.008948937058448792, -0.042219772934913635, 0.42248082160949707]","[0.05781577527523041, 0.08868946880102158, 0.10162360221147537, 0.021993225440382957, 0.029369879513978958, 0.15382592380046844, 0.5228189826011658]",0.049787066876888275,-3.0,-3.0,0.005022321827709675,0.024543946608901024,0.024733206257224083,"[0.029792839661240578, 0.007822937332093716, 0.05722423270344734, 0.003000637050718069, 0.011229295283555984, -0.05862940847873688, 0.4267590343952179]","[0.05111469328403473, 0.08630440384149551, 0.10923674702644348, 0.017246052622795105, 0.019465778023004532, 0.14915017783641815, 0.509452760219574]",0.049787066876888275,-3.0,-3.0,0.004464285913854837,0.023689430207014084,0.024831317365169525,0.0250324085354805,0.02593044750392437,"{""critic_optimizer_updates"": 2090, ""actor_optimizer_updates_0"": 90, ""actor_optimizer_updates_1"": 90, ""actor_optimizer_steps_total"": 180, ""alpha_optimizer_updates"": 90}",-2.834873676300049,1.3445662260055542,0.6968919634819031,2.5317163467407227,0.9072687029838562
C_no_Q_actor_gradient,91,0.02118312381207943,0.021544747054576874,"[0.03418370336294174, 0.009475749917328358, 0.07182535529136658, 0.006040571257472038, 0.009454276412725449, -0.04199323058128357, 0.42257606983184814]","[0.05734303221106529, 0.0886911004781723, 0.10201758146286011, 0.02154729701578617, 0.028777634724974632, 0.1526157706975937, 0.522257387638092]",0.049787066876888275,-3.0,-3.0,0.005022321827709675,0.024117548018693924,0.024309253320097923,"[0.028164206072688103, 0.008011612109839916, 0.059262946248054504, 0.0026023013051599264, 0.009880074299871922, -0.05842439830303192, 0.42883768677711487]","[0.050924744457006454, 0.08636759966611862, 0.10946892201900482, 0.01717180572450161, 0.019156452268362045, 0.1492263227701187, 0.5100916624069214]",0.049787066876888275,-3.0,-3.0,0.004464285913854837,0.023617634549736977,0.02475997433066368,0.02460889331996441,0.02551000937819481,"{""critic_optimizer_updates"": 2091, ""actor_optimizer_updates_0"": 91, ""actor_optimizer_updates_1"": 91, ""actor_optimizer_steps_total"": 182, ""alpha_optimizer_updates"": 91}",-2.7797508239746094,1.3382437229156494,0.6981798410415649,2.5210537910461426,0.9071208834648132
C_no_Q_actor_gradient,92,0.021157821640372276,0.021520446985960007,"[0.034385740756988525, 0.008112538605928421, 0.07069747149944305, 0.006338847801089287, 0.009318646043539047, -0.04250311851501465, 0.4226209223270416]","[0.0572202131152153, 0.08868377655744553, 0.10242465883493423, 0.02123391069471836, 0.02808711864054203, 0.15158161520957947, 0.5214250087738037]",0.049787066876888275,-3.0,-3.0,0.005022321827709675,0.02363399788737297,0.023828227072954178,"[0.027049358934164047, 0.007448194082826376, 0.062055934220552444, 0.0024140323512256145, 0.007969513535499573, -0.05816333368420601, 0.4317023754119873]","[0.050759781152009964, 0.08637671917676926, 0.1098010316491127, 0.01711641438305378, 0.018845608457922935, 0.14934730529785156, 0.5108372569084167]",0.049787066876888275,-3.0,-3.0,0.004464285913854837,0.023564117029309273,0.0247044675052166,0.024139486253261566,0.02504340559244156,"{""critic_optimizer_updates"": 2092, ""actor_optimizer_updates_0"": 92, ""actor_optimizer_updates_1"": 92, ""actor_optimizer_steps_total"": 184, ""alpha_optimizer_updates"": 92}",-2.727307081222534,1.3368382453918457,0.6952510476112366,2.5163683891296387,0.9086334109306335
C_no_Q_actor_gradient,93,0.021152876317501068,0.021516183391213417,"[0.03453627973794937, 0.006646900903433561, 0.06940937042236328, 0.00718968641012907, 0.00813918188214302, -0.04316452518105507, 0.423134982585907]","[0.05697322636842728, 0.08861134946346283, 0.10318709909915924, 0.02101384662091732, 0.02723873220384121, 0.15056298673152924, 0.5201166272163391]",0.049787066876888275,-3.0,-3.0,0.005022321827709675,0.023136846721172333,0.02333398535847664,"[0.02519815042614937, 0.007535499986261129, 0.06494928896427155, 0.0021986672654747963, 0.0061862049624323845, -0.05695921927690506, 0.4354362487792969]","[0.05086321011185646, 0.08620744943618774, 0.11006379872560501, 0.017066314816474915, 0.01856008544564247, 0.14943502843379974, 0.5114040374755859]",0.049787066876888275,-3.0,-3.0,0.00390625,0.02352651208639145,0.024665016680955887,0.02365388721227646,0.024560358375310898,"{""critic_optimizer_updates"": 2093, ""actor_optimizer_updates_0"": 93, ""actor_optimizer_updates_1"": 93, ""actor_optimizer_steps_total"": 186, ""alpha_optimizer_updates"": 93}",-2.70833158493042,1.3375787734985352,0.694011926651001,2.5197761058807373,0.9081236720085144
C_no_Q_actor_gradient,94,0.021179063245654106,0.021540869027376175,"[0.03407798707485199, 0.0038394518196582794, 0.06813831627368927, 0.008433169685304165, 0.006354428827762604, -0.04392031580209732, 0.42336714267730713]","[0.05674406513571739, 0.08853570371866226, 0.10377198457717896, 0.020975256338715553, 0.026441823691129684, 0.1497042179107666, 0.5187351107597351]",0.049787066876888275,-3.0,-3.0,0.005022321827709675,0.022663407027721405,0.022862350568175316,"[0.024773161858320236, 0.0065613361075520515, 0.06892744451761246, 0.0018403390422463417, 0.004148731008172035, -0.05492111295461655, 0.4388653039932251]","[0.05085727944970131, 0.08598054200410843, 0.11004506796598434, 0.01707453839480877, 0.018328102305531502, 0.1495492309331894, 0.512010395526886]",0.049787066876888275,-3.0,-3.0,0.00334821455180645,0.023502113297581673,0.02463635429739952,0.023193148896098137,0.02410060539841652,"{""critic_optimizer_updates"": 2094, ""actor_optimizer_updates_0"": 94, ""actor_optimizer_updates_1"": 94, ""actor_optimizer_steps_total"": 188, ""alpha_optimizer_updates"": 94}",-2.7214739322662354,1.3294428586959839,0.6947356462478638,2.518005847930908,0.9095038175582886
C_no_Q_actor_gradient,95,0.021256098523736,0.021611681208014488,"[0.03272382169961929, 0.0005078277317807078, 0.06867314130067825, 0.00946899875998497, 0.004458853974938393, -0.045257698744535446, 0.422966867685318]","[0.056626785546541214, 0.08861054480075836, 0.10362017899751663, 0.02090134099125862, 0.02574857883155346, 0.14906182885169983, 0.5173065066337585]",0.049787066876888275,-3.0,-3.0,0.005022321827709675,0.02231089025735855,0.022510481998324394,"[0.02466120570898056, 0.006053409539163113, 0.07148104161024094, 0.001670620171353221, 0.002846713177859783, -0.052704617381095886, 0.44145774841308594]","[0.05087292194366455, 0.0857311263680458, 0.1100768893957138, 0.017173834145069122, 0.018299877643585205, 0.14976340532302856, 0.5122780203819275]",0.049787066876888275,-3.0,-3.0,0.00334821455180645,0.02352207526564598,0.024649081751704216,0.02286263182759285,0.023769907653331757,"{""critic_optimizer_updates"": 2095, ""actor_optimizer_updates_0"": 95, ""actor_optimizer_updates_1"": 95, ""actor_optimizer_steps_total"": 190, ""alpha_optimizer_updates"": 95}",-2.758429527282715,1.3216841220855713,0.6985333561897278,2.520878553390503,0.9100866317749023
C_no_Q_actor_gradient,96,0.021360939368605614,0.021710706874728203,"[0.0310925655066967, -0.00277642160654068, 0.0692237913608551, 0.009961159899830818, 0.0027691058348864317, -0.04676159471273422, 0.4218671917915344]","[0.0566716305911541, 0.08872418105602264, 0.10366246104240417, 0.020834339782595634, 0.02515186183154583, 0.1484767198562622, 0.5160791873931885]",0.049787066876888275,-3.0,-3.0,0.00390625,0.022112157195806503,0.02231178805232048,"[0.025096725672483444, 0.004857385531067848, 0.0719931572675705, 0.0007453713333234191, 0.0020865185651928186, -0.05006294324994087, 0.44219106435775757]","[0.05092325806617737, 0.08540328592061996, 0.11023326963186264, 0.017263812944293022, 0.018372761085629463, 0.14987844228744507, 0.5123539566993713]",0.049787066876888275,-3.0,-3.0,0.00334821455180645,0.023578520864248276,0.02469874545931816,0.022702656686306,0.023609481751918793,"{""critic_optimizer_updates"": 2096, ""actor_optimizer_updates_0"": 96, ""actor_optimizer_updates_1"": 96, ""actor_optimizer_steps_total"": 192, ""alpha_optimizer_updates"": 96}",-2.774062156677246,1.3079159259796143,0.7038346529006958,2.5108087062835693,0.9091824293136597
C_no_Q_actor_gradient,97,0.021428752690553665,0.021770484745502472,"[0.028492238372564316, -0.006125049665570259, 0.07114081084728241, 0.00967220775783062, 0.001081273308955133, -0.0477076880633831, 0.4213992655277252]","[0.05686338618397713, 0.08874491602182388, 0.10348544269800186, 0.020758282393217087, 0.02455974370241165, 0.14784003794193268, 0.5147991180419922]",0.049787066876888275,-3.0,-3.0,0.00390625,0.02186431735754013,0.022063644602894783,"[0.02587941661477089, 0.0030657451134175062, 0.07227425277233124, 3.1416857382282615e-05, 0.0020591893699020147, -0.04806943237781525, 0.4436929225921631]","[0.050957661122083664, 0.08500595390796661, 0.11039303243160248, 0.017467522993683815, 0.018443923443555832, 0.14987953007221222, 0.5124099254608154]",0.049787066876888275,-3.0,-3.0,0.00334821455180645,0.02360648848116398,0.024716876447200775,0.022503692656755447,0.02340978942811489,"{""critic_optimizer_updates"": 2097, ""actor_optimizer_updates_0"": 97, ""actor_optimizer_updates_1"": 97, ""actor_optimizer_steps_total"": 194, ""alpha_optimizer_updates"": 97}",-2.791207790374756,1.2954416275024414,0.7036911845207214,2.5020885467529297,0.9087663292884827
C_no_Q_actor_gradient,98,0.021550599485635757,0.021886615082621574,"[0.02592519484460354, -0.008921204134821892, 0.0724259465932846, 0.009472829289734364, 3.8324506022036076e-05, -0.04827665537595749, 0.4208154082298279]","[0.05705733224749565, 0.08873847872018814, 0.10362549871206284, 0.02074245736002922, 0.02407471090555191, 0.146932914853096, 0.5131977200508118]",0.049787066876888275,-3.0,-3.0,0.00390625,0.021667953580617905,0.021865280345082283,"[0.026933949440717697, 0.0011028205044567585, 0.07319740951061249, -0.0006052262615412474, 0.002723440993577242, -0.04652475565671921, 0.44478386640548706]","[0.050910670310258865, 0.08456627279520035, 0.11015457659959793, 0.017689913511276245, 0.018545081838965416, 0.1497608870267868, 0.5123675465583801]",0.049787066876888275,-3.0,-3.0,0.00334821455180645,0.02367100678384304,0.024774571880698204,0.02235022373497486,0.023253511637449265,"{""critic_optimizer_updates"": 2098, ""actor_optimizer_updates_0"": 98, ""actor_optimizer_updates_1"": 98, ""actor_optimizer_steps_total"": 196, ""alpha_optimizer_updates"": 98}",-2.782806396484375,1.2842594385147095,0.7045212984085083,2.4865827560424805,0.9088148474693298
C_no_Q_actor_gradient,99,0.021687498316168785,0.022020813077688217,"[0.023461874574422836, -0.009605244733393192, 0.07330343127250671, 0.008465351536870003, -0.0008338704355992377, -0.04915560036897659, 0.4198669195175171]","[0.05729692056775093, 0.08876238018274307, 0.10385335236787796, 0.020619016140699387, 0.023676957935094833, 0.14615945518016815, 0.5116060972213745]",0.049787066876888275,-3.0,-3.0,0.00334821455180645,0.021534031257033348,0.021728666499257088,"[0.028036385774612427, -0.0004500781651586294, 0.07255908101797104, -0.0012265273835510015, 0.004184171557426453, -0.0446542426943779, 0.4452412724494934]","[0.05098328739404678, 0.08410283178091049, 0.11015833169221878, 0.01792861521244049, 0.018789805471897125, 0.14958786964416504, 0.5121834874153137]",0.049787066876888275,-3.0,-3.0,0.00334821455180645,0.023759694769978523,0.02485925704240799,0.022267019376158714,0.023167340084910393,"{""critic_optimizer_updates"": 2099, ""actor_optimizer_updates_0"": 99, ""actor_optimizer_updates_1"": 99, ""actor_optimizer_steps_total"": 198, ""alpha_optimizer_updates"": 99}",-2.775038242340088,1.2765815258026123,0.7051104307174683,2.477604389190674,0.9101601839065552
C_no_Q_actor_gradient,100,0.021792354062199593,0.022125737741589546,"[0.021701203659176826, -0.009144213981926441, 0.07371877133846283, 0.008298962377011776, -0.0008823181269690394, -0.048989273607730865, 0.4204077124595642]","[0.05749678984284401, 0.08864124119281769, 0.10399825125932693, 0.0207174364477396, 0.023336248472332954, 0.145149365067482, 0.5093187093734741]",0.049787066876888275,-3.0,-3.0,0.00334821455180645,0.021483147516846657,0.021674757823348045,"[0.029232274740934372, -0.0012043607421219349, 0.07143478840589523, -0.0014442638494074345, 0.006257813423871994, -0.04260623827576637, 0.4447688162326813]","[0.051029548048973083, 0.08356371521949768, 0.11026887595653534, 0.018276272341609, 0.019163303077220917, 0.1492210030555725, 0.5118317604064941]",0.049787066876888275,-3.0,-3.0,0.00334821455180645,0.02385234273970127,0.024948600679636,0.022273844107985497,0.02317131496965885,"{""critic_optimizer_updates"": 2100, ""actor_optimizer_updates_0"": 100, ""actor_optimizer_updates_1"": 100, ""actor_optimizer_steps_total"": 200, ""alpha_optimizer_updates"": 100}",-2.746166229248047,1.2753634452819824,0.70023512840271,2.460404872894287,0.911203145980835
D_no_BC,1,0.0032082314137369394,0.0033753011375665665,"[0.09269225597381592, 0.044633954763412476, 0.16765761375427246, 0.04716281220316887, 0.0415150411427021, 0.00378003204241395, 0.6638566851615906]","[0.08341547846794128, 0.13476990163326263, 0.1255864053964615, 0.02715647593140602, 0.02649117447435856, 0.2184721976518631, 0.748989999294281]",0.049787066876888275,-3.0,-3.0,0.1473214328289032,0.003572619054466486,0.0037467707879841328,"[-0.017822349444031715, 0.045089032500982285, 0.18539264798164368, -0.0675860047340393, -0.03342796489596367, -0.10337093472480774, 0.663979709148407]","[0.08112448453903198, 0.13104179501533508, 0.1321161985397339, 0.021370645612478256, 0.025796763598918915, 0.20402657985687256, 0.7489151954650879]",0.049787066876888275,-3.0,-3.0,0.1478794664144516,0.0028484619688242674,0.0037286628503352404,0.0035355729050934315,0.0038319299928843975,"{""critic_optimizer_updates"": 2001, ""actor_optimizer_updates_0"": 1, ""actor_optimizer_updates_1"": 1, ""actor_optimizer_steps_total"": 2, ""alpha_optimizer_updates"": 1}",-3.112229347229004,2.202852249145508,0.6280354261398315,3.7376794815063477,0.880581259727478
D_no_BC,2,0.012441184371709824,0.012562754563987255,"[0.15393826365470886, 0.08551529049873352, 0.24467718601226807, 0.08999969065189362, 0.0719480812549591, 0.0720033198595047, 0.6638476848602295]","[0.08097610622644424, 0.13915105164051056, 0.11274981498718262, 0.04234503209590912, 0.033608175814151764, 0.22872668504714966, 0.7489825487136841]",0.049787066876888275,-3.0,-3.0,0.1467633992433548,0.013759592548012733,0.013913619332015514,"[-0.06588764488697052, 0.0877114087343216, 0.2836085557937622, -0.13612091541290283, -0.06567800790071487, -0.1410742998123169, 0.6639847755432129]","[0.08559293299913406, 0.13480514287948608, 0.1243545338511467, 0.040323544293642044, 0.030927686020731926, 0.1997060477733612, 0.7488939762115479]",0.049787066876888275,-3.0,-3.0,0.1478794664144516,0.011109156534075737,0.011934516951441765,0.013622182421386242,0.013838725164532661,"{""critic_optimizer_updates"": 2002, ""actor_optimizer_updates_0"": 2, ""actor_optimizer_updates_1"": 2, ""actor_optimizer_steps_total"": 4, ""alpha_optimizer_updates"": 2}",-2.578634738922119,2.0894713401794434,0.6207149028778076,3.530726909637451,0.8815532922744751
D_no_BC,3,0.026964174583554268,0.027050556614995003,"[0.21354934573173523, 0.12567825615406036, 0.31637275218963623, 0.13034659624099731, 0.1004822850227356, 0.14004859328269958, 0.6638352274894714]","[0.08167549967765808, 0.14408829808235168, 0.10296209901571274, 0.056360647082328796, 0.041392430663108826, 0.23858405649662018, 0.7489723563194275]",0.049787066876888275,-3.0,-3.0,0.145647332072258,0.02968367002904415,0.029816927388310432,"[-0.11423640698194504, 0.13206134736537933, 0.37455034255981445, -0.20033739507198334, -0.0976773351430893, -0.17941606044769287, 0.6639890074729919]","[0.09208382666110992, 0.14001205563545227, 0.1176988035440445, 0.058396246284246445, 0.037169601768255234, 0.19616463780403137, 0.7488718032836914]",0.049787066876888275,-3.0,-3.0,0.1478794664144516,0.024164414033293724,0.024949567392468452,0.029396655037999153,0.029544075950980186,"{""critic_optimizer_updates"": 2003, ""actor_optimizer_updates_0"": 3, ""actor_optimizer_updates_1"": 3, ""actor_optimizer_steps_total"": 6, ""alpha_optimizer_updates"": 3}",-1.6368833780288696,1.8043913841247559,0.6137198209762573,3.0592901706695557,0.8767385482788086
D_no_BC,4,0.04577644169330597,0.045826323330402374,"[0.26970094442367554, 0.1646876484155655, 0.3859966993331909, 0.16736038029193878, 0.12741589546203613, 0.2026805281639099, 0.6638192534446716]","[0.08452536165714264, 0.14945088326931, 0.09692387282848358, 0.06930316239595413, 0.04963057488203049, 0.24697817862033844, 0.7489591836929321]",0.049787066876888275,-3.0,-3.0,0.1450892984867096,0.04966146871447563,0.04977606609463692,"[-0.16005244851112366, 0.1741274893283844, 0.4554123878479004, -0.26086217164993286, -0.12713617086410522, -0.21614906191825867, 0.6639969348907471]","[0.09993315488100052, 0.14572377502918243, 0.11193972080945969, 0.07457566261291504, 0.04310773313045502, 0.1936497539281845, 0.7488410472869873]",0.049787066876888275,-3.0,-3.0,0.1478794664144516,0.04121559113264084,0.04196620732545853,0.04927785322070122,0.0493679977953434,"{""critic_optimizer_updates"": 2004, ""actor_optimizer_updates_0"": 4, ""actor_optimizer_updates_1"": 4, ""actor_optimizer_steps_total"": 8, ""alpha_optimizer_updates"": 4}",-0.7439991235733032,1.5974547863006592,0.6064771413803101,2.688991069793701,0.8759067058563232
D_no_BC,5,0.0671120211482048,0.06713242828845978,"[0.32149606943130493, 0.1999233514070511, 0.4475765824317932, 0.20071829855442047, 0.1499430239200592, 0.26213538646698, 0.6637989282608032]","[0.08840607106685638, 0.15460556745529175, 0.09443424642086029, 0.0807851031422615, 0.057436972856521606, 0.25356000661849976, 0.7489417791366577]",0.049787066876888275,-3.0,-3.0,0.14453125,0.07209856808185577,0.07219934463500977,"[-0.20270802080631256, 0.2131652534008026, 0.5254218578338623, -0.3162672221660614, -0.1571238785982132, -0.25057440996170044, 0.6640036106109619]","[0.10792726278305054, 0.15172968804836273, 0.10682224482297897, 0.08811607956886292, 0.049849726259708405, 0.19221466779708862, 0.7488073706626892]",0.049787066876888275,-3.0,-3.0,0.1478794664144516,0.0607186034321785,0.06144591420888901,0.07173790037631989,0.0717763677239418,"{""critic_optimizer_updates"": 2005, ""actor_optimizer_updates_0"": 5, ""actor_optimizer_updates_1"": 5, ""actor_optimizer_steps_total"": 10, ""alpha_optimizer_updates"": 5}",-0.03373531252145767,1.4100635051727295,0.6045423746109009,2.3773021697998047,0.8762332797050476
D_no_BC,6,0.08943341672420502,0.08943738788366318,"[0.3687465786933899, 0.23144596815109253, 0.5006683468818665, 0.2300415337085724, 0.16676047444343567, 0.3174997866153717, 0.6637685298919678]","[0.0925125852227211, 0.1590351015329361, 0.09411703050136566, 0.0906672552227974, 0.06468310952186584, 0.25785163044929504, 0.7489203810691833]",0.049787066876888275,-3.0,-3.0,0.1434151828289032,0.0955115333199501,0.09560532867908478,"[-0.2419215738773346, 0.2501729726791382, 0.5838424563407898, -0.36664798855781555, -0.1877303123474121, -0.28137126564979553, 0.6640108823776245]","[0.11547990143299103, 0.1574331820011139, 0.10244617611169815, 0.09885115921497345, 0.05717318132519722, 0.19153454899787903, 0.7487672567367554]",0.049787066876888275,-3.0,-3.0,0.1478794664144516,0.08128200471401215,0.08200700581073761,0.09531362354755402,0.09531060606241226,"{""critic_optimizer_updates"": 2006, ""actor_optimizer_updates_0"": 6, ""actor_optimizer_updates_1"": 6, ""actor_optimizer_steps_total"": 12, ""alpha_optimizer_updates"": 6}",0.41469717025756836,1.2703126668930054,0.6070891618728638,2.138556480407715,0.8767715096473694
D_no_BC,7,0.11183706670999527,0.11183682084083557,"[0.4115248918533325, 0.2602677047252655, 0.547070324420929, 0.25573042035102844, 0.17898884415626526, 0.36756154894828796, 0.6637278199195862]","[0.09647451341152191, 0.16289186477661133, 0.09508612006902695, 0.09925086051225662, 0.07159610837697983, 0.2599620819091797, 0.7488934993743896]",0.049787066876888275,-3.0,-3.0,0.1428571492433548,0.11921972036361694,0.11930803209543228,"[-0.2780054211616516, 0.2846086025238037, 0.6327518224716187, -0.4125521779060364, -0.21904566884040833, -0.3097947835922241, 0.664016604423523]","[0.1221861019730568, 0.16261298954486847, 0.09872929751873016, 0.10703234374523163, 0.06469625979661942, 0.19116505980491638, 0.7487248182296753]",0.049787066876888275,-3.0,-3.0,0.1484375,0.10206205397844315,0.10280538350343704,0.11927708983421326,0.11924226582050323,"{""critic_optimizer_updates"": 2007, ""actor_optimizer_updates_0"": 7, ""actor_optimizer_updates_1"": 7, ""actor_optimizer_steps_total"": 14, ""alpha_optimizer_updates"": 7}",0.6065436601638794,1.1506626605987549,0.6138982772827148,1.9491020441055298,0.8781261444091797
D_no_BC,8,0.1334017664194107,0.1334095597267151,"[0.4497031569480896, 0.2863166332244873, 0.5863005518913269, 0.27782097458839417, 0.18900372087955475, 0.4124087989330292, 0.6636673212051392]","[0.09979749470949173, 0.16612035036087036, 0.0964893102645874, 0.10666339099407196, 0.07818910479545593, 0.2598894536495209, 0.7488600611686707]",0.049787066876888275,-3.0,-3.0,0.1428571492433548,0.14209026098251343,0.14217644929885864,"[-0.30961379408836365, 0.3155520558357239, 0.673375129699707, -0.45402422547340393, -0.24963928759098053, -0.33418792486190796, 0.66401606798172]","[0.12783724069595337, 0.16704624891281128, 0.09542284905910492, 0.11282702535390854, 0.07169687002897263, 0.19081948697566986, 0.7486832737922668]",0.049787066876888275,-3.0,-3.0,0.1489955484867096,0.12216053903102875,0.12295050919055939,0.14238935708999634,0.14232833683490753,"{""critic_optimizer_updates"": 2008, ""actor_optimizer_updates_0"": 8, ""actor_optimizer_updates_1"": 8, ""actor_optimizer_steps_total"": 16, ""alpha_optimizer_updates"": 8}",0.6586424112319946,1.0892834663391113,0.6237283945083618,1.8427146673202515,0.8826918601989746
D_no_BC,9,0.15370579063892365,0.1537317931652069,"[0.483925461769104, 0.309318870306015, 0.6191493272781372, 0.2966214418411255, 0.1972804069519043, 0.45293617248535156, 0.6635864973068237]","[0.10248731076717377, 0.1687052845954895, 0.09768974781036377, 0.11281934380531311, 0.0844130739569664, 0.25765684247016907, 0.7488184571266174]",0.049787066876888275,-3.0,-3.0,0.1434151828289032,0.1637941151857376,0.1638825386762619,"[-0.3378245234489441, 0.34338945150375366, 0.7069741487503052, -0.4915074110031128, -0.27902907133102417, -0.3553321063518524, 0.6640090942382812]","[0.13249871134757996, 0.17072176933288574, 0.09238649904727936, 0.11667008697986603, 0.07805369049310684, 0.19006669521331787, 0.748645007610321]",0.049787066876888275,-3.0,-3.0,0.1489955484867096,0.14115476608276367,0.14200319349765778,0.16426753997802734,0.16418687999248505,"{""critic_optimizer_updates"": 2009, ""actor_optimizer_updates_0"": 9, ""actor_optimizer_updates_1"": 9, ""actor_optimizer_steps_total"": 18, ""alpha_optimizer_updates"": 9}",0.5959638357162476,1.0431495904922485,0.6373790502548218,1.7580323219299316,0.8839215040206909
D_no_BC,10,0.1725059449672699,0.17255543172359467,"[0.5144033432006836, 0.32954245805740356, 0.6468274593353271, 0.312557578086853, 0.2034878134727478, 0.4894877076148987, 0.6634814739227295]","[0.10455700010061264, 0.17069397866725922, 0.09845494478940964, 0.1179407611489296, 0.09010037779808044, 0.253415048122406, 0.7487670183181763]",0.049787066876888275,-3.0,-3.0,0.1434151828289032,0.1840178370475769,0.1841108202934265,"[-0.36232155561447144, 0.36835187673568726, 0.7350261807441711, -0.5254409313201904, -0.30672815442085266, -0.37291738390922546, 0.6639938354492188]","[0.1362036168575287, 0.17379261553287506, 0.08941039443016052, 0.11888717859983444, 0.08363499492406845, 0.1889110505580902, 0.7486119270324707]",0.049787066876888275,-3.0,-3.0,0.149553582072258,0.15879252552986145,0.15971171855926514,0.1846233457326889,0.18452785909175873,"{""critic_optimizer_updates"": 2010, ""actor_optimizer_updates_0"": 10, ""actor_optimizer_updates_1"": 10, ""actor_optimizer_steps_total"": 20, ""alpha_optimizer_updates"": 10}",0.49916911125183105,1.0091419219970703,0.6473395824432373,1.6972076892852783,0.8857498168945312
D_no_BC,11,0.1897500604391098,0.18982639908790588,"[0.5415627956390381, 0.3475382328033447, 0.6702331304550171, 0.3259695768356323, 0.2082662433385849, 0.5221847891807556, 0.6633429527282715]","[0.10601664334535599, 0.17222283780574799, 0.09877455234527588, 0.12228766083717346, 0.09541816264390945, 0.24744869768619537, 0.7487022280693054]",0.049787066876888275,-3.0,-3.0,0.14453125,0.20279820263385773,0.20289698243141174,"[-0.3836345672607422, 0.3907023072242737, 0.758552610874176, -0.5562351942062378, -0.3328430950641632, -0.3880096673965454, 0.663970947265625]","[0.13913556933403015, 0.1763356775045395, 0.08646416664123535, 0.1198267862200737, 0.08849502354860306, 0.1874520480632782, 0.7485799193382263]",0.049787066876888275,-3.0,-3.0,0.1501116156578064,0.17504093050956726,0.17604060471057892,0.20353040099143982,0.20342467725276947,"{""critic_optimizer_updates"": 2011, ""actor_optimizer_updates_0"": 11, ""actor_optimizer_updates_1"": 11, ""actor_optimizer_steps_total"": 22, ""alpha_optimizer_updates"": 11}",0.4305131435394287,0.9763033390045166,0.6590884327888489,1.6413805484771729,0.8899178504943848
D_no_BC,12,0.20542143285274506,0.20552608370780945,"[0.5657989382743835, 0.3631935715675354, 0.6900930404663086, 0.3370044231414795, 0.21137584745883942, 0.5516695380210876, 0.663166344165802]","[0.10696598887443542, 0.1733393520116806, 0.09872527420520782, 0.12593123316764832, 0.10028040409088135, 0.23987507820129395, 0.7486221194267273]",0.049787066876888275,-3.0,-3.0,0.145647332072258,0.22007019817829132,0.22017508745193481,"[-0.40236368775367737, 0.4108319878578186, 0.7783904671669006, -0.5842176675796509, -0.35684388875961304, -0.40034249424934387, 0.6639399528503418]","[0.14147460460662842, 0.17833514511585236, 0.0835314616560936, 0.11977493762969971, 0.09257645159959793, 0.18578332662582397, 0.7485491633415222]",0.049787066876888275,-3.0,-3.0,0.1512276828289032,0.1899074763059616,0.19099317491054535,0.2209058254957199,0.22079384326934814,"{""critic_optimizer_updates"": 2012, ""actor_optimizer_updates_0"": 12, ""actor_optimizer_updates_1"": 12, ""actor_optimizer_steps_total"": 24, ""alpha_optimizer_updates"": 12}",0.43193143606185913,0.9393287301063538,0.6643982529640198,1.5842406749725342,0.8906536102294922
D_no_BC,13,0.21957767009735107,0.21971124410629272,"[0.5873810052871704, 0.3768090009689331, 0.7069472074508667, 0.3460158407688141, 0.21317058801651, 0.5782595872879028, 0.6629356145858765]","[0.10745466500520706, 0.17413102090358734, 0.09839977324008942, 0.12897813320159912, 0.10460944473743439, 0.23096837103366852, 0.7485203742980957]",0.049787066876888275,-3.0,-3.0,0.1450892984867096,0.23583590984344482,0.2359469085931778,"[-0.41854023933410645, 0.42875194549560547, 0.7952189445495605, -0.6096745729446411, -0.3788849413394928, -0.41036126017570496, 0.663895845413208]","[0.14331606030464172, 0.17987719178199768, 0.08066799491643906, 0.11892085522413254, 0.0959886834025383, 0.1839660108089447, 0.7485225796699524]",0.049787066876888275,-3.0,-3.0,0.15234375,0.20342999696731567,0.20460787415504456,0.23676511645317078,0.23664990067481995,"{""critic_optimizer_updates"": 2013, ""actor_optimizer_updates_0"": 13, ""actor_optimizer_updates_1"": 13, ""actor_optimizer_steps_total"": 26, ""alpha_optimizer_updates"": 13}",0.4884610176086426,0.9020675420761108,0.6702781915664673,1.5298911333084106,0.8904842138290405
D_no_BC,14,0.23226886987686157,0.2324308604001999,"[0.6065541505813599, 0.3885374069213867, 0.7212678790092468, 0.3531873822212219, 0.21390090882778168, 0.6020941734313965, 0.6626359224319458]","[0.10755588859319687, 0.17470699548721313, 0.09791763871908188, 0.13158757984638214, 0.10848045349121094, 0.2212570309638977, 0.7483903169631958]",0.049787066876888275,-3.0,-3.0,0.1450892984867096,0.2501336932182312,0.2502504885196686,"[-0.43238121271133423, 0.4450126886367798, 0.8095388412475586, -0.6328315734863281, -0.3989257216453552, -0.4180360436439514, 0.6638392210006714]","[0.14479118585586548, 0.1809796541929245, 0.07793861627578735, 0.11748649179935455, 0.09874279052019119, 0.1819826066493988, 0.7484962940216064]",0.049787066876888275,-3.0,-3.0,0.1545758992433548,0.21562093496322632,0.2168905884027481,0.2511597275733948,0.25104427337646484,"{""critic_optimizer_updates"": 2014, ""actor_optimizer_updates_0"": 14, ""actor_optimizer_updates_1"": 14, ""actor_optimizer_steps_total"": 28, ""alpha_optimizer_updates"": 14}",0.6002641916275024,0.8668066263198853,0.6713296175003052,1.4724395275115967,0.8892472982406616
D_no_BC,15,0.2436043620109558,0.243793785572052,"[0.6235682368278503, 0.39866238832473755, 0.7334275245666504, 0.358646035194397, 0.2132740616798401, 0.6236597299575806, 0.662257730960846]","[0.10739228129386902, 0.17508240044116974, 0.0973544716835022, 0.1337892860174179, 0.1120058223605156, 0.21082353591918945, 0.7482282519340515]",0.049787066876888275,-3.0,-3.0,0.1462053656578064,0.26318782567977905,0.2633109390735626,"[-0.4442419409751892, 0.4594338536262512, 0.8218063712120056, -0.6539220809936523, -0.4182036519050598, -0.4238946735858917, 0.6637728214263916]","[0.146013081073761, 0.18173936009407043, 0.07535116374492645, 0.11565051227807999, 0.1011308953166008, 0.17992030084133148, 0.74846351146698]",0.049787066876888275,-3.0,-3.0,0.1556919664144516,0.22657747566699982,0.2279379516839981,0.2643173635005951,0.26420527696609497,"{""critic_optimizer_updates"": 2015, ""actor_optimizer_updates_0"": 15, ""actor_optimizer_updates_1"": 15, ""actor_optimizer_steps_total"": 30, ""alpha_optimizer_updates"": 15}",0.7587881684303284,0.8343373537063599,0.6712986826896667,1.4136552810668945,0.8883039355278015
D_no_BC,16,0.25370073318481445,0.2539162039756775,"[0.6386630535125732, 0.40718016028404236, 0.7437402009963989, 0.3625914752483368, 0.21166452765464783, 0.6432675123214722, 0.661771297454834]","[0.10702003538608551, 0.17529742419719696, 0.09677157551050186, 0.13565346598625183, 0.11503257602453232, 0.19994503259658813, 0.7480238676071167]",0.049787066876888275,-3.0,-3.0,0.1478794664144516,0.2748780846595764,0.27500689029693604,"[-0.4542444944381714, 0.47217440605163574, 0.8323037624359131, -0.6731545925140381, -0.4354952871799469, -0.42795997858047485, 0.6636878848075867]","[0.14703574776649475, 0.18222802877426147, 0.07294831424951553, 0.11351417750120163, 0.10299944877624512, 0.1778913289308548, 0.7484285831451416]",0.049787066876888275,-3.0,-3.0,0.157366082072258,0.2363704890012741,0.23782210052013397,0.2761269211769104,0.27601951360702515,"{""critic_optimizer_updates"": 2016, ""actor_optimizer_updates_0"": 16, ""actor_optimizer_updates_1"": 16, ""actor_optimizer_steps_total"": 32, ""alpha_optimizer_updates"": 16}",0.9308415651321411,0.7953599691390991,0.6675474643707275,1.3471548557281494,0.8860281705856323
D_no_BC,17,0.2627444863319397,0.2629844844341278,"[0.6521282196044922, 0.41440561413764954, 0.7524908781051636, 0.3653702139854431, 0.2098264992237091, 0.6610677242279053, 0.661150336265564]","[0.10649897903203964, 0.17538917064666748, 0.09620052576065063, 0.13724422454833984, 0.11760520935058594, 0.1890326738357544, 0.7477689981460571]",0.049787066876888275,-3.0,-3.0,0.1484375,0.2853992283344269,0.28553369641304016,"[-0.4626193046569824, 0.4834403991699219, 0.8413606286048889, -0.6906925439834595, -0.4516916871070862, -0.43034350872039795, 0.6635885238647461]","[0.14788267016410828, 0.18247927725315094, 0.07070763409137726, 0.11117330193519592, 0.10449951142072678, 0.1758800745010376, 0.7483834624290466]",0.049787066876888275,-3.0,-3.0,0.16015625,0.2451484352350235,0.24668797850608826,0.286749929189682,0.28664904832839966,"{""critic_optimizer_updates"": 2017, ""actor_optimizer_updates_0"": 17, ""actor_optimizer_updates_1"": 17, ""actor_optimizer_steps_total"": 34, ""alpha_optimizer_updates"": 17}",1.0940409898757935,0.7632179260253906,0.6622024774551392,1.2948334217071533,0.8839268684387207
D_no_BC,18,0.27070075273513794,0.2709636688232422,"[0.6640418171882629, 0.4202749729156494, 0.7598692774772644, 0.3668089807033539, 0.20722945034503937, 0.6771767139434814, 0.6603642702102661]","[0.10589241981506348, 0.1754089593887329, 0.09567616879940033, 0.13850200176239014, 0.11971495300531387, 0.17835849523544312, 0.7474539875984192]",0.049787066876888275,-3.0,-3.0,0.1489955484867096,0.29478397965431213,0.29492366313934326,"[-0.46941083669662476, 0.49329525232315063, 0.8491913080215454, -0.7067481875419617, -0.46668073534965515, -0.43113869428634644, 0.6634641289710999]","[0.1485888957977295, 0.18254780769348145, 0.06863350421190262, 0.10869874060153961, 0.10570703446865082, 0.17393925786018372, 0.7483339309692383]",0.049787066876888275,-3.0,-3.0,0.1629464328289032,0.25290387868881226,0.2545255720615387,0.29624319076538086,0.2961495518684387,"{""critic_optimizer_updates"": 2018, ""actor_optimizer_updates_0"": 18, ""actor_optimizer_updates_1"": 18, ""actor_optimizer_steps_total"": 36, ""alpha_optimizer_updates"": 18}",1.2325870990753174,0.7420123815536499,0.655473530292511,1.2584726810455322,0.8823419213294983
D_no_BC,19,0.27773672342300415,0.2780209183692932,"[0.6746351718902588, 0.42482197284698486, 0.7660611271858215, 0.3670269250869751, 0.20457950234413147, 0.6919108629226685, 0.6593826413154602]","[0.10524754971265793, 0.17539146542549133, 0.09522375464439392, 0.13956531882286072, 0.12150363624095917, 0.16805683076381683, 0.7470722198486328]",0.049787066876888275,-3.0,-3.0,0.1512276828289032,0.303094744682312,0.3032393157482147,"[-0.47483891248703003, 0.5018292665481567, 0.855964720249176, -0.7214689254760742, -0.48066043853759766, -0.4301609694957733, 0.6633131504058838]","[0.14920037984848022, 0.18248343467712402, 0.06673247367143631, 0.10614331811666489, 0.10662119090557098, 0.1721135675907135, 0.7482755780220032]",0.049787066876888275,-3.0,-3.0,0.1635044664144516,0.2597844898700714,0.2614813446998596,0.30464473366737366,0.3045598566532135,"{""critic_optimizer_updates"": 2019, ""actor_optimizer_updates_0"": 19, ""actor_optimizer_updates_1"": 19, ""actor_optimizer_steps_total"": 38, ""alpha_optimizer_updates"": 19}",1.3413000106811523,0.7230072021484375,0.6486426591873169,1.230162262916565,0.8799658417701721
D_no_BC,20,0.2838342487812042,0.28413742780685425,"[0.6840219497680664, 0.42839086055755615, 0.7712844610214233, 0.3659837245941162, 0.2012900859117508, 0.7051210403442383, 0.6581783294677734]","[0.10456310212612152, 0.1752716451883316, 0.09482890367507935, 0.14043612778186798, 0.12291061878204346, 0.15866029262542725, 0.7466190457344055]",0.049787066876888275,-3.0,-3.0,0.15234375,0.3106479346752167,0.3107975721359253,"[-0.47921329736709595, 0.5094074010848999, 0.861912190914154, -0.735014021396637, -0.49428966641426086, -0.4280993342399597, 0.6631290316581726]","[0.1497379094362259, 0.18230728805065155, 0.06496292352676392, 0.10355345159769058, 0.10733059793710709, 0.17044004797935486, 0.7482070326805115]",0.049787066876888275,-3.0,-3.0,0.1646205484867096,0.2657507359981537,0.2675149142742157,0.3122742772102356,0.3122001588344574,"{""critic_optimizer_updates"": 2020, ""actor_optimizer_updates_0"": 20, ""actor_optimizer_updates_1"": 20, ""actor_optimizer_steps_total"": 40, ""alpha_optimizer_updates"": 20}",1.3851323127746582,0.7213265299797058,0.6414121389389038,1.2286608219146729,0.8793888688087463
D_no_BC,21,0.289029598236084,0.2893497049808502,"[0.692278265953064, 0.4309861660003662, 0.7755959033966064, 0.36385443806648254, 0.19714653491973877, 0.7169029712677002, 0.6567349433898926]","[0.10388857126235962, 0.17509591579437256, 0.0945107489824295, 0.14114031195640564, 0.12406888604164124, 0.15020453929901123, 0.7460954785346985]",0.049787066876888275,-3.0,-3.0,0.15234375,0.31713104248046875,0.3172850012779236,"[-0.48230674862861633, 0.5158042907714844, 0.8670546412467957, -0.7474305629730225, -0.506482720375061, -0.4241999387741089, 0.6629068851470947]","[0.1502530425786972, 0.18208211660385132, 0.06336012482643127, 0.10098684579133987, 0.10779254138469696, 0.16899843513965607, 0.7481232285499573]",0.049787066876888275,-3.0,-3.0,0.1679687649011612,0.27085068821907043,0.2726724445819855,0.3188457489013672,0.31878289580345154,"{""critic_optimizer_updates"": 2021, ""actor_optimizer_updates_0"": 21, ""actor_optimizer_updates_1"": 21, ""actor_optimizer_steps_total"": 42, ""alpha_optimizer_updates"": 21}",1.398000717163086,0.7312563061714172,0.6400171518325806,1.2453444004058838,0.8792011737823486
D_no_BC,22,0.29353851079940796,0.2938738763332367,"[0.6996235251426697, 0.4327671229839325, 0.779132068157196, 0.3609355688095093, 0.19305267930030823, 0.7275973558425903, 0.6550135612487793]","[0.1032516285777092, 0.17488078773021698, 0.09425734728574753, 0.14165838062763214, 0.12479359656572342, 0.14256133139133453, 0.7454949021339417]",0.049787066876888275,-3.0,-3.0,0.1512276828289032,0.3227193355560303,0.3228769302368164,"[-0.4843571186065674, 0.5212095975875854, 0.8715488314628601, -0.7588393092155457, -0.5175800919532776, -0.41870781779289246, 0.662645161151886]","[0.15077483654022217, 0.18181191384792328, 0.0618969164788723, 0.09847698360681534, 0.10804624855518341, 0.16781267523765564, 0.7480176091194153]",0.049787066876888275,-3.0,-3.0,0.1696428656578064,0.27526575326919556,0.2771376371383667,0.3245227038860321,0.32447025179862976,"{""critic_optimizer_updates"": 2022, ""actor_optimizer_updates_0"": 22, ""actor_optimizer_updates_1"": 22, ""actor_optimizer_steps_total"": 44, ""alpha_optimizer_updates"": 22}",1.3923397064208984,0.7508962154388428,0.6394498944282532,1.2748914957046509,0.8789271712303162
D_no_BC,23,0.297324538230896,0.29767340421676636,"[0.7060955762863159, 0.43367069959640503, 0.7819819450378418, 0.3569420874118805, 0.18870823085308075, 0.7372227311134338, 0.6529862880706787]","[0.10266633331775665, 0.17464303970336914, 0.0940769836306572, 0.14203636348247528, 0.12517978250980377, 0.13583829998970032, 0.744815468788147]",0.049787066876888275,-3.0,-3.0,0.1506696492433548,0.32763850688934326,0.3277997076511383,"[-0.485473096370697, 0.525783896446228, 0.8755317330360413, -0.769362211227417, -0.5282739996910095, -0.4119580090045929, 0.662330150604248]","[0.15136203169822693, 0.18150043487548828, 0.06054272502660751, 0.09603505581617355, 0.10815442353487015, 0.16695155203342438, 0.7478907704353333]",0.049787066876888275,-3.0,-3.0,0.169084832072258,0.2789750099182129,0.28088948130607605,0.32952654361724854,0.32948440313339233,"{""critic_optimizer_updates"": 2023, ""actor_optimizer_updates_0"": 23, ""actor_optimizer_updates_1"": 23, ""actor_optimizer_steps_total"": 46, ""alpha_optimizer_updates"": 23}",1.3809304237365723,0.7680673599243164,0.637397050857544,1.3026483058929443,0.8798866271972656
D_no_BC,24,0.30049818754196167,0.3008591830730438,"[0.7117773294448853, 0.4336799383163452, 0.7842471599578857, 0.3519909679889679, 0.18364672362804413, 0.746131956577301, 0.6506175994873047]","[0.10212421417236328, 0.17440389096736908, 0.0939641147851944, 0.142278790473938, 0.12539535760879517, 0.12975667417049408, 0.7440555691719055]",0.049787066876888275,-3.0,-3.0,0.1473214328289032,0.33183783292770386,0.3320023715496063,"[-0.48572784662246704, 0.5294837355613708, 0.8790554404258728, -0.7790886163711548, -0.5382624268531799, -0.40364012122154236, 0.6619492769241333]","[0.15196894109249115, 0.1811789572238922, 0.059290483593940735, 0.09367352724075317, 0.10814505070447922, 0.1664564311504364, 0.7477402687072754]",0.049787066876888275,-3.0,-3.0,0.1713169664144516,0.28208673000335693,0.2840413451194763,0.33381518721580505,0.3337837755680084,"{""critic_optimizer_updates"": 2024, ""actor_optimizer_updates_0"": 24, ""actor_optimizer_updates_1"": 24, ""actor_optimizer_steps_total"": 48, ""alpha_optimizer_updates"": 24}",1.371661901473999,0.7911261320114136,0.6326209306716919,1.3336557149887085,0.8847491145133972
D_no_BC,25,0.3031015992164612,0.30347320437431335,"[0.7167662382125854, 0.4330292344093323, 0.7860077619552612, 0.34612536430358887, 0.1780274212360382, 0.7542279362678528, 0.6478790044784546]","[0.10161300003528595, 0.174141064286232, 0.09391286969184875, 0.14248615503311157, 0.12547500431537628, 0.12446966022253036, 0.7432148456573486]",0.049787066876888275,-3.0,-3.0,0.145647332072258,0.33535605669021606,0.3355236351490021,"[-0.48507991433143616, 0.5323840379714966, 0.8821749687194824, -0.7880855798721313, -0.5475858449935913, -0.39372265338897705, 0.6614781618118286]","[0.1526370644569397, 0.18086569011211395, 0.05813652649521828, 0.0913870707154274, 0.10803479701280594, 0.16644874215126038, 0.7475563287734985]",0.049787066876888275,-3.0,-3.0,0.1713169664144516,0.28464236855506897,0.28663384914398193,0.3374318480491638,0.3374120593070984,"{""critic_optimizer_updates"": 2025, ""actor_optimizer_updates_0"": 25, ""actor_optimizer_updates_1"": 25, ""actor_optimizer_steps_total"": 50, ""alpha_optimizer_updates"": 25}",1.3730095624923706,0.8111543655395508,0.6307364702224731,1.3573458194732666,0.890400230884552
D_no_BC,26,0.30517393350601196,0.30555474758148193,"[0.7210904359817505, 0.43150845170021057, 0.7873094081878662, 0.3394484221935272, 0.1722097098827362, 0.7616392374038696, 0.644707202911377]","[0.10114821791648865, 0.17389358580112457, 0.09391604363918304, 0.14255890250205994, 0.12532325088977814, 0.11989036947488785, 0.742283046245575]",0.049787066876888275,-3.0,-3.0,0.1428571492433548,0.3381635248661041,0.3383335471153259,"[-0.483570396900177, 0.5345462560653687, 0.8849331140518188, -0.7964460849761963, -0.5559529066085815, -0.38185250759124756, 0.660904049873352]","[0.15336480736732483, 0.180572047829628, 0.057074032723903656, 0.08916683495044708, 0.1078447699546814, 0.16697406768798828, 0.7473328113555908]",0.049787066876888275,-3.0,-3.0,0.1718750149011612,0.28668105602264404,0.2887043356895447,0.3403726816177368,0.340364545583725,"{""critic_optimizer_updates"": 2026, ""actor_optimizer_updates_0"": 26, ""actor_optimizer_updates_1"": 26, ""actor_optimizer_steps_total"": 52, ""alpha_optimizer_updates"": 26}",1.373659610748291,0.8298945426940918,0.6305819749832153,1.386344075202942,0.8924322128295898
D_no_BC,27,0.3068346083164215,0.30722320079803467,"[0.7249568700790405, 0.4294758141040802, 0.7883048057556152, 0.33192864060401917, 0.16641515493392944, 0.768365740776062, 0.6412212252616882]","[0.10071342438459396, 0.17366155982017517, 0.09393779188394547, 0.14258068799972534, 0.1250896006822586, 0.11600404232740402, 0.7412886023521423]",0.049787066876888275,-3.0,-3.0,0.1361607164144516,0.34067675471305847,0.3408498167991638,"[-0.4814387559890747, 0.5360748767852783, 0.8874515891075134, -0.8042429089546204, -0.5647711157798767, -0.3688284158706665, 0.6602271795272827]","[0.15416184067726135, 0.18034419417381287, 0.05606541782617569, 0.08701032400131226, 0.10758623480796814, 0.16801944375038147, 0.7470630407333374]",0.049787066876888275,-3.0,-3.0,0.1724330484867096,0.2883088290691376,0.290358304977417,0.3430333733558655,0.3430379033088684,"{""critic_optimizer_updates"": 2027, ""actor_optimizer_updates_0"": 27, ""actor_optimizer_updates_1"": 27, ""actor_optimizer_steps_total"": 54, ""alpha_optimizer_updates"": 27}",1.4154515266418457,0.8428951501846313,0.6300294399261475,1.4055759906768799,0.8962161540985107
D_no_BC,28,0.30799970030784607,0.3083943724632263,"[0.7283463478088379, 0.42651844024658203, 0.7889713644981384, 0.3233218193054199, 0.16017019748687744, 0.7744824886322021, 0.6374982595443726]","[0.10028786957263947, 0.17347300052642822, 0.09398601204156876, 0.1425941288471222, 0.12481418997049332, 0.11268190294504166, 0.7402434349060059]",0.049787066876888275,-3.0,-3.0,0.1328125,0.34270304441452026,0.3428792357444763,"[-0.47851890325546265, 0.5368232727050781, 0.8897172212600708, -0.8115183115005493, -0.5733418464660645, -0.3540290594100952, 0.659419596195221]","[0.15502804517745972, 0.18020367622375488, 0.05512496083974838, 0.08491984754800797, 0.10721650719642639, 0.16971275210380554, 0.746737539768219]",0.049787066876888275,-3.0,-3.0,0.1741071492433548,0.28945931792259216,0.2915290594100952,0.3452344834804535,0.34525182843208313,"{""critic_optimizer_updates"": 2028, ""actor_optimizer_updates_0"": 28, ""actor_optimizer_updates_1"": 28, ""actor_optimizer_steps_total"": 56, ""alpha_optimizer_updates"": 28}",1.4767568111419678,0.8461387753486633,0.6277788877487183,1.4109444618225098,0.8958336114883423
D_no_BC,29,0.3089417517185211,0.30934134125709534,"[0.7314284443855286, 0.4227542281150818, 0.7894002199172974, 0.31388139724731445, 0.15722393989562988, 0.7801229357719421, 0.6336225867271423]","[0.09985729306936264, 0.17330330610275269, 0.09404395520687103, 0.14263784885406494, 0.12392503023147583, 0.10977979749441147, 0.7391680479049683]",0.049787066876888275,-3.0,-3.0,0.1311383992433548,0.34437063336372375,0.34454986453056335,"[-0.4749734401702881, 0.536863386631012, 0.8917801976203918, -0.8183281421661377, -0.5817688703536987, -0.33783942461013794, 0.6584559082984924]","[0.1559963822364807, 0.18014806509017944, 0.05423571914434433, 0.08289638161659241, 0.10675958544015884, 0.17197199165821075, 0.7463478446006775]",0.049787066876888275,-3.0,-3.0,0.1724330484867096,0.29037824273109436,0.2924628257751465,0.3470911681652069,0.34712085127830505,"{""critic_optimizer_updates"": 2029, ""actor_optimizer_updates_0"": 29, ""actor_optimizer_updates_1"": 29, ""actor_optimizer_steps_total"": 58, ""alpha_optimizer_updates"": 29}",1.5625375509262085,0.844294548034668,0.6284386515617371,1.4104737043380737,0.8963702321052551
D_no_BC,30,0.3094978928565979,0.3099007308483124,"[0.734135627746582, 0.4181666374206543, 0.7896548509597778, 0.30354174971580505, 0.154296875, 0.7851718664169312, 0.6296391487121582]","[0.0994357019662857, 0.17321814596652985, 0.09410060197114944, 0.1428268551826477, 0.12309864908456802, 0.10731611400842667, 0.7380574345588684]",0.049787066876888275,-3.0,-3.0,0.1283482164144516,0.3455245792865753,0.34570634365081787,"[-0.4705589711666107, 0.5361159443855286, 0.8936359286308289, -0.8247003555297852, -0.5894767045974731, -0.31980395317077637, 0.6572881937026978]","[0.15708012878894806, 0.18022654950618744, 0.05339868739247322, 0.08093906939029694, 0.1061854213476181, 0.1748366504907608, 0.7458799481391907]",0.049787066876888275,-3.0,-3.0,0.1757812649011612,0.2909437417984009,0.2930409014225006,0.3484657108783722,0.3485061824321747,"{""critic_optimizer_updates"": 2030, ""actor_optimizer_updates_0"": 30, ""actor_optimizer_updates_1"": 30, ""actor_optimizer_steps_total"": 60, ""alpha_optimizer_updates"": 30}",1.6550614833831787,0.8365631699562073,0.6289657950401306,1.399897575378418,0.8960813283920288
D_no_BC,31,0.3097601532936096,0.31016528606414795,"[0.7365604639053345, 0.41303396224975586, 0.7897247076034546, 0.29244744777679443, 0.150915265083313, 0.7898148894309998, 0.6256980299949646]","[0.0990249291062355, 0.17311526834964752, 0.09416563808917999, 0.14305174350738525, 0.12234872579574585, 0.10514678061008453, 0.7369459271430969]",0.049787066876888275,-3.0,-3.0,0.126116082072258,0.3465670645236969,0.3467518389225006,"[-0.4656044840812683, 0.5349111557006836, 0.8953365087509155, -0.830683708190918, -0.5974347591400146, -0.30100250244140625, 0.6559073328971863]","[0.15828408300876617, 0.18035727739334106, 0.0526064857840538, 0.07905475050210953, 0.10555250197649002, 0.17823460698127747, 0.7453284859657288]",0.049787066876888275,-3.0,-3.0,0.1774553656578064,0.2912404537200928,0.2933458089828491,0.3497322201728821,0.3497837483882904,"{""critic_optimizer_updates"": 2031, ""actor_optimizer_updates_0"": 31, ""actor_optimizer_updates_1"": 31, ""actor_optimizer_steps_total"": 62, ""alpha_optimizer_updates"": 31}",1.7379212379455566,0.82442706823349,0.6290839910507202,1.3887567520141602,0.8932602405548096
D_no_BC,32,0.30980294942855835,0.3102092146873474,"[0.7385889291763306, 0.40728598833084106, 0.7895691394805908, 0.28067368268966675, 0.15056149661540985, 0.7939748764038086, 0.6215745806694031]","[0.09865884482860565, 0.1730247586965561, 0.09425295144319534, 0.14314976334571838, 0.12081338465213776, 0.10328701883554459, 0.7357920408248901]",0.049787066876888275,-3.0,-3.0,0.1222098246216774,0.34727418422698975,0.3474617898464203,"[-0.4600468873977661, 0.5331016182899475, 0.8968405723571777, -0.8363156914710999, -0.6047223806381226, -0.28069788217544556, 0.6542848348617554]","[0.15959587693214417, 0.18054087460041046, 0.05187082663178444, 0.07723402976989746, 0.10485196113586426, 0.18222004175186157, 0.7446847558021545]",0.049787066876888275,-3.0,-3.0,0.176897332072258,0.29131269454956055,0.29342496395111084,0.3506833612918854,0.35074475407600403,"{""critic_optimizer_updates"": 2032, ""actor_optimizer_updates_0"": 32, ""actor_optimizer_updates_1"": 32, ""actor_optimizer_steps_total"": 64, ""alpha_optimizer_updates"": 32}",1.8059866428375244,0.8017235994338989,0.6342084407806396,1.3667356967926025,0.886255145072937
D_no_BC,33,0.3095960021018982,0.31000247597694397,"[0.7403362393379211, 0.40166372060775757, 0.7892192006111145, 0.2684791684150696, 0.14999058842658997, 0.7976239919662476, 0.6180541515350342]","[0.09831228852272034, 0.17283546924591064, 0.09435530751943588, 0.14324340224266052, 0.11942247301340103, 0.10173624008893967, 0.7347351908683777]",0.049787066876888275,-3.0,-3.0,0.1210937574505806,0.3479801416397095,0.34817057847976685,"[-0.4540570378303528, 0.5309735536575317, 0.8981984257698059, -0.8416233062744141, -0.6120905876159668, -0.26089170575141907, 0.6524477005004883]","[0.16095031797885895, 0.1807510107755661, 0.051181498914957047, 0.07547003030776978, 0.10412061959505081, 0.18622183799743652, 0.7439566850662231]",0.049787066876888275,-3.0,-3.0,0.172991082072258,0.2911723554134369,0.29328328371047974,0.3516169488430023,0.35168662667274475,"{""critic_optimizer_updates"": 2033, ""actor_optimizer_updates_0"": 33, ""actor_optimizer_updates_1"": 33, ""actor_optimizer_steps_total"": 66, ""alpha_optimizer_updates"": 33}",1.8245394229888916,0.784370481967926,0.6452276110649109,1.3490440845489502,0.8790500164031982
D_no_BC,34,0.30910417437553406,0.30951008200645447,"[0.7417698502540588, 0.3959130644798279, 0.7885628938674927, 0.25600913166999817, 0.14902307093143463, 0.8007552623748779, 0.6149903535842896]","[0.09800586849451065, 0.1726016402244568, 0.09449807554483414, 0.14328555762767792, 0.118227019906044, 0.10043130815029144, 0.7337398529052734]",0.049787066876888275,-3.0,-3.0,0.1210937574505806,0.348561555147171,0.34875449538230896,"[-0.4477543830871582, 0.5285757780075073, 0.8993797302246094, -0.8465982675552368, -0.618775486946106, -0.24135032296180725, 0.6503803730010986]","[0.1623890995979309, 0.18096984922885895, 0.05054939165711403, 0.07378630340099335, 0.10331103205680847, 0.1903764307498932, 0.7431450486183167]",0.049787066876888275,-3.0,-3.0,0.1702008992433548,0.2907693386077881,0.2928735911846161,0.3524373173713684,0.35251501202583313,"{""critic_optimizer_updates"": 2034, ""actor_optimizer_updates_0"": 34, ""actor_optimizer_updates_1"": 34, ""actor_optimizer_steps_total"": 68, ""alpha_optimizer_updates"": 34}",1.8217053413391113,0.7700644135475159,0.6535640358924866,1.3393770456314087,0.8765719532966614
D_no_BC,35,0.30834466218948364,0.308749258518219,"[0.7428616285324097, 0.38995763659477234, 0.7875889539718628, 0.24328848719596863, 0.14787277579307556, 0.8034328818321228, 0.6122157573699951]","[0.09775207936763763, 0.17228081822395325, 0.094700388610363, 0.14321644604206085, 0.11697690188884735, 0.09933184832334518, 0.7327824831008911]",0.049787066876888275,-3.0,-3.0,0.1194196492433548,0.3488793671131134,0.3490738272666931,"[-0.44101428985595703, 0.5257498025894165, 0.9003685116767883, -0.8512427806854248, -0.6242992877960205, -0.22258779406547546, 0.6480833292007446]","[0.16386957466602325, 0.1812216341495514, 0.04998486489057541, 0.07218198478221893, 0.10244975984096527, 0.19427509605884552, 0.7422538995742798]",0.049787066876888275,-3.0,-3.0,0.165178582072258,0.2901225984096527,0.2922186851501465,0.35299915075302124,0.35308316349983215,"{""critic_optimizer_updates"": 2035, ""actor_optimizer_updates_0"": 35, ""actor_optimizer_updates_1"": 35, ""actor_optimizer_steps_total"": 70, ""alpha_optimizer_updates"": 35}",1.7881286144256592,0.7579318284988403,0.6583667397499084,1.3274996280670166,0.8763510584831238
D_no_BC,36,0.3073355555534363,0.30773845314979553,"[0.7435500621795654, 0.38409698009490967, 0.786279022693634, 0.23072750866413116, 0.1456279307603836, 0.805621862411499, 0.6094463467597961]","[0.09754378348588943, 0.17187903821468353, 0.09496384114027023, 0.14302492141723633, 0.11568178981542587, 0.09842640161514282, 0.731819212436676]",0.049787066876888275,-3.0,-3.0,0.117745541036129,0.3489285409450531,0.3491235077381134,"[-0.43382591009140015, 0.52269047498703, 0.9011745452880859, -0.8555905818939209, -0.628539502620697, -0.20460578799247742, 0.6454401016235352]","[0.16535907983779907, 0.18147769570350647, 0.049485985189676285, 0.07064307481050491, 0.10159223526716232, 0.19793561100959778, 0.7412475347518921]",0.049787066876888275,-3.0,-3.0,0.1618303656578064,0.2892304062843323,0.29131853580474854,0.35329902172088623,0.3533887267112732,"{""critic_optimizer_updates"": 2036, ""actor_optimizer_updates_0"": 36, ""actor_optimizer_updates_1"": 36, ""actor_optimizer_steps_total"": 72, ""alpha_optimizer_updates"": 36}",1.7636911869049072,0.7427268028259277,0.6625200510025024,1.3086717128753662,0.8772118091583252
D_no_BC,37,0.30623042583465576,0.3066312372684479,"[0.7438643574714661, 0.3780443072319031, 0.7846186757087708, 0.21860095858573914, 0.14565309882164001, 0.8074489831924438, 0.6066160798072815]","[0.09739818423986435, 0.17141802608966827, 0.09530696272850037, 0.14273877441883087, 0.11410843580961227, 0.09764769673347473, 0.7308294177055359]",0.049787066876888275,-3.0,-3.0,0.1160714328289032,0.34880006313323975,0.348993182182312,"[-0.42602479457855225, 0.5196536183357239, 0.9017800688743591, -0.8595500588417053, -0.6315827369689941, -0.19292983412742615, 0.6424616575241089]","[0.1667906492948532, 0.18172279000282288, 0.049043186008930206, 0.0691799446940422, 0.10069943964481354, 0.19968175888061523, 0.7401365637779236]",0.049787066876888275,-3.0,-3.0,0.1551339328289032,0.28824472427368164,0.2903249263763428,0.353362500667572,0.3534579575061798,"{""critic_optimizer_updates"": 2037, ""actor_optimizer_updates_0"": 37, ""actor_optimizer_updates_1"": 37, ""actor_optimizer_steps_total"": 74, ""alpha_optimizer_updates"": 37}",1.7411283254623413,0.7232233285903931,0.6675097346305847,1.2840583324432373,0.8776413202285767
D_no_BC,38,0.304951548576355,0.3053501844406128,"[0.7439606189727783, 0.372200071811676, 0.7826553583145142, 0.20656263828277588, 0.14446307718753815, 0.8090102672576904, 0.6042265892028809]","[0.09728442132472992, 0.17088201642036438, 0.09569451957941055, 0.14237432181835175, 0.11262897402048111, 0.09696511924266815, 0.729916512966156]",0.049787066876888275,-3.0,-3.0,0.1132812574505806,0.3485954701900482,0.348786324262619,"[-0.41820278763771057, 0.516395628452301, 0.9022778868675232, -0.8632919192314148, -0.6342301368713379, -0.18272709846496582, 0.6392263174057007]","[0.16819030046463013, 0.18200965225696564, 0.04863492026925087, 0.06776773929595947, 0.0998365730047226, 0.20101837813854218, 0.7389541268348694]",0.049787066876888275,-3.0,-3.0,0.1517857164144516,0.2870953679084778,0.2891644239425659,0.3533252477645874,0.35342612862586975,"{""critic_optimizer_updates"": 2038, ""actor_optimizer_updates_0"": 38, ""actor_optimizer_updates_1"": 38, ""actor_optimizer_steps_total"": 76, ""alpha_optimizer_updates"": 38}",1.7221779823303223,0.706702470779419,0.6722861528396606,1.2590807676315308,0.8772421479225159
D_no_BC,39,0.30344030261039734,0.3038361668586731,"[0.7437255382537842, 0.3661830425262451, 0.7804198265075684, 0.19441437721252441, 0.14230123162269592, 0.810271143913269, 0.6021777391433716]","[0.0972118079662323, 0.1702994704246521, 0.09611457586288452, 0.14194577932357788, 0.1112014427781105, 0.09637938439846039, 0.7290682196617126]",0.049787066876888275,-3.0,-3.0,0.1121651828289032,0.34820258617401123,0.3483907878398895,"[-0.41036415100097656, 0.5128564834594727, 0.9026534557342529, -0.8668222427368164, -0.6361849308013916, -0.17212727665901184, 0.6357148885726929]","[0.169545978307724, 0.18227826058864594, 0.048270922154188156, 0.06640960276126862, 0.09902680665254593, 0.2023506462574005, 0.7377011179924011]",0.049787066876888275,-3.0,-3.0,0.1512276828289032,0.28572309017181396,0.2877790629863739,0.35308656096458435,0.3531922698020935,"{""critic_optimizer_updates"": 2039, ""actor_optimizer_updates_0"": 39, ""actor_optimizer_updates_1"": 39, ""actor_optimizer_steps_total"": 78, ""alpha_optimizer_updates"": 39}",1.6985857486724854,0.6949916481971741,0.6721624135971069,1.2362408638000488,0.8803873062133789
D_no_BC,40,0.301696240901947,0.3020888864994049,"[0.7431467771530151, 0.3602319359779358, 0.777875542640686, 0.18257936835289001, 0.1386779546737671, 0.8111768960952759, 0.60059654712677]","[0.09718987345695496, 0.16966071724891663, 0.09657462686300278, 0.1415019929409027, 0.10975242406129837, 0.09590335935354233, 0.7283012866973877]",0.049787066876888275,-3.0,-3.0,0.1104910746216774,0.3475393056869507,0.3477241098880768,"[-0.4023059010505676, 0.5090621709823608, 0.902875542640686, -0.8701382279396057, -0.6371822357177734, -0.16104334592819214, 0.631939172744751]","[0.1708788275718689, 0.18256258964538574, 0.04796342924237251, 0.06511470675468445, 0.09829437732696533, 0.20360539853572845, 0.7363858222961426]",0.049787066876888275,-3.0,-3.0,0.1489955484867096,0.2841281592845917,0.28616809844970703,0.3525676131248474,0.3526771366596222,"{""critic_optimizer_updates"": 2040, ""actor_optimizer_updates_0"": 40, ""actor_optimizer_updates_1"": 40, ""actor_optimizer_steps_total"": 80, ""alpha_optimizer_updates"": 40}",1.6914567947387695,0.6877269744873047,0.6732072234153748,1.2189078330993652,0.8851897120475769
D_no_BC,41,0.2999008297920227,0.3002900779247284,"[0.742390513420105, 0.3543546795845032, 0.7751342058181763, 0.17138363420963287, 0.13414403796195984, 0.8119534254074097, 0.5992127060890198]","[0.09719494730234146, 0.1689235270023346, 0.09707437455654144, 0.14107373356819153, 0.1087237149477005, 0.09545999765396118, 0.7275739908218384]",0.049787066876888275,-3.0,-3.0,0.1077008992433548,0.3469415009021759,0.3471229374408722,"[-0.39435386657714844, 0.5051993131637573, 0.9030479192733765, -0.8732935190200806, -0.6382279992103577, -0.151031494140625, 0.6278301477432251]","[0.17215454578399658, 0.18283039331436157, 0.04767560958862305, 0.06386373192071915, 0.09763121604919434, 0.20464682579040527, 0.734993040561676]",0.049787066876888275,-3.0,-3.0,0.1473214328289032,0.2824805974960327,0.28450462222099304,0.3520887494087219,0.35220202803611755,"{""critic_optimizer_updates"": 2041, ""actor_optimizer_updates_0"": 41, ""actor_optimizer_updates_1"": 41, ""actor_optimizer_steps_total"": 82, ""alpha_optimizer_updates"": 41}",1.6709932088851929,0.6740052700042725,0.6699132919311523,1.1921212673187256,0.8885636925697327
D_no_BC,42,0.2980591356754303,0.2984448969364166,"[0.7415945529937744, 0.348482221364975, 0.7722623348236084, 0.16008351743221283, 0.1285935491323471, 0.8126926422119141, 0.5981868505477905]","[0.0971958115696907, 0.16813519597053528, 0.09758219122886658, 0.14076291024684906, 0.10769611597061157, 0.09502968192100525, 0.7269231081008911]",0.049787066876888275,-3.0,-3.0,0.1077008992433548,0.3464498817920685,0.3466283679008484,"[-0.386412650346756, 0.5012637376785278, 0.9031984210014343, -0.8762916922569275, -0.6397740244865417, -0.14085891842842102, 0.6236203908920288]","[0.17337527871131897, 0.1830800175666809, 0.04739828407764435, 0.06265676021575928, 0.09698943048715591, 0.2056780308485031, 0.7336001992225647]",0.049787066876888275,-3.0,-3.0,0.1450892984867096,0.2807888686656952,0.28279486298561096,0.35169827938079834,0.35181477665901184,"{""critic_optimizer_updates"": 2042, ""actor_optimizer_updates_0"": 42, ""actor_optimizer_updates_1"": 42, ""actor_optimizer_steps_total"": 84, ""alpha_optimizer_updates"": 42}",1.6700506210327148,0.6675368547439575,0.6670458316802979,1.1763241291046143,0.8921034336090088
D_no_BC,43,0.2961409091949463,0.2965233027935028,"[0.7406544089317322, 0.34278741478919983, 0.7691890597343445, 0.14906145632266998, 0.12250231206417084, 0.8132405281066895, 0.5977423191070557]","[0.09722037613391876, 0.16733011603355408, 0.09810949862003326, 0.1405017226934433, 0.10680568218231201, 0.09465764462947845, 0.7264130711555481]",0.049787066876888275,-3.0,-3.0,0.1065848246216774,0.3458482027053833,0.3460235893726349,"[-0.37832850217819214, 0.4969366192817688, 0.9032669067382812, -0.8790925741195679, -0.6409711837768555, -0.13185730576515198, 0.6194181442260742]","[0.174569770693779, 0.18341241776943207, 0.047154176980257034, 0.061513639986515045, 0.09638955444097519, 0.20662373304367065, 0.7322374582290649]",0.049787066876888275,-3.0,-3.0,0.1439732164144516,0.2790220379829407,0.2810068130493164,0.3511878550052643,0.3513069450855255,"{""critic_optimizer_updates"": 2043, ""actor_optimizer_updates_0"": 43, ""actor_optimizer_updates_1"": 43, ""actor_optimizer_steps_total"": 86, ""alpha_optimizer_updates"": 43}",1.694338083267212,0.657455325126648,0.6629995107650757,1.1585631370544434,0.8937162756919861
D_no_BC,44,0.2941945791244507,0.29457390308380127,"[0.7395045757293701, 0.3376385569572449, 0.7659369707107544, 0.13850563764572144, 0.11615290492773056, 0.8135401010513306, 0.5974817276000977]","[0.09727618843317032, 0.16648274660110474, 0.09865361452102661, 0.14025768637657166, 0.10593705624341965, 0.09434986114501953, 0.7259604334831238]",0.049787066876888275,-3.0,-3.0,0.1054687574505806,0.3451641798019409,0.345336377620697,"[-0.37013334035873413, 0.4923262894153595, 0.9032650589942932, -0.8817097544670105, -0.6420263051986694, -0.12306977808475494, 0.6152119636535645]","[0.17571252584457397, 0.1837645173072815, 0.046938296407461166, 0.060425009578466415, 0.09584061801433563, 0.20749947428703308, 0.7309032082557678]",0.049787066876888275,-3.0,-3.0,0.1411830484867096,0.27721476554870605,0.2791799306869507,0.35058847069740295,0.3507097363471985,"{""critic_optimizer_updates"": 2044, ""actor_optimizer_updates_0"": 44, ""actor_optimizer_updates_1"": 44, ""actor_optimizer_steps_total"": 88, ""alpha_optimizer_updates"": 44}",1.7441166639328003,0.638684093952179,0.6658880114555359,1.1305357217788696,0.8921451568603516
D_no_BC,45,0.29211461544036865,0.29249054193496704,"[0.7379770874977112, 0.3321372866630554, 0.7623656988143921, 0.12876051664352417, 0.11220797151327133, 0.8135395050048828, 0.597629189491272]","[0.0973638966679573, 0.16569054126739502, 0.09922049194574356, 0.14009873569011688, 0.10444500297307968, 0.09409815818071365, 0.7256105542182922]",0.049787066876888275,-3.0,-3.0,0.1054687574505806,0.34412047266960144,0.34428849816322327,"[-0.361427366733551, 0.486966073513031, 0.9030645489692688, -0.8840363025665283, -0.6421284079551697, -0.11742085218429565, 0.6113637089729309]","[0.17679858207702637, 0.1842355877161026, 0.04678845778107643, 0.05942925065755844, 0.09532400220632553, 0.20813871920108795, 0.7296906113624573]",0.049787066876888275,-3.0,-3.0,0.1389508992433548,0.27526336908340454,0.27720779180526733,0.34961339831352234,0.34973588585853577,"{""critic_optimizer_updates"": 2045, ""actor_optimizer_updates_0"": 45, ""actor_optimizer_updates_1"": 45, ""actor_optimizer_steps_total"": 90, ""alpha_optimizer_updates"": 45}",1.7954816818237305,0.6192960739135742,0.669456958770752,1.100642204284668,0.88824462890625
D_no_BC,46,0.2900366187095642,0.290409654378891,"[0.7363513112068176, 0.3270258605480194, 0.7585843801498413, 0.11958128213882446, 0.10842078179121017, 0.8133615255355835, 0.5977945923805237]","[0.09747917205095291, 0.1648377627134323, 0.09981472045183182, 0.13986733555793762, 0.10294897109270096, 0.09390151500701904, 0.7252848148345947]",0.049787066876888275,-3.0,-3.0,0.1037946492433548,0.3428975045681,0.34306037425994873,"[-0.3525199890136719, 0.48132646083831787, 0.9027835130691528, -0.886142909526825, -0.6419284343719482, -0.11443299800157547, 0.6079527735710144]","[0.17779970169067383, 0.1847696304321289, 0.04666809365153313, 0.05851376801729202, 0.09485749155282974, 0.2081882357597351, 0.7286126017570496]",0.049787066876888275,-3.0,-3.0,0.13671875,0.2733047902584076,0.2752302885055542,0.3484387695789337,0.3485617935657501,"{""critic_optimizer_updates"": 2046, ""actor_optimizer_updates_0"": 46, ""actor_optimizer_updates_1"": 46, ""actor_optimizer_steps_total"": 92, ""alpha_optimizer_updates"": 46}",1.8470914363861084,0.6032203435897827,0.6716476678848267,1.0767775774002075,0.8863171339035034
D_no_BC,47,0.28783154487609863,0.2882016897201538,"[0.7344532608985901, 0.32202422618865967, 0.7545250058174133, 0.1109781414270401, 0.10395178198814392, 0.8129119277000427, 0.5980194807052612]","[0.09760373830795288, 0.16401199996471405, 0.10042780637741089, 0.13961398601531982, 0.10157294571399689, 0.09374870359897614, 0.7249932289123535]",0.049787066876888275,-3.0,-3.0,0.1026785746216774,0.34138578176498413,0.34154239296913147,"[-0.3435298204421997, 0.47535228729248047, 0.9023867845535278, -0.8880938291549683, -0.6407021880149841, -0.11249462515115738, 0.6048880219459534]","[0.17872747778892517, 0.18537946045398712, 0.046588245779275894, 0.05765698105096817, 0.09450305998325348, 0.2080318182706833, 0.7276372313499451]",0.049787066876888275,-3.0,-3.0,0.1361607164144516,0.2712218165397644,0.2731282114982605,0.34698522090911865,0.34710797667503357,"{""critic_optimizer_updates"": 2047, ""actor_optimizer_updates_0"": 47, ""actor_optimizer_updates_1"": 47, ""actor_optimizer_steps_total"": 94, ""alpha_optimizer_updates"": 47}",1.8978917598724365,0.5857029557228088,0.6692999601364136,1.048844337463379,0.8851526975631714
D_no_BC,48,0.2856425642967224,0.2860104739665985,"[0.7325156331062317, 0.3174768090248108, 0.7502956390380859, 0.10257124900817871, 0.0985909104347229, 0.8123733997344971, 0.5982434749603271]","[0.09773095697164536, 0.16314935684204102, 0.1010713130235672, 0.13945452868938446, 0.10051926225423813, 0.09360677003860474, 0.7247170805931091]",0.049787066876888275,-3.0,-3.0,0.102120541036129,0.3398701548576355,0.3400201201438904,"[-0.33461621403694153, 0.4694409668445587, 0.9019770622253418, -0.8899579048156738, -0.6394212245941162, -0.11068478226661682, 0.6022116541862488]","[0.1796189397573471, 0.18603962659835815, 0.04651426151394844, 0.05683187395334244, 0.09423814713954926, 0.20781700313091278, 0.7267716526985168]",0.049787066876888275,-3.0,-3.0,0.1333705484867096,0.2691507041454315,0.27103883028030396,0.3455389142036438,0.3456615209579468,"{""critic_optimizer_updates"": 2048, ""actor_optimizer_updates_0"": 48, ""actor_optimizer_updates_1"": 48, ""actor_optimizer_steps_total"": 96, ""alpha_optimizer_updates"": 48}",1.9363250732421875,0.5735124349594116,0.672593355178833,1.0285227298736572,0.8823493719100952
D_no_BC,49,0.2833831310272217,0.28374889492988586,"[0.7304449081420898, 0.3131728768348694, 0.7458429336547852, 0.09414927661418915, 0.09225830435752869, 0.8117228746414185, 0.5986661911010742]","[0.09785681962966919, 0.16233444213867188, 0.10170850902795792, 0.1392436921596527, 0.09944315254688263, 0.0934680625796318, 0.7244989275932312]",0.049787066876888275,-3.0,-3.0,0.1004464328289032,0.33815881609916687,0.33830124139785767,"[-0.3255988657474518, 0.46325236558914185, 0.9014889001846313, -0.8916752934455872, -0.6376512050628662, -0.1095806360244751, 0.6001555919647217]","[0.18045276403427124, 0.18675653636455536, 0.046463366597890854, 0.05606000870466232, 0.09406130760908127, 0.20742389559745789, 0.7260724306106567]",0.049787066876888275,-3.0,-3.0,0.1316964328289032,0.2669849991798401,0.26885172724723816,0.34390246868133545,0.34402400255203247,"{""critic_optimizer_updates"": 2049, ""actor_optimizer_updates_0"": 49, ""actor_optimizer_updates_1"": 49, ""actor_optimizer_steps_total"": 98, ""alpha_optimizer_updates"": 49}",1.9542136192321777,0.5628740191459656,0.68184494972229,1.0176973342895508,0.878533124923706
D_no_BC,50,0.28115352988243103,0.28151822090148926,"[0.7282334566116333, 0.3095603585243225, 0.7411007285118103, 0.08685745298862457, 0.08535076677799225, 0.8109654784202576, 0.5989925861358643]","[0.09800008684396744, 0.1614619493484497, 0.10237745940685272, 0.13907413184642792, 0.0988093912601471, 0.09332498908042908, 0.7242675423622131]",0.049787066876888275,-3.0,-3.0,0.0993303582072258,0.3364134132862091,0.33654800057411194,"[-0.31675225496292114, 0.4571325182914734, 0.9009580016136169, -0.8932897448539734, -0.6355066299438477, -0.10938091576099396, 0.598595142364502]","[0.1812288612127304, 0.187491312623024, 0.04642724618315697, 0.055328790098428726, 0.09400633722543716, 0.20709839463233948, 0.7255041003227234]",0.049787066876888275,-3.0,-3.0,0.1305803656578064,0.2648482024669647,0.26669421792030334,0.34223195910453796,0.3423525393009186,"{""critic_optimizer_updates"": 2050, ""actor_optimizer_updates_0"": 50, ""actor_optimizer_updates_1"": 50, ""actor_optimizer_steps_total"": 100, ""alpha_optimizer_updates"": 50}",1.957956075668335,0.556243360042572,0.6844857931137085,1.0075753927230835,0.8768240809440613
D_no_BC,51,0.27886757254600525,0.2792312502861023,"[0.7258684635162354, 0.3059766888618469, 0.7361208200454712, 0.0802408903837204, 0.07733026146888733, 0.8101046681404114, 0.5994035005569458]","[0.09812265634536743, 0.16067363321781158, 0.10303675383329391, 0.1389630287885666, 0.09828980267047882, 0.09319557994604111, 0.7240630984306335]",0.049787066876888275,-3.0,-3.0,0.0976562574505806,0.3344573676586151,0.3345826268196106,"[-0.3078022003173828, 0.4509992003440857, 0.9003379344940186, -0.8947286605834961, -0.632614254951477, -0.11135780066251755, 0.5978084802627563]","[0.1819663941860199, 0.18830165266990662, 0.046412017196416855, 0.05465979874134064, 0.09403406083583832, 0.2063455432653427, 0.7251372933387756]",0.049787066876888275,-3.0,-3.0,0.130022332072258,0.2626427710056305,0.26446837186813354,0.34034234285354614,0.3404606580734253,"{""critic_optimizer_updates"": 2051, ""actor_optimizer_updates_0"": 51, ""actor_optimizer_updates_1"": 51, ""actor_optimizer_steps_total"": 102, ""alpha_optimizer_updates"": 51}",1.9535925388336182,0.55562424659729,0.6856991052627563,1.0057322978973389,0.8768012523651123
D_no_BC,52,0.27661722898483276,0.27698153257369995,"[0.7233087420463562, 0.303793340921402, 0.7307814955711365, 0.07613469660282135, 0.06842803210020065, 0.8090150356292725, 0.6000029444694519]","[0.09825730323791504, 0.15981170535087585, 0.10370226949453354, 0.1388908326625824, 0.09804416447877884, 0.09309002012014389, 0.7239153981208801]",0.049787066876888275,-3.0,-3.0,0.0965401828289032,0.33225613832473755,0.33237114548683167,"[-0.298692524433136, 0.4444858133792877, 0.8996314406394958, -0.8960286378860474, -0.6286358833312988, -0.11490912735462189, 0.5973019003868103]","[0.18269602954387665, 0.18919585645198822, 0.046419426798820496, 0.054032932966947556, 0.09427469968795776, 0.20559220016002655, 0.7248488068580627]",0.049787066876888275,-3.0,-3.0,0.1283482164144516,0.2604667842388153,0.2622755467891693,0.3382114768028259,0.3383276164531708,"{""critic_optimizer_updates"": 2052, ""actor_optimizer_updates_0"": 52, ""actor_optimizer_updates_1"": 52, ""actor_optimizer_steps_total"": 104, ""alpha_optimizer_updates"": 52}",1.9290170669555664,0.5632469654083252,0.6846691370010376,1.0125077962875366,0.8793758153915405
D_no_BC,53,0.2743639349937439,0.2747293710708618,"[0.7206207513809204, 0.3019394874572754, 0.7252482175827026, 0.07219990342855453, 0.06015517935156822, 0.807797908782959, 0.600456953048706]","[0.09838121384382248, 0.15895462036132812, 0.10435400158166885, 0.1388576477766037, 0.09779935330152512, 0.09298696368932724, 0.7237335443496704]",0.049787066876888275,-3.0,-3.0,0.0959821492433548,0.3297339975833893,0.3298379182815552,"[-0.2891431450843811, 0.43758371472358704, 0.8988496661186218, -0.8972263336181641, -0.6234043836593628, -0.11688033491373062, 0.596936821937561]","[0.18333536386489868, 0.19011040031909943, 0.04645020514726639, 0.05344736948609352, 0.09483098238706589, 0.20513620972633362, 0.7246012687683105]",0.049787066876888275,-3.0,-3.0,0.1283482164144516,0.25828254222869873,0.26007646322250366,0.3357815444469452,0.33589452505111694,"{""critic_optimizer_updates"": 2053, ""actor_optimizer_updates_0"": 53, ""actor_optimizer_updates_1"": 53, ""actor_optimizer_steps_total"": 106, ""alpha_optimizer_updates"": 53}",1.9049865007400513,0.5718876719474792,0.6794657111167908,1.0203428268432617,0.8825490474700928
D_no_BC,54,0.2720737159252167,0.2724403440952301,"[0.7178595066070557, 0.30007997155189514, 0.719510555267334, 0.06888118386268616, 0.05159946531057358, 0.8064689636230469, 0.6011145114898682]","[0.09848284721374512, 0.15821757912635803, 0.10497131198644638, 0.13878871500492096, 0.09815305471420288, 0.09289012849330902, 0.7235988974571228]",0.049787066876888275,-3.0,-3.0,0.0954241082072258,0.3272242248058319,0.32731691002845764,"[-0.28053104877471924, 0.4303895831108093, 0.8980368375778198, -0.8983280658721924, -0.6179120540618896, -0.12037289142608643, 0.5969035625457764]","[0.18388547003269196, 0.19108279049396515, 0.046494368463754654, 0.0529031828045845, 0.09558190405368805, 0.20445013046264648, 0.7244479656219482]",0.049787066876888275,-3.0,-3.0,0.1277901828289032,0.2560533881187439,0.25782957673072815,0.33335837721824646,0.33346816897392273,"{""critic_optimizer_updates"": 2054, ""actor_optimizer_updates_0"": 54, ""actor_optimizer_updates_1"": 54, ""actor_optimizer_steps_total"": 108, ""alpha_optimizer_updates"": 54}",1.8879234790802002,0.5699760913848877,0.6744360327720642,1.0079607963562012,0.8849141001701355
D_no_BC,55,0.26990360021591187,0.2702721059322357,"[0.7152174115180969, 0.29866108298301697, 0.713797926902771, 0.06537406146526337, 0.0437312126159668, 0.8051540851593018, 0.6019060015678406]","[0.09856422990560532, 0.1575000137090683, 0.10554623603820801, 0.1388407051563263, 0.09915554523468018, 0.0927736759185791, 0.7234908938407898]",0.049787066876888275,-3.0,-3.0,0.0948660746216774,0.3248727023601532,0.324954628944397,"[-0.27205783128738403, 0.42291906476020813, 0.8973132967948914, -0.8993566036224365, -0.6132497191429138, -0.12545667588710785, 0.597506046295166]","[0.18442942202091217, 0.19215455651283264, 0.04651464521884918, 0.05238675698637962, 0.09638979285955429, 0.20360547304153442, 0.7244706749916077]",0.049787066876888275,-3.0,-3.0,0.1272321492433548,0.2539321482181549,0.2556890547275543,0.33108100295066833,0.3311874568462372,"{""critic_optimizer_updates"": 2055, ""actor_optimizer_updates_0"": 55, ""actor_optimizer_updates_1"": 55, ""actor_optimizer_steps_total"": 110, ""alpha_optimizer_updates"": 55}",1.8797187805175781,0.5690726041793823,0.6638306379318237,0.9947348237037659,0.8901505470275879
D_no_BC,56,0.26782575249671936,0.2681961953639984,"[0.7126564383506775, 0.2971947193145752, 0.7081093192100525, 0.06150660663843155, 0.03449557349085808, 0.8040633201599121, 0.6029804348945618]","[0.09861121326684952, 0.1568225622177124, 0.10607694834470749, 0.13900575041770935, 0.10050459951162338, 0.09259691834449768, 0.7234355211257935]",0.049787066876888275,-3.0,-3.0,0.0937500074505806,0.32265105843544006,0.32272276282310486,"[-0.2630862295627594, 0.4151609539985657, 0.8966623544692993, -0.9003188014030457, -0.6095098257064819, -0.12976330518722534, 0.5983308553695679]","[0.1849711537361145, 0.1932772397994995, 0.04650824889540672, 0.051888469606637955, 0.09715548157691956, 0.20296162366867065, 0.7245634198188782]",0.049787066876888275,-3.0,-3.0,0.1272321492433548,0.2518952786922455,0.2536298632621765,0.3289348781108856,0.32903850078582764,"{""critic_optimizer_updates"": 2056, ""actor_optimizer_updates_0"": 56, ""actor_optimizer_updates_1"": 56, ""actor_optimizer_steps_total"": 112, ""alpha_optimizer_updates"": 56}",1.8728173971176147,0.5708475112915039,0.6565179824829102,0.9934196472167969,0.8931336402893066
D_no_BC,57,0.2658343017101288,0.26620709896087646,"[0.7101560831069946, 0.2960628569126129, 0.7024675607681274, 0.056739695370197296, 0.026075374335050583, 0.803052544593811, 0.6039941310882568]","[0.09863006323575974, 0.15616022050380707, 0.10656784474849701, 0.13928507268428802, 0.10119298100471497, 0.09238449484109879, 0.7233467102050781]",0.049787066876888275,-3.0,-3.0,0.0937500074505806,0.3204479217529297,0.3205098509788513,"[-0.2535761594772339, 0.4069322943687439, 0.8960549235343933, -0.9012024998664856, -0.6063861846923828, -0.13282561302185059, 0.5994805693626404]","[0.1855398267507553, 0.19447700679302216, 0.04647764563560486, 0.05141455680131912, 0.09786181896924973, 0.20254699885845184, 0.7247573137283325]",0.049787066876888275,-3.0,-3.0,0.1272321492433548,0.24994248151779175,0.2516554892063141,0.32680338621139526,0.3269038796424866,"{""critic_optimizer_updates"": 2057, ""actor_optimizer_updates_0"": 57, ""actor_optimizer_updates_1"": 57, ""actor_optimizer_steps_total"": 114, ""alpha_optimizer_updates"": 57}",1.873915195465088,0.5695897340774536,0.649970293045044,0.9854726791381836,0.895425021648407
D_no_BC,58,0.26384416222572327,0.2642194330692291,"[0.7075533866882324, 0.2949896454811096, 0.6967692971229553, 0.05148601531982422, 0.01736816018819809, 0.8020065426826477, 0.6049994826316833]","[0.09864630550146103, 0.15554456412792206, 0.10700767487287521, 0.13953498005867004, 0.10211183875799179, 0.09217699617147446, 0.7232170104980469]",0.049787066876888275,-3.0,-3.0,0.0931919664144516,0.31811246275901794,0.3181633949279785,"[-0.24359259009361267, 0.39829546213150024, 0.895430326461792, -0.9019584655761719, -0.6032888293266296, -0.13732628524303436, 0.6013213396072388]","[0.1860378533601761, 0.19577445089817047, 0.04644700139760971, 0.05098669230937958, 0.09858209639787674, 0.20145581662654877, 0.7251573204994202]",0.049787066876888275,-3.0,-3.0,0.1272321492433548,0.2479921132326126,0.2496805340051651,0.32450705766677856,0.32460302114486694,"{""critic_optimizer_updates"": 2058, ""actor_optimizer_updates_0"": 58, ""actor_optimizer_updates_1"": 58, ""actor_optimizer_steps_total"": 116, ""alpha_optimizer_updates"": 58}",1.8685657978057861,0.5697352886199951,0.6487162709236145,0.9834557175636292,0.8949453830718994
D_no_BC,59,0.26208922266960144,0.2624692916870117,"[0.7049564123153687, 0.2961568534374237, 0.6910260915756226, 0.04743296653032303, 0.007353229448199272, 0.8008755445480347, 0.6059862375259399]","[0.09867358952760696, 0.15491054952144623, 0.10742101818323135, 0.139801487326622, 0.10356531292200089, 0.09198862314224243, 0.7230423092842102]",0.049787066876888275,-3.0,-3.0,0.0926339328289032,0.31585511565208435,0.3158951699733734,"[-0.2332318127155304, 0.38937801122665405, 0.8948980569839478, -0.9026418924331665, -0.6007170677185059, -0.14180916547775269, 0.6035231351852417]","[0.18654334545135498, 0.19713139533996582, 0.04638182371854782, 0.050582535564899445, 0.09925447404384613, 0.20042510330677032, 0.7256813645362854]",0.049787066876888275,-3.0,-3.0,0.1272321492433548,0.24625565111637115,0.24792122840881348,0.3222723603248596,0.3223634362220764,"{""critic_optimizer_updates"": 2059, ""actor_optimizer_updates_0"": 59, ""actor_optimizer_updates_1"": 59, ""actor_optimizer_steps_total"": 118, ""alpha_optimizer_updates"": 59}",1.8678735494613647,0.5675671100616455,0.6505002379417419,0.9804120063781738,0.8931273221969604
D_no_BC,60,0.26052922010421753,0.26091620326042175,"[0.702316164970398, 0.2991724908351898, 0.6851657032966614, 0.043776948004961014, -0.0037925683427602053, 0.7997376322746277, 0.6068245768547058]","[0.09870503097772598, 0.15424321591854095, 0.1078120544552803, 0.14010471105575562, 0.10516107082366943, 0.0917806550860405, 0.7227905988693237]",0.049787066876888275,-3.0,-3.0,0.0920758992433548,0.31348058581352234,0.313509464263916,"[-0.22217100858688354, 0.38000980019569397, 0.8943578004837036, -0.9032307863235474, -0.5973761081695557, -0.14763905107975006, 0.6055355072021484]","[0.18708890676498413, 0.19849340617656708, 0.04630757495760918, 0.050208594650030136, 0.10010839253664017, 0.19944113492965698, 0.7261677980422974]",0.049787066876888275,-3.0,-3.0,0.1272321492433548,0.24470068514347076,0.2463473677635193,0.31990569829940796,0.31999194622039795,"{""critic_optimizer_updates"": 2060, ""actor_optimizer_updates_0"": 60, ""actor_optimizer_updates_1"": 60, ""actor_optimizer_steps_total"": 120, ""alpha_optimizer_updates"": 60}",1.87091064453125,0.5637116432189941,0.6543745994567871,0.9770125150680542,0.8908276557922363
D_no_BC,61,0.25896090269088745,0.25935468077659607,"[0.6995040774345398, 0.30198413133621216, 0.6791192889213562, 0.039565589278936386, -0.015416257083415985, 0.798647940158844, 0.6073508262634277]","[0.09874506294727325, 0.15364927053451538, 0.10820004343986511, 0.14036209881305695, 0.10646164417266846, 0.09155471622943878, 0.7224172353744507]",0.049787066876888275,-3.0,-3.0,0.090401791036129,0.311068058013916,0.3110865652561188,"[-0.2129528522491455, 0.37054669857025146, 0.893757700920105, -0.9037321209907532, -0.5931281447410583, -0.15088540315628052, 0.60760098695755]","[0.1875680834054947, 0.19977964460849762, 0.046253930777311325, 0.049866676330566406, 0.10109905898571014, 0.19885703921318054, 0.7266814112663269]",0.049787066876888275,-3.0,-3.0,0.1272321492433548,0.24314360320568085,0.24477466940879822,0.3175070285797119,0.3175874948501587,"{""critic_optimizer_updates"": 2061, ""actor_optimizer_updates_0"": 61, ""actor_optimizer_updates_1"": 61, ""actor_optimizer_steps_total"": 122, ""alpha_optimizer_updates"": 61}",1.889824390411377,0.5552077293395996,0.6617158651351929,0.9690478444099426,0.8863900899887085
D_no_BC,62,0.2575337886810303,0.2579350173473358,"[0.6967175602912903, 0.30514174699783325, 0.6730706691741943, 0.034578002989292145, -0.02789320796728134, 0.797641396522522, 0.6080170273780823]","[0.09879443794488907, 0.15310892462730408, 0.10855729132890701, 0.14066313207149506, 0.10865176469087601, 0.09132824093103409, 0.7220023274421692]",0.049787066876888275,-3.0,-3.0,0.090401791036129,0.308681845664978,0.30869027972221375,"[-0.2036067396402359, 0.360776424407959, 0.8932515978813171, -0.9041815400123596, -0.589020311832428, -0.15196013450622559, 0.6097867488861084]","[0.18815946578979492, 0.20111753046512604, 0.04617669805884361, 0.049549560993909836, 0.10210195183753967, 0.1986461728811264, 0.7272398471832275]",0.049787066876888275,-3.0,-3.0,0.1272321492433548,0.24171213805675507,0.24332670867443085,0.3151383101940155,0.31521254777908325,"{""critic_optimizer_updates"": 2062, ""actor_optimizer_updates_0"": 62, ""actor_optimizer_updates_1"": 62, ""actor_optimizer_steps_total"": 124, ""alpha_optimizer_updates"": 62}",1.90777587890625,0.547168493270874,0.6724298000335693,0.9640907049179077,0.880827009677887
D_no_BC,63,0.2562147080898285,0.2566247880458832,"[0.6938036680221558, 0.3091331422328949, 0.6668546199798584, 0.02969382330775261, -0.04062411189079285, 0.7965860962867737, 0.6086663603782654]","[0.09886367619037628, 0.152573361992836, 0.10891035199165344, 0.1410619616508484, 0.11164624989032745, 0.09108655899763107, 0.7215327620506287]",0.049787066876888275,-3.0,-3.0,0.0881696492433548,0.306159645318985,0.3061579465866089,"[-0.19491425156593323, 0.350765585899353, 0.8927497267723083, -0.904585599899292, -0.5839309096336365, -0.1502012014389038, 0.6119844317436218]","[0.18886353075504303, 0.202551007270813, 0.04609178006649017, 0.04924415424466133, 0.10335896909236908, 0.19881021976470947, 0.7278100848197937]",0.049787066876888275,-3.0,-3.0,0.1277901828289032,0.24037954211235046,0.2419806271791458,0.31265461444854736,0.3127211928367615,"{""critic_optimizer_updates"": 2063, ""actor_optimizer_updates_0"": 63, ""actor_optimizer_updates_1"": 63, ""actor_optimizer_steps_total"": 126, ""alpha_optimizer_updates"": 63}",1.9307297468185425,0.5395197868347168,0.679308295249939,0.958311140537262,0.8757766485214233
D_no_BC,64,0.25491613149642944,0.2553353011608124,"[0.6907135248184204, 0.3132074475288391, 0.6604005694389343, 0.024530377238988876, -0.05407332628965378, 0.79547119140625, 0.6093673706054688]","[0.09895066171884537, 0.15209084749221802, 0.10925164818763733, 0.14154818654060364, 0.11491498351097107, 0.09085692465305328, 0.720984697341919]",0.049787066876888275,-3.0,-3.0,0.0881696492433548,0.3034478724002838,0.303433895111084,"[-0.18585434556007385, 0.34248703718185425, 0.8921914100646973, -0.9049022197723389, -0.5766133069992065, -0.14642053842544556, 0.6138514280319214]","[0.18958957493305206, 0.20393750071525574, 0.04603036865592003, 0.04897603020071983, 0.10527351498603821, 0.1992538571357727, 0.7282851338386536]",0.049787066876888275,-3.0,-3.0,0.1277901828289032,0.23906072974205017,0.2406478226184845,0.309989333152771,0.31004640460014343,"{""critic_optimizer_updates"": 2064, ""actor_optimizer_updates_0"": 64, ""actor_optimizer_updates_1"": 64, ""actor_optimizer_steps_total"": 128, ""alpha_optimizer_updates"": 64}",1.9561686515808105,0.528415322303772,0.6855193376541138,0.9494694471359253,0.8703097105026245
D_no_BC,65,0.2537705898284912,0.25419995188713074,"[0.6875869035720825, 0.31788572669029236, 0.6537244915962219, 0.01944822072982788, -0.06838361918926239, 0.7944509387016296, 0.6099993586540222]","[0.09905800223350525, 0.1516304910182953, 0.10959211736917496, 0.1421625167131424, 0.11827480047941208, 0.09059786051511765, 0.7203252911567688]",0.049787066876888275,-3.0,-3.0,0.0870535746216774,0.3005238473415375,0.3004966974258423,"[-0.1761641502380371, 0.33377301692962646, 0.8916736841201782, -0.9052290320396423, -0.5680922269821167, -0.13976165652275085, 0.615608811378479]","[0.1903575360774994, 0.20540079474449158, 0.04595280811190605, 0.04870980605483055, 0.10757707059383392, 0.20018617808818817, 0.7287255525588989]",0.049787066876888275,-3.0,-3.0,0.1277901828289032,0.23788191378116608,0.23945653438568115,0.3071233034133911,0.3071696162223816,"{""critic_optimizer_updates"": 2065, ""actor_optimizer_updates_0"": 65, ""actor_optimizer_updates_1"": 65, ""actor_optimizer_steps_total"": 130, ""alpha_optimizer_updates"": 65}",1.9824252128601074,0.5175524353981018,0.6924782991409302,0.946202278137207,0.864075779914856
D_no_BC,66,0.25276005268096924,0.2532002329826355,"[0.6843807101249695, 0.3229489326477051, 0.6467769742012024, 0.01511207316070795, -0.08368077874183655, 0.7935512065887451, 0.6106380224227905]","[0.09919865429401398, 0.15120700001716614, 0.10995366424322128, 0.14288514852523804, 0.12154221534729004, 0.09030899405479431, 0.7195966839790344]",0.049787066876888275,-3.0,-3.0,0.0853794664144516,0.2974430322647095,0.2974012494087219,"[-0.1659274399280548, 0.32484686374664307, 0.8912209272384644, -0.9055455923080444, -0.5583535432815552, -0.13140372931957245, 0.6172134876251221]","[0.19117842614650726, 0.2069537490606308, 0.04584421589970589, 0.04844169691205025, 0.11039035767316818, 0.20126506686210632, 0.7291170954704285]",0.049787066876888275,-3.0,-3.0,0.1277901828289032,0.236826092004776,0.23838907480239868,0.30409660935401917,0.30413076281547546,"{""critic_optimizer_updates"": 2066, ""actor_optimizer_updates_0"": 66, ""actor_optimizer_updates_1"": 66, ""actor_optimizer_steps_total"": 132, ""alpha_optimizer_updates"": 66}",2.003530740737915,0.5105937719345093,0.6920098662376404,0.9388870000839233,0.8608288168907166
D_no_BC,67,0.25185590982437134,0.25230732560157776,"[0.681094765663147, 0.32796838879585266, 0.6394901275634766, 0.011885719373822212, -0.09995339810848236, 0.7927750945091248, 0.6113288402557373]","[0.09937001764774323, 0.15090350806713104, 0.11030404269695282, 0.14370356500148773, 0.12489303946495056, 0.08997444808483124, 0.7187141180038452]",0.049787066876888275,-3.0,-3.0,0.0848214328289032,0.29448795318603516,0.2944318652153015,"[-0.1573183238506317, 0.3165586590766907, 0.8908116817474365, -0.9058094024658203, -0.5477983951568604, -0.1234520748257637, 0.6186449527740479]","[0.1922643631696701, 0.20847883820533752, 0.04571672901511192, 0.04818858951330185, 0.11336258798837662, 0.20226331055164337, 0.729444682598114]",0.049787066876888275,-3.0,-3.0,0.1283482164144516,0.23587031662464142,0.23742187023162842,0.30118489265441895,0.30120712518692017,"{""critic_optimizer_updates"": 2067, ""actor_optimizer_updates_0"": 67, ""actor_optimizer_updates_1"": 67, ""actor_optimizer_steps_total"": 134, ""alpha_optimizer_updates"": 67}",2.0196142196655273,0.5067174434661865,0.6914911270141602,0.9332900643348694,0.8594194054603577
D_no_BC,68,0.25099867582321167,0.2514619827270508,"[0.6776561141014099, 0.3331391513347626, 0.6319239139556885, 0.009095126762986183, -0.11622047424316406, 0.7919696569442749, 0.612018346786499]","[0.09957136958837509, 0.1506386548280716, 0.11063536256551743, 0.1445695459842682, 0.1282450556755066, 0.0896429792046547, 0.7176898717880249]",0.049787066876888275,-3.0,-3.0,0.0837053582072258,0.2916210889816284,0.29155004024505615,"[-0.1503598690032959, 0.30949944257736206, 0.890426754951477, -0.9059865474700928, -0.5360113382339478, -0.11568161845207214, 0.6199585199356079]","[0.1934611201286316, 0.2098320722579956, 0.04557998105883598, 0.04796452447772026, 0.1167687177658081, 0.2031952440738678, 0.7297244668006897]",0.049787066876888275,-3.0,-3.0,0.1272321492433548,0.23497062921524048,0.23651185631752014,0.2983461022377014,0.2983549237251282,"{""critic_optimizer_updates"": 2068, ""actor_optimizer_updates_0"": 68, ""actor_optimizer_updates_1"": 68, ""actor_optimizer_steps_total"": 136, ""alpha_optimizer_updates"": 68}",2.035252332687378,0.5005155801773071,0.6906105279922485,0.9228976964950562,0.8575589656829834
D_no_BC,69,0.2502533495426178,0.250728577375412,"[0.6741493940353394, 0.3382968008518219, 0.624239444732666, 0.005963023751974106, -0.13305801153182983, 0.7912086248397827, 0.6127771139144897]","[0.09978590160608292, 0.15044520795345306, 0.11094576120376587, 0.1454552859067917, 0.1313645988702774, 0.08931925147771835, 0.7165089845657349]",0.049787066876888275,-3.0,-3.0,0.082589291036129,0.2888227701187134,0.28873682022094727,"[-0.14528118073940277, 0.3028183579444885, 0.8900397419929504, -0.9061764478683472, -0.5229895114898682, -0.10589928925037384, 0.6210687160491943]","[0.19494763016700745, 0.21123561263084412, 0.04544359818100929, 0.047735512256622314, 0.1206960454583168, 0.20435427129268646, 0.7299312353134155]",0.049787066876888275,-3.0,-3.0,0.126116082072258,0.23417243361473083,0.235699862241745,0.2955830693244934,0.295577734708786,"{""critic_optimizer_updates"": 2069, ""actor_optimizer_updates_0"": 69, ""actor_optimizer_updates_1"": 69, ""actor_optimizer_steps_total"": 138, ""alpha_optimizer_updates"": 69}",2.041890859603882,0.4995112419128418,0.6888086199760437,0.9188470244407654,0.8584896922111511
D_no_BC,70,0.24954837560653687,0.25003576278686523,"[0.6704427003860474, 0.34328415989875793, 0.6162235736846924, 0.0024868992622941732, -0.15040794014930725, 0.790405809879303, 0.6134639382362366]","[0.10001052170991898, 0.15029843151569366, 0.1112196072936058, 0.1464061290025711, 0.1345256268978119, 0.08900178968906403, 0.715143084526062]",0.049787066876888275,-3.0,-3.0,0.0831473246216774,0.2861393392086029,0.2860387861728668,"[-0.1417144536972046, 0.29651689529418945, 0.8895834684371948, -0.9063040018081665, -0.5093220472335815, -0.09478075802326202, 0.6219860315322876]","[0.19658787548542023, 0.212718203663826, 0.045327078551054, 0.04752710089087486, 0.12484073638916016, 0.2056250125169754, 0.7300648093223572]",0.049787066876888275,-3.0,-3.0,0.126116082072258,0.23340317606925964,0.23491789400577545,0.2929403781890869,0.2929207682609558,"{""critic_optimizer_updates"": 2070, ""actor_optimizer_updates_0"": 70, ""actor_optimizer_updates_1"": 70, ""actor_optimizer_steps_total"": 140, ""alpha_optimizer_updates"": 70}",2.044426679611206,0.49608153104782104,0.685189962387085,0.9078541994094849,0.8591824769973755
D_no_BC,71,0.24877245724201202,0.2492723912000656,"[0.6665589213371277, 0.3481360971927643, 0.6079280972480774, -2.581835724413395e-05, -0.16631565988063812, 0.7894254922866821, 0.6141848564147949]","[0.10024793446063995, 0.15013182163238525, 0.11147869378328323, 0.14740248024463654, 0.13786183297634125, 0.08872246742248535, 0.7135956287384033]",0.049787066876888275,-3.0,-3.0,0.0831473246216774,0.2833978831768036,0.28328102827072144,"[-0.13958203792572021, 0.291287899017334, 0.8890672326087952, -0.9063118696212769, -0.4932391345500946, -0.08397381752729416, 0.6227812767028809]","[0.1986590474843979, 0.21427646279335022, 0.04522920027375221, 0.04735862836241722, 0.1297110766172409, 0.2067970484495163, 0.7301271557807922]",0.049787066876888275,-3.0,-3.0,0.125,0.2325817346572876,0.23408475518226624,0.2902321517467499,0.2901953458786011,"{""critic_optimizer_updates"": 2071, ""actor_optimizer_updates_0"": 71, ""actor_optimizer_updates_1"": 71, ""actor_optimizer_steps_total"": 142, ""alpha_optimizer_updates"": 71}",2.055046796798706,0.4904661178588867,0.6860387921333313,0.8962603211402893,0.8592677116394043
D_no_BC,72,0.24823792278766632,0.2487511783838272,"[0.662850022315979, 0.3533210754394531, 0.5996185541152954, -0.00355653278529644, -0.18237724900245667, 0.7887179851531982, 0.6150455474853516]","[0.1004750058054924, 0.1499149650335312, 0.11169727146625519, 0.14841590821743011, 0.14069029688835144, 0.08839590847492218, 0.711844801902771]",0.049787066876888275,-3.0,-3.0,0.0831473246216774,0.280826210975647,0.28069448471069336,"[-0.1391102522611618, 0.2851863503456116, 0.8886292576789856, -0.9063224792480469, -0.4771095812320709, -0.07182596623897552, 0.6235617399215698]","[0.20096005499362946, 0.21583151817321777, 0.04511594399809837, 0.047191545367240906, 0.1346992403268814, 0.20811642706394196, 0.7301607131958008]",0.049787066876888275,-3.0,-3.0,0.1255580484867096,0.23199959099292755,0.23348955810070038,0.2876967787742615,0.28764328360557556,"{""critic_optimizer_updates"": 2072, ""actor_optimizer_updates_0"": 72, ""actor_optimizer_updates_1"": 72, ""actor_optimizer_steps_total"": 144, ""alpha_optimizer_updates"": 72}",2.0581929683685303,0.4875289499759674,0.6847734451293945,0.8834534883499146,0.8612294793128967
D_no_BC,73,0.24777770042419434,0.24830417335033417,"[0.6590510606765747, 0.3585261106491089, 0.5912714004516602, -0.008190365508198738, -0.19795498251914978, 0.7880382537841797, 0.6161123514175415]","[0.10068904608488083, 0.14977099001407623, 0.11187279224395752, 0.14947029948234558, 0.14330868422985077, 0.0880635678768158, 0.70988529920578]",0.049787066876888275,-3.0,-3.0,0.08203125,0.2780717611312866,0.27792173624038696,"[-0.1369386613368988, 0.2792411148548126, 0.8882412314414978, -0.9062653183937073, -0.45894309878349304, -0.06154799461364746, 0.6242483258247375]","[0.20329496264457703, 0.21746772527694702, 0.044992439448833466, 0.04704434797167778, 0.14056292176246643, 0.2091722935438156, 0.7301413416862488]",0.049787066876888275,-3.0,-3.0,0.1255580484867096,0.23148727416992188,0.23296386003494263,0.2849619686603546,0.2848895788192749,"{""critic_optimizer_updates"": 2073, ""actor_optimizer_updates_0"": 73, ""actor_optimizer_updates_1"": 73, ""actor_optimizer_steps_total"": 146, ""alpha_optimizer_updates"": 73}",2.0547196865081787,0.4875495433807373,0.6772520542144775,0.8750917911529541,0.8643265962600708
D_no_BC,74,0.24740004539489746,0.24793989956378937,"[0.655113697052002, 0.36361557245254517, 0.5828503966331482, -0.013435263186693192, -0.21385227143764496, 0.7873998880386353, 0.617199182510376]","[0.10089259594678879, 0.14958322048187256, 0.1120273768901825, 0.15053872764110565, 0.1452169418334961, 0.0877104103565216, 0.707711398601532]",0.049787066876888275,-3.0,-3.0,0.0809151828289032,0.2757668197154999,0.27560028433799744,"[-0.13771536946296692, 0.2742692530155182, 0.8878782987594604, -0.9061546325683594, -0.44117647409439087, -0.05106917768716812, 0.6248349547386169]","[0.20610563457012177, 0.2190089225769043, 0.04485926404595375, 0.04690851643681526, 0.14621226489543915, 0.21023477613925934, 0.730063796043396]",0.049787066876888275,-3.0,-3.0,0.1244419664144516,0.23105430603027344,0.23251871764659882,0.2826654314994812,0.28257501125335693,"{""critic_optimizer_updates"": 2074, ""actor_optimizer_updates_0"": 74, ""actor_optimizer_updates_1"": 74, ""actor_optimizer_steps_total"": 148, ""alpha_optimizer_updates"": 74}",2.0481276512145996,0.48229411244392395,0.6722936630249023,0.8600050210952759,0.8653600811958313
D_no_BC,75,0.24723950028419495,0.2477930188179016,"[0.6510995030403137, 0.3688790202140808, 0.5744606256484985, -0.01990026980638504, -0.23056331276893616, 0.7868945598602295, 0.6184507608413696]","[0.10109436511993408, 0.14936469495296478, 0.11214783042669296, 0.15162190794944763, 0.14672477543354034, 0.08731532096862793, 0.7053595185279846]",0.049787066876888275,-3.0,-3.0,0.0797991082072258,0.273796021938324,0.2736152708530426,"[-0.13612323999404907, 0.2679399251937866, 0.8876122832298279, -0.9060072302818298, -0.42726659774780273, -0.04137113690376282, 0.6253878474235535]","[0.2088608741760254, 0.22058014571666718, 0.04469989612698555, 0.046781864017248154, 0.15042904019355774, 0.21126306056976318, 0.7299448251724243]",0.049787066876888275,-3.0,-3.0,0.1244419664144516,0.23081296682357788,0.23226650059223175,0.2806774973869324,0.28057199716567993,"{""critic_optimizer_updates"": 2075, ""actor_optimizer_updates_0"": 75, ""actor_optimizer_updates_1"": 75, ""actor_optimizer_steps_total"": 150, ""alpha_optimizer_updates"": 75}",2.042135715484619,0.4825555682182312,0.6623732447624207,0.8516273498535156,0.8681793212890625
D_no_BC,76,0.24719293415546417,0.24776072800159454,"[0.6468302607536316, 0.3744570016860962, 0.5659352540969849, -0.026193227618932724, -0.24793952703475952, 0.7863022089004517, 0.6200026273727417]","[0.10128297656774521, 0.14907942712306976, 0.11219482123851776, 0.15271969139575958, 0.1477842628955841, 0.08692797273397446, 0.7027169466018677]",0.049787066876888275,-3.0,-3.0,0.078683041036129,0.271974116563797,0.27178090810775757,"[-0.132221058011055, 0.26002609729766846, 0.8873026371002197, -0.9057640433311462, -0.41599559783935547, -0.030834900215268135, 0.6257812976837158]","[0.211551234126091, 0.2221786230802536, 0.04456328973174095, 0.0466921329498291, 0.153977632522583, 0.21234023571014404, 0.7297406196594238]",0.049787066876888275,-3.0,-3.0,0.1244419664144516,0.23066994547843933,0.2321111261844635,0.27883967757225037,0.2787214517593384,"{""critic_optimizer_updates"": 2076, ""actor_optimizer_updates_0"": 76, ""actor_optimizer_updates_1"": 76, ""actor_optimizer_steps_total"": 152, ""alpha_optimizer_updates"": 76}",2.0366733074188232,0.483074426651001,0.6554392576217651,0.8458528518676758,0.8704965114593506
D_no_BC,77,0.24731625616550446,0.247898131608963,"[0.6424864530563354, 0.3798995018005371, 0.5575250387191772, -0.032802022993564606, -0.2653469443321228, 0.7857619524002075, 0.6218810677528381]","[0.10148287564516068, 0.14884331822395325, 0.1121935322880745, 0.15381501615047455, 0.14874762296676636, 0.08656170964241028, 0.6996839642524719]",0.049787066876888275,-3.0,-3.0,0.0770089328289032,0.27053090929985046,0.27032753825187683,"[-0.12593239545822144, 0.2516859471797943, 0.8871908187866211, -0.9054727554321289, -0.4087362289428711, -0.022768303751945496, 0.6261084079742432]","[0.21416984498500824, 0.22378210723400116, 0.04438253492116928, 0.046614762395620346, 0.15628641843795776, 0.21309886872768402, 0.7294844388961792]",0.049787066876888275,-3.0,-3.0,0.1238839328289032,0.23066547513008118,0.23209431767463684,0.27737194299697876,0.27724412083625793,"{""critic_optimizer_updates"": 2077, ""actor_optimizer_updates_0"": 77, ""actor_optimizer_updates_1"": 77, ""actor_optimizer_steps_total"": 154, ""alpha_optimizer_updates"": 77}",2.026838541030884,0.48086434602737427,0.6548530459403992,0.8418545722961426,0.8697389364242554
D_no_BC,78,0.2475435435771942,0.24813976883888245,"[0.638105034828186, 0.3854617178440094, 0.5491326451301575, -0.03988037630915642, -0.28185051679611206, 0.7851676344871521, 0.6242204904556274]","[0.10166020691394806, 0.14857658743858337, 0.11212902516126633, 0.1549837738275528, 0.14965303242206573, 0.08624088019132614, 0.6961333155632019]",0.049787066876888275,-3.0,-3.0,0.0764508992433548,0.26937878131866455,0.26916760206222534,"[-0.11794143915176392, 0.24247801303863525, 0.8871774673461914, -0.9051154851913452, -0.4054737389087677, -0.016895536333322525, 0.6263883113861084]","[0.21660499274730682, 0.22538915276527405, 0.0441814623773098, 0.046561237424612045, 0.15725113451480865, 0.21365630626678467, 0.7291669249534607]",0.049787066876888275,-3.0,-3.0,0.1238839328289032,0.23074674606323242,0.232163205742836,0.2761819362640381,0.27604788541793823,"{""critic_optimizer_updates"": 2078, ""actor_optimizer_updates_0"": 78, ""actor_optimizer_updates_1"": 78, ""actor_optimizer_steps_total"": 156, ""alpha_optimizer_updates"": 78}",2.0103087425231934,0.4790668487548828,0.6564240455627441,0.8422756195068359,0.8694789409637451
D_no_BC,79,0.24799208343029022,0.2486027479171753,"[0.6337810754776001, 0.39103594422340393, 0.5406923890113831, -0.046887509524822235, -0.29859986901283264, 0.7847079634666443, 0.62687748670578]","[0.10182324051856995, 0.14831824600696564, 0.11205332726240158, 0.156194806098938, 0.1503109335899353, 0.08589322865009308, 0.6922346353530884]",0.049787066876888275,-3.0,-3.0,0.0753348246216774,0.2685272693634033,0.268311083316803,"[-0.1081799864768982, 0.2326323688030243, 0.8873305320739746, -0.9047157764434814, -0.40634238719940186, -0.015962835401296616, 0.6265729665756226]","[0.21887053549289703, 0.22695037722587585, 0.04394029453396797, 0.04651378467679024, 0.15684668719768524, 0.21377067267894745, 0.7287887334823608]",0.049787066876888275,-3.0,-3.0,0.1233258992433548,0.23103810846805573,0.23244215548038483,0.27528440952301025,0.27514851093292236,"{""critic_optimizer_updates"": 2079, ""actor_optimizer_updates_0"": 79, ""actor_optimizer_updates_1"": 79, ""actor_optimizer_steps_total"": 158, ""alpha_optimizer_updates"": 79}",2.0012431144714355,0.4787677228450775,0.6594966053962708,0.8457438945770264,0.867937445640564
D_no_BC,80,0.24872805178165436,0.24935348331928253,"[0.6295256018638611, 0.39672163128852844, 0.5322011709213257, -0.054438624531030655, -0.3158028721809387, 0.7844017744064331, 0.6296249628067017]","[0.10199680924415588, 0.14800359308719635, 0.11198921501636505, 0.15742625296115875, 0.1506856381893158, 0.08552428334951401, 0.6879940629005432]",0.049787066876888275,-3.0,-3.0,0.074776791036129,0.26809439063072205,0.267876535654068,"[-0.0964285358786583, 0.22182121872901917, 0.8875876069068909, -0.9042885899543762, -0.41221290826797485, -0.018303273245692253, 0.6266249418258667]","[0.2210240215063095, 0.22848421335220337, 0.04367762804031372, 0.046469371765851974, 0.15478715300559998, 0.21357563138008118, 0.7283543348312378]",0.049787066876888275,-3.0,-3.0,0.1238839328289032,0.23158127069473267,0.23297405242919922,0.27480244636535645,0.2746698260307312,"{""critic_optimizer_updates"": 2080, ""actor_optimizer_updates_0"": 80, ""actor_optimizer_updates_1"": 80, ""actor_optimizer_steps_total"": 160, ""alpha_optimizer_updates"": 80}",1.9986798763275146,0.4734698235988617,0.6658519506454468,0.8454070091247559,0.8663496971130371
D_no_BC,81,0.24952930212020874,0.2501695156097412,"[0.6251457929611206, 0.4022502899169922, 0.523626983165741, -0.06220211088657379, -0.33227071166038513, 0.7840620279312134, 0.6324500441551208]","[0.1021633967757225, 0.14770984649658203, 0.11189311742782593, 0.15866664052009583, 0.15105530619621277, 0.08516428619623184, 0.6834976077079773]",0.049787066876888275,-3.0,-3.0,0.07421875,0.26758310198783875,0.26736170053482056,"[-0.08259657770395279, 0.21087145805358887, 0.8879309296607971, -0.9038214683532715, -0.4175755977630615, -0.02379896119236946, 0.6267210245132446]","[0.22297489643096924, 0.23003821074962616, 0.04340442270040512, 0.046439964324235916, 0.15310460329055786, 0.2131718099117279, 0.7278868556022644]",0.049787066876888275,-3.0,-3.0,0.1210937574505806,0.23217643797397614,0.2335585504770279,0.2742439806461334,0.27411407232284546,"{""critic_optimizer_updates"": 2081, ""actor_optimizer_updates_0"": 81, ""actor_optimizer_updates_1"": 81, ""actor_optimizer_steps_total"": 162, ""alpha_optimizer_updates"": 81}",2.011613368988037,0.46512067317962646,0.6740604639053345,0.8430050611495972,0.8610828518867493
D_no_BC,82,0.2504592537879944,0.2511140704154968,"[0.620844841003418, 0.4072945713996887, 0.5148085355758667, -0.06958037614822388, -0.34842735528945923, 0.7838413119316101, 0.6359976530075073]","[0.10231611132621765, 0.1475033164024353, 0.1117788702249527, 0.15986427664756775, 0.15112629532814026, 0.08478676527738571, 0.6784467101097107]",0.049787066876888275,-3.0,-3.0,0.0736607164144516,0.26765161752700806,0.2674303650856018,"[-0.06720514595508575, 0.19959944486618042, 0.8883250951766968, -0.9033689498901367, -0.42748284339904785, -0.02888106182217598, 0.6269142031669617]","[0.22468465566635132, 0.23152659833431244, 0.04311766475439072, 0.046404801309108734, 0.15016359090805054, 0.2129255086183548, 0.7273784875869751]",0.049787066876888275,-3.0,-3.0,0.1205357164144516,0.23287096619606018,0.23424020409584045,0.2742656171321869,0.27414220571517944,"{""critic_optimizer_updates"": 2082, ""actor_optimizer_updates_0"": 82, ""actor_optimizer_updates_1"": 82, ""actor_optimizer_steps_total"": 164, ""alpha_optimizer_updates"": 82}",2.0232582092285156,0.4543518126010895,0.6821873784065247,0.8371108174324036,0.8574407696723938
D_no_BC,83,0.2516769766807556,0.25234657526016235,"[0.6168482303619385, 0.4123953878879547, 0.5059361457824707, -0.07704447209835052, -0.36442112922668457, 0.7837958931922913, 0.6396889686584473]","[0.10248196870088577, 0.14724665880203247, 0.11171958595514297, 0.16113094985485077, 0.15096448361873627, 0.08440619707107544, 0.6732167601585388]",0.049787066876888275,-3.0,-3.0,0.07421875,0.26792868971824646,0.2677074372768402,"[-0.05083578824996948, 0.18841670453548431, 0.8888546228408813, -0.902999997138977, -0.43750500679016113, -0.0331408716738224, 0.6271691918373108]","[0.2262292206287384, 0.23293158411979675, 0.04280715063214302, 0.04634397104382515, 0.14756949245929718, 0.21274156868457794, 0.7268330454826355]",0.049787066876888275,-3.0,-3.0,0.1183035746216774,0.23383241891860962,0.23518988490104675,0.27450478076934814,0.27438807487487793,"{""critic_optimizer_updates"": 2083, ""actor_optimizer_updates_0"": 83, ""actor_optimizer_updates_1"": 83, ""actor_optimizer_steps_total"": 166, ""alpha_optimizer_updates"": 83}",2.0435001850128174,0.4438418745994568,0.6896976828575134,0.8318984508514404,0.8520016670227051
D_no_BC,84,0.25310203433036804,0.2537868916988373,"[0.613099217414856, 0.41754084825515747, 0.49691760540008545, -0.08376558125019073, -0.3800840973854065, 0.7837321758270264, 0.6437534689903259]","[0.10267521440982819, 0.14700382947921753, 0.11168903857469559, 0.16244152188301086, 0.15078885853290558, 0.08404473215341568, 0.6676686406135559]",0.049787066876888275,-3.0,-3.0,0.0731026828289032,0.26812607049942017,0.26790326833724976,"[-0.033843934535980225, 0.17716681957244873, 0.8893638253211975, -0.9026807546615601, -0.4455938935279846, -0.038056112825870514, 0.6274563074111938]","[0.22762064635753632, 0.23424382507801056, 0.04249531775712967, 0.04626322537660599, 0.1457715481519699, 0.21252961456775665, 0.7262394428253174]",0.049787066876888275,-3.0,-3.0,0.1183035746216774,0.2349698543548584,0.23631832003593445,0.2746627926826477,0.27455201745033264,"{""critic_optimizer_updates"": 2084, ""actor_optimizer_updates_0"": 84, ""actor_optimizer_updates_1"": 84, ""actor_optimizer_steps_total"": 168, ""alpha_optimizer_updates"": 84}",2.0553274154663086,0.44248342514038086,0.6882396936416626,0.8385619521141052,0.8515366315841675
D_no_BC,85,0.2547381818294525,0.2554384768009186,"[0.6096513271331787, 0.422634482383728, 0.48768842220306396, -0.09065407514572144, -0.39534658193588257, 0.7836840152740479, 0.6480472087860107]","[0.10288743674755096, 0.14678704738616943, 0.11166597902774811, 0.16381414234638214, 0.1504644900560379, 0.08370907604694366, 0.6619448661804199]",0.049787066876888275,-3.0,-3.0,0.0719866082072258,0.2682018578052521,0.26797500252723694,"[-0.01632510870695114, 0.16637982428073883, 0.8899196982383728, -0.9024621248245239, -0.45099183917045593, -0.04211118072271347, 0.6277322769165039]","[0.22883003950119019, 0.23532819747924805, 0.042169421911239624, 0.04615927115082741, 0.14488910138607025, 0.21249130368232727, 0.7255957126617432]",0.049787066876888275,-3.0,-3.0,0.117745541036129,0.2362973392009735,0.23763783276081085,0.27469444274902344,0.27458757162094116,"{""critic_optimizer_updates"": 2085, ""actor_optimizer_updates_0"": 85, ""actor_optimizer_updates_1"": 85, ""actor_optimizer_steps_total"": 170, ""alpha_optimizer_updates"": 85}",2.074519634246826,0.43995851278305054,0.6901097893714905,0.8393959999084473,0.8502939939498901
D_no_BC,86,0.256125807762146,0.25684088468551636,"[0.606131374835968, 0.4269782304763794, 0.4779577851295471, -0.09685812145471573, -0.4094467759132385, 0.783340334892273, 0.652168869972229]","[0.10307826846837997, 0.1465807855129242, 0.11169563978910446, 0.1651129573583603, 0.1496235579252243, 0.08338850736618042, 0.6563553810119629]",0.049787066876888275,-3.0,-3.0,0.0714285746216774,0.2682115435600281,0.2679799795150757,"[0.0019324470777064562, 0.1550283432006836, 0.8902280330657959, -0.9021956324577332, -0.45555320382118225, -0.04737538844347, 0.6277663707733154]","[0.2297545224428177, 0.23611395061016083, 0.0418846532702446, 0.04606574401259422, 0.14397183060646057, 0.21252001821994781, 0.7248741984367371]",0.049787066876888275,-3.0,-3.0,0.1160714328289032,0.23743991553783417,0.23877474665641785,0.2746586501598358,0.27455663681030273,"{""critic_optimizer_updates"": 2086, ""actor_optimizer_updates_0"": 86, ""actor_optimizer_updates_1"": 86, ""actor_optimizer_steps_total"": 172, ""alpha_optimizer_updates"": 86}",2.0825443267822266,0.44323956966400146,0.6876682043075562,0.8436734080314636,0.8516110181808472
D_no_BC,87,0.2576480507850647,0.2583782374858856,"[0.6030858755111694, 0.43119895458221436, 0.4681851267814636, -0.10270190238952637, -0.4226263165473938, 0.7829146981239319, 0.6564731001853943]","[0.10326995700597763, 0.1462654322385788, 0.11174279451370239, 0.16641609370708466, 0.14883029460906982, 0.08312683552503586, 0.6506235003471375]",0.049787066876888275,-3.0,-3.0,0.070870541036129,0.26836177706718445,0.2681247293949127,"[0.02028985694050789, 0.14457528293132782, 0.8906071186065674, -0.9020029306411743, -0.45943713188171387, -0.05155852437019348, 0.627788782119751]","[0.23052449524402618, 0.2367384284734726, 0.041591960936784744, 0.045956097543239594, 0.14345261454582214, 0.21268858015537262, 0.7241098880767822]",0.049787066876888275,-3.0,-3.0,0.1160714328289032,0.2387278527021408,0.24005767703056335,0.27476733922958374,0.2746697664260864,"{""critic_optimizer_updates"": 2087, ""actor_optimizer_updates_0"": 87, ""actor_optimizer_updates_1"": 87, ""actor_optimizer_steps_total"": 174, ""alpha_optimizer_updates"": 87}",2.0932438373565674,0.4455193877220154,0.6878547668457031,0.8453149795532227,0.8534907102584839
D_no_BC,88,0.25934016704559326,0.2600855529308319,"[0.6003426313400269, 0.4350176453590393, 0.4582586884498596, -0.10891638696193695, -0.43518251180648804, 0.7824921607971191, 0.6615107655525208]","[0.10345623642206192, 0.1458996683359146, 0.11174696683883667, 0.16778799891471863, 0.1477150022983551, 0.082903653383255, 0.6444317102432251]",0.049787066876888275,-3.0,-3.0,0.0703125,0.2681543827056885,0.2679092586040497,"[0.0375923253595829, 0.1351313292980194, 0.8907476663589478, -0.9017589688301086, -0.45923125743865967, -0.05758623033761978, 0.6276052594184875]","[0.23114736378192902, 0.2372383028268814, 0.04135366529226303, 0.045859456062316895, 0.14440499246120453, 0.21284356713294983, 0.7232682108879089]",0.049787066876888275,-3.0,-3.0,0.1149553656578064,0.24020662903785706,0.24152828752994537,0.2745310366153717,0.27443593740463257,"{""critic_optimizer_updates"": 2088, ""actor_optimizer_updates_0"": 88, ""actor_optimizer_updates_1"": 88, ""actor_optimizer_steps_total"": 176, ""alpha_optimizer_updates"": 88}",2.0979228019714355,0.4490542411804199,0.6855260729789734,0.8467644453048706,0.8560988903045654
D_no_BC,89,0.26079779863357544,0.2615579664707184,"[0.5977016687393188, 0.4383603036403656, 0.4482494294643402, -0.11515874415636063, -0.4455117881298065, 0.7817345261573792, 0.6667189002037048]","[0.10365991294384003, 0.14566893875598907, 0.1117560938000679, 0.16918577253818512, 0.14717741310596466, 0.08273617178201675, 0.6381344199180603]",0.049787066876888275,-3.0,-3.0,0.0703125,0.2682942748069763,0.2680412828922272,"[0.05445392057299614, 0.12932290136814117, 0.8909062147140503, -0.9014925956726074, -0.45948392152786255, -0.061701707541942596, 0.6276664137840271]","[0.23177951574325562, 0.23782142996788025, 0.041113536804914474, 0.04576825723052025, 0.14535532891750336, 0.21323150396347046, 0.7223884463310242]",0.049787066876888275,-3.0,-3.0,0.1149553656578064,0.24151793122291565,0.24283215403556824,0.2746650278568268,0.2745717465877533,"{""critic_optimizer_updates"": 2089, ""actor_optimizer_updates_0"": 89, ""actor_optimizer_updates_1"": 89, ""actor_optimizer_steps_total"": 178, ""alpha_optimizer_updates"": 89}",2.095705509185791,0.450423002243042,0.6817135214805603,0.8486483097076416,0.8575303554534912
D_no_BC,90,0.26214832067489624,0.26292282342910767,"[0.5954627990722656, 0.44130486249923706, 0.438172310590744, -0.12016107887029648, -0.45427998900413513, 0.7808210849761963, 0.6720784306526184]","[0.10388527065515518, 0.14547854661941528, 0.11189806461334229, 0.17054864764213562, 0.14699599146842957, 0.08258866518735886, 0.6317660212516785]",0.049787066876888275,-3.0,-3.0,0.0697544664144516,0.26879459619522095,0.2685352861881256,"[0.0713631808757782, 0.1238212138414383, 0.8911988735198975, -0.9013180732727051, -0.46147388219833374, -0.06450767815113068, 0.6279876232147217]","[0.23224788904190063, 0.23828163743019104, 0.040842484682798386, 0.04564693570137024, 0.14582085609436035, 0.21373187005519867, 0.7214134335517883]",0.049787066876888275,-3.0,-3.0,0.1143973246216774,0.24280959367752075,0.24411794543266296,0.27516061067581177,0.27507057785987854,"{""critic_optimizer_updates"": 2090, ""actor_optimizer_updates_0"": 90, ""actor_optimizer_updates_1"": 90, ""actor_optimizer_steps_total"": 180, ""alpha_optimizer_updates"": 90}",2.090412139892578,0.45539405941963196,0.6788298487663269,0.8560085296630859,0.8587276339530945
D_no_BC,91,0.26369309425354004,0.26448187232017517,"[0.5935496091842651, 0.4439338445663452, 0.42797374725341797, -0.1252966821193695, -0.4630230963230133, 0.7799961566925049, 0.6777926683425903]","[0.10412462055683136, 0.1453297734260559, 0.11209920048713684, 0.17189590632915497, 0.1466934084892273, 0.08244611322879791, 0.6251370310783386]",0.049787066876888275,-3.0,-3.0,0.0691964328289032,0.26950711011886597,0.2692418694496155,"[0.08735094964504242, 0.1204797774553299, 0.8915372490882874, -0.9011560678482056, -0.4637291431427002, -0.06673666834831238, 0.6283246874809265]","[0.23270900547504425, 0.23872168362140656, 0.04056532308459282, 0.04551952704787254, 0.14612452685832977, 0.21426573395729065, 0.7203482389450073]",0.049787066876888275,-3.0,-3.0,0.113839291036129,0.2443534880876541,0.24565520882606506,0.2758815884590149,0.27579519152641296,"{""critic_optimizer_updates"": 2091, ""actor_optimizer_updates_0"": 91, ""actor_optimizer_updates_1"": 91, ""actor_optimizer_steps_total"": 182, ""alpha_optimizer_updates"": 91}",2.0846989154815674,0.45838773250579834,0.6703614592552185,0.8569385409355164,0.8614987134933472
D_no_BC,92,0.26524946093559265,0.2660520076751709,"[0.5919100642204285, 0.44629713892936707, 0.41796183586120605, -0.12976397573947906, -0.47118666768074036, 0.7791073322296143, 0.6836420297622681]","[0.10433657467365265, 0.14517126977443695, 0.11241214722394943, 0.1733388751745224, 0.14628666639328003, 0.08232849836349487, 0.6182219386100769]",0.049787066876888275,-3.0,-3.0,0.0680803582072258,0.2706676423549652,0.2704002559185028,"[0.10156528651714325, 0.11773616820573807, 0.8919267654418945, -0.9009839296340942, -0.4690779447555542, -0.0692092776298523, 0.6286557912826538]","[0.23314915597438812, 0.23909173905849457, 0.040277957916259766, 0.04538673907518387, 0.14556153118610382, 0.21473746001720428, 0.7192027568817139]",0.049787066876888275,-3.0,-3.0,0.1127232164144516,0.24602553248405457,0.24732010066509247,0.277048796415329,0.27696943283081055,"{""critic_optimizer_updates"": 2092, ""actor_optimizer_updates_0"": 92, ""actor_optimizer_updates_1"": 92, ""actor_optimizer_steps_total"": 184, ""alpha_optimizer_updates"": 92}",2.0783793926239014,0.46756643056869507,0.6584858298301697,0.8625133633613586,0.8661602139472961
D_no_BC,93,0.26690590381622314,0.2677207887172699,"[0.5904644131660461, 0.44846248626708984, 0.4086783230304718, -0.1345052719116211, -0.47906678915023804, 0.7781386375427246, 0.6896418333053589]","[0.10458829998970032, 0.1450384110212326, 0.11274795234203339, 0.17488647997379303, 0.1454937607049942, 0.0822325274348259, 0.6110559701919556]",0.049787066876888275,-3.0,-3.0,0.0680803582072258,0.2722417712211609,0.27197587490081787,"[0.11415065824985504, 0.11609402298927307, 0.8924078941345215, -0.9008321762084961, -0.4766588807106018, -0.07112020254135132, 0.6291038990020752]","[0.23392914235591888, 0.23945266008377075, 0.03995536267757416, 0.04524366557598114, 0.1444757580757141, 0.21521233022212982, 0.7179892659187317]",0.049787066876888275,-3.0,-3.0,0.1104910746216774,0.24792008101940155,0.24920699000358582,0.2786290645599365,0.27855998277664185,"{""critic_optimizer_updates"": 2093, ""actor_optimizer_updates_0"": 93, ""actor_optimizer_updates_1"": 93, ""actor_optimizer_steps_total"": 186, ""alpha_optimizer_updates"": 93}",2.06326961517334,0.47293683886528015,0.6466248035430908,0.8702272772789001,0.8713895678520203
D_no_BC,94,0.26803597807884216,0.2688615322113037,"[0.5889400243759155, 0.44954943656921387, 0.3994121551513672, -0.13808341324329376, -0.4853534698486328, 0.7767050266265869, 0.6952304244041443]","[0.10482854396104813, 0.1450958400964737, 0.11318685859441757, 0.1766207218170166, 0.14480602741241455, 0.08221278339624405, 0.6039540767669678]",0.049787066876888275,-3.0,-3.0,0.06640625,0.27424830198287964,0.2739863097667694,"[0.12713536620140076, 0.11405827105045319, 0.8929537534713745, -0.900712251663208, -0.4870142638683319, -0.07259958982467651, 0.6295398473739624]","[0.234567791223526, 0.2396710366010666, 0.0396137572824955, 0.045092009007930756, 0.14258114993572235, 0.21569415926933289, 0.7167166471481323]",0.049787066876888275,-3.0,-3.0,0.1093750074505806,0.2494453489780426,0.25072604417800903,0.28064486384391785,0.2805893123149872,"{""critic_optimizer_updates"": 2094, ""actor_optimizer_updates_0"": 94, ""actor_optimizer_updates_1"": 94, ""actor_optimizer_steps_total"": 188, ""alpha_optimizer_updates"": 94}",2.0596518516540527,0.47253865003585815,0.6422449350357056,0.8717892169952393,0.8743647336959839
D_no_BC,95,0.26890459656715393,0.2697399854660034,"[0.5875130891799927, 0.45020508766174316, 0.3901287615299225, -0.14184612035751343, -0.4903181791305542, 0.7750466465950012, 0.7004642486572266]","[0.10508370399475098, 0.14517784118652344, 0.11376452445983887, 0.17830994725227356, 0.14420172572135925, 0.08224965631961823, 0.5968760251998901]",0.049787066876888275,-3.0,-3.0,0.0658482164144516,0.27629750967025757,0.27604004740715027,"[0.13839924335479736, 0.11349707841873169, 0.8935074806213379, -0.9005968570709229, -0.49688249826431274, -0.07429888844490051, 0.6300936341285706]","[0.23547403514385223, 0.23993074893951416, 0.03926390781998634, 0.044936105608940125, 0.14070549607276917, 0.21613551676273346, 0.7153914570808411]",0.049787066876888275,-3.0,-3.0,0.1082589328289032,0.2508009970188141,0.2520764470100403,0.2827053666114807,0.28266388177871704,"{""critic_optimizer_updates"": 2095, ""actor_optimizer_updates_0"": 95, ""actor_optimizer_updates_1"": 95, ""actor_optimizer_steps_total"": 190, ""alpha_optimizer_updates"": 95}",2.0681722164154053,0.4705442190170288,0.6392102837562561,0.8720575571060181,0.8751078844070435
D_no_BC,96,0.2697615325450897,0.2706068754196167,"[0.5863150358200073, 0.4505845308303833, 0.3806298077106476, -0.14503362774848938, -0.49507272243499756, 0.7733508348464966, 0.7055881023406982]","[0.10535481572151184, 0.14532682299613953, 0.11448726058006287, 0.1799890697002411, 0.143551766872406, 0.08234276622533798, 0.5896637439727783]",0.049787066876888275,-3.0,-3.0,0.0652901828289032,0.27815505862236023,0.27789944410324097,"[0.15036842226982117, 0.113418348133564, 0.894078254699707, -0.9005496501922607, -0.5044710636138916, -0.07674916088581085, 0.6305969953536987]","[0.236160010099411, 0.24012291431427002, 0.03890696540474892, 0.04476635530591011, 0.13947254419326782, 0.21653448045253754, 0.7140265703201294]",0.049787066876888275,-3.0,-3.0,0.1065848246216774,0.2521970272064209,0.2534690201282501,0.28458333015441895,0.2845543920993805,"{""critic_optimizer_updates"": 2096, ""actor_optimizer_updates_0"": 96, ""actor_optimizer_updates_1"": 96, ""actor_optimizer_steps_total"": 192, ""alpha_optimizer_updates"": 96}",2.0928850173950195,0.461654931306839,0.6431871652603149,0.8625638484954834,0.870754063129425
D_no_BC,97,0.2705692946910858,0.2714245915412903,"[0.5851234197616577, 0.4506836533546448, 0.3710288107395172, -0.1484590619802475, -0.4994101822376251, 0.7715812921524048, 0.7106968760490417]","[0.1056336835026741, 0.14544416964054108, 0.11534075438976288, 0.18167442083358765, 0.14283807575702667, 0.08250133693218231, 0.5821306109428406]",0.049787066876888275,-3.0,-3.0,0.0641741082072258,0.28004342317581177,0.279789537191391,"[0.16154712438583374, 0.11513014882802963, 0.8945680260658264, -0.9005014896392822, -0.5118715167045593, -0.07909753173589706, 0.6308666467666626]","[0.23689225316047668, 0.24028582870960236, 0.03857634589076042, 0.04459494724869728, 0.1382594257593155, 0.21685034036636353, 0.712622880935669]",0.049787066876888275,-3.0,-3.0,0.106026791036129,0.25360107421875,0.254871129989624,0.2865041494369507,0.28648841381073,"{""critic_optimizer_updates"": 2097, ""actor_optimizer_updates_0"": 97, ""actor_optimizer_updates_1"": 97, ""actor_optimizer_steps_total"": 194, ""alpha_optimizer_updates"": 97}",2.125453233718872,0.4481557607650757,0.6544837951660156,0.8509957790374756,0.8646533489227295
D_no_BC,98,0.27158650755882263,0.2724524438381195,"[0.5841777324676514, 0.45090991258621216, 0.36090272665023804, -0.15198934078216553, -0.5041582584381104, 0.7699063420295715, 0.7160328030586243]","[0.10593253374099731, 0.14552980661392212, 0.11635757237672806, 0.18336886167526245, 0.14192046225070953, 0.08268434554338455, 0.5741614103317261]",0.049787066876888275,-3.0,-3.0,0.0641741082072258,0.28160008788108826,0.2813451886177063,"[0.17250922322273254, 0.1171041876077652, 0.895026445388794, -0.900496780872345, -0.5165947675704956, -0.08258602023124695, 0.6311560869216919]","[0.23745059967041016, 0.24041830003261566, 0.03825340047478676, 0.044415924698114395, 0.13776877522468567, 0.21707561612129211, 0.7111459970474243]",0.049787066876888275,-3.0,-3.0,0.106026791036129,0.25525808334350586,0.2565270662307739,0.2881050705909729,0.28810036182403564,"{""critic_optimizer_updates"": 2098, ""actor_optimizer_updates_0"": 98, ""actor_optimizer_updates_1"": 98, ""actor_optimizer_steps_total"": 196, ""alpha_optimizer_updates"": 98}",2.1648941040039062,0.43105024099349976,0.6627646684646606,0.8302528858184814,0.8587145805358887
D_no_BC,99,0.2728293836116791,0.2737082540988922,"[0.5833882093429565, 0.45223408937454224, 0.3502206802368164, -0.1562461405992508, -0.5090348720550537, 0.768170952796936, 0.7213948965072632]","[0.10625027865171432, 0.14529207348823547, 0.11745183169841766, 0.18503083288669586, 0.14074626564979553, 0.08291704207658768, 0.5659010410308838]",0.049787066876888275,-3.0,-3.0,0.0641741082072258,0.28314781188964844,0.28289222717285156,"[0.18295720219612122, 0.11909302324056625, 0.8954706192016602, -0.9005216360092163, -0.5210442543029785, -0.08617410063743591, 0.6314901113510132]","[0.2379983812570572, 0.2404947429895401, 0.03793693706393242, 0.044233307242393494, 0.13730965554714203, 0.21722765266895294, 0.7095810174942017]",0.049787066876888275,-3.0,-3.0,0.1037946492433548,0.2571503818035126,0.2584201395511627,0.2897063195705414,0.28971418738365173,"{""critic_optimizer_updates"": 2099, ""actor_optimizer_updates_0"": 99, ""actor_optimizer_updates_1"": 99, ""actor_optimizer_steps_total"": 198, ""alpha_optimizer_updates"": 99}",2.1928420066833496,0.4200586676597595,0.6583133339881897,0.8155776262283325,0.856084942817688
D_no_BC,100,0.273967981338501,0.2748604118824005,"[0.5826826095581055, 0.45343780517578125, 0.3387954533100128, -0.16062083840370178, -0.5133165717124939, 0.7663185000419617, 0.7266307473182678]","[0.10659445822238922, 0.14503152668476105, 0.11870892345905304, 0.1866115778684616, 0.1395188719034195, 0.08320453763008118, 0.5574048757553101]",0.049787066876888275,-3.0,-3.0,0.0636160746216774,0.2843787372112274,0.2841193974018097,"[0.19321370124816895, 0.12218046188354492, 0.8958777189254761, -0.9005786180496216, -0.5227950811386108, -0.09073521196842194, 0.6319370269775391]","[0.23843954503536224, 0.24059529602527618, 0.037638742476701736, 0.044050488620996475, 0.13748016953468323, 0.21723181009292603, 0.7078750133514404]",0.049787066876888275,-3.0,-3.0,0.1032366082072258,0.25895923376083374,0.2602322995662689,0.29100361466407776,0.2910217344760895,"{""critic_optimizer_updates"": 2100, ""actor_optimizer_updates_0"": 100, ""actor_optimizer_updates_1"": 100, ""actor_optimizer_steps_total"": 200, ""alpha_optimizer_updates"": 100}",2.226038694381714,0.40640801191329956,0.6551065444946289,0.796781599521637,0.852089524269104
snapshot,1,0.0032097927760332823,0.0033765118569135666,"[0.09267990291118622, 0.044576916843652725, 0.1677493155002594, 0.047189291566610336, 0.0415026880800724, 0.003772607073187828, 0.6638566851615906]","[0.08342563360929489, 0.13475924730300903, 0.12560659646987915, 0.02716701664030552, 0.026471661403775215, 0.21847335994243622, 0.7489901185035706]",0.049787066876888275,-3.0,-3.0,0.1473214328289032,0.003580016316846013,0.0037538474425673485,"[-0.017798759043216705, 0.045138247311115265, 0.1857602745294571, -0.06730929017066956, -0.03345794975757599, -0.10352877527475357, 0.6639794707298279]","[0.08115702122449875, 0.1310247778892517, 0.132230743765831, 0.021392162889242172, 0.025996310636401176, 0.20412379503250122, 0.7489162087440491]",0.049787066876888275,-3.0,-3.0,0.1478794664144516,0.002851076191291213,0.003731775563210249,0.003543541533872485,0.0038392567075788975,"{""critic_optimizer_updates"": 2001, ""actor_optimizer_updates_0"": 1, ""actor_optimizer_updates_1"": 1, ""actor_optimizer_steps_total"": 2, ""alpha_optimizer_updates"": 1}",-3.112229347229004,2.202852249145508,0.6280354261398315,3.7376794815063477,0.880581259727478
snapshot,2,0.012426546774804592,0.012547763995826244,"[0.15388235449790955, 0.08542755991220474, 0.24471542239189148, 0.08995013684034348, 0.07151134312152863, 0.07194690406322479, 0.6638474464416504]","[0.08099905401468277, 0.13913291692733765, 0.11279278248548508, 0.042335983365774155, 0.033545754849910736, 0.22871838510036469, 0.7489825487136841]",0.049787066876888275,-3.0,-3.0,0.1467633992433548,0.013760611414909363,0.013914577662944794,"[-0.06573432683944702, 0.08784671127796173, 0.28399237990379333, -0.13558423519134521, -0.06588638573884964, -0.14101925492286682, 0.6639841794967651]","[0.0856352224946022, 0.13477887213230133, 0.12451974302530289, 0.04040636867284775, 0.03129712492227554, 0.19973783195018768, 0.7488958835601807]",0.049787066876888275,-3.0,-3.0,0.1478794664144516,0.011098984628915787,0.011925091035664082,0.01362244039773941,0.013838398270308971,"{""critic_optimizer_updates"": 2002, ""actor_optimizer_updates_0"": 2, ""actor_optimizer_updates_1"": 2, ""actor_optimizer_steps_total"": 4, ""alpha_optimizer_updates"": 2}",-2.578413963317871,2.089470863342285,0.6207137107849121,3.530722141265869,0.881553053855896
snapshot,3,0.026869481429457664,0.02695555053651333,"[0.21333973109722137, 0.12547573447227478, 0.3162494897842407, 0.13005435466766357, 0.09901110827922821, 0.139834463596344, 0.6638345718383789]","[0.08171631395816803, 0.1440519094467163, 0.10302389413118362, 0.05628334730863571, 0.04121267423033714, 0.2385382056236267, 0.7489721775054932]",0.049787066876888275,-3.0,-3.0,0.145647332072258,0.029577678069472313,0.029709331691265106,"[-0.1138712540268898, 0.13226595520973206, 0.37462231516838074, -0.19974564015865326, -0.09616421908140182, -0.1790173351764679, 0.6639881134033203]","[0.09211577475070953, 0.13997876644134521, 0.11789889633655548, 0.05853179097175598, 0.03692460060119629, 0.1961497664451599, 0.748874306678772]",0.049787066876888275,-3.0,-3.0,0.1478794664144516,0.02408447116613388,0.024870477616786957,0.029290959239006042,0.029436340555548668,"{""critic_optimizer_updates"": 2003, ""actor_optimizer_updates_0"": 3, ""actor_optimizer_updates_1"": 3, ""actor_optimizer_steps_total"": 6, ""alpha_optimizer_updates"": 3}",-1.6367874145507812,1.8043937683105469,0.6137186884880066,3.0592918395996094,0.8767378926277161
snapshot,4,0.04547131806612015,0.04552074894309044,"[0.26908165216445923, 0.16421854496002197, 0.3856532573699951, 0.16653570532798767, 0.12418697029352188, 0.2020511031150818, 0.6638177633285522]","[0.08458518236875534, 0.14938464760780334, 0.09698434174060822, 0.0691150575876236, 0.049327753484249115, 0.2468523234128952, 0.7489587664604187]",0.049787066876888275,-3.0,-3.0,0.1450892984867096,0.04926279932260513,0.04937231168150902,"[-0.15931616723537445, 0.17438849806785583, 0.4550185799598694, -0.2603985369205475, -0.12129171937704086, -0.21516329050064087, 0.6639955043792725]","[0.0999462902545929, 0.14566625654697418, 0.11214519292116165, 0.07478795945644379, 0.04143267497420311, 0.19355596601963043, 0.7488443851470947]",0.049787066876888275,-3.0,-3.0,0.1478794664144516,0.040950603783130646,0.04170210286974907,0.048883773386478424,0.04896865785121918,"{""critic_optimizer_updates"": 2004, ""actor_optimizer_updates_0"": 4, ""actor_optimizer_updates_1"": 4, ""actor_optimizer_steps_total"": 8, ""alpha_optimizer_updates"": 4}",-0.7443739771842957,1.597565770149231,0.6064643263816833,2.689176559448242,0.8759024143218994
snapshot,5,0.0662822350859642,0.06630178540945053,"[0.31999045610427856, 0.19868460297584534, 0.44674158096313477, 0.19885703921318054, 0.14286476373672485, 0.26074373722076416, 0.6637957096099854]","[0.08844295144081116, 0.1544683277606964, 0.09450039267539978, 0.0804378092288971, 0.05694388225674629, 0.2532917559146881, 0.7489408850669861]",0.049787066876888275,-3.0,-3.0,0.14453125,0.07115109264850616,0.07124164700508118,"[-0.20125094056129456, 0.21334412693977356, 0.5244635343551636, -0.3160002827644348, -0.14535903930664062, -0.2482967972755432, 0.66400146484375]","[0.10789262503385544, 0.15164390206336975, 0.10705731809139252, 0.08844836801290512, 0.04663714021444321, 0.1921728253364563, 0.7488117218017578]",0.049787066876888275,-3.0,-3.0,0.1478794664144516,0.059999365359544754,0.060727786272764206,0.07080485671758652,0.07083411514759064,"{""critic_optimizer_updates"": 2005, ""actor_optimizer_updates_0"": 5, ""actor_optimizer_updates_1"": 5, ""actor_optimizer_steps_total"": 10, ""alpha_optimizer_updates"": 5}",-0.0349745936691761,1.4102141857147217,0.6044455766677856,2.3777213096618652,0.8762840032577515
snapshot,6,0.08770646899938583,0.08770868182182312,"[0.3658257722854614, 0.22892969846725464, 0.4991133511066437, 0.2265731394290924, 0.15443390607833862, 0.31483766436576843, 0.6637625694274902]","[0.09252390265464783, 0.15879963338375092, 0.09421572834253311, 0.09016505628824234, 0.0642477348446846, 0.25743380188941956, 0.7489187121391296]",0.049787066876888275,-3.0,-3.0,0.1434151828289032,0.09372027218341827,0.09379784017801285,"[-0.2394937127828598, 0.2500724792480469, 0.5822937488555908, -0.36660000681877136, -0.16888418793678284, -0.27690359950065613, 0.6640074849128723]","[0.11543312668800354, 0.15732209384441376, 0.10273774713277817, 0.09931474179029465, 0.05256563052535057, 0.1916520744562149, 0.7487733364105225]",0.049787066876888275,-3.0,-3.0,0.1478794664144516,0.07977987825870514,0.08050595223903656,0.09355490654706955,0.09353707730770111,"{""critic_optimizer_updates"": 2006, ""actor_optimizer_updates_0"": 6, ""actor_optimizer_updates_1"": 6, ""actor_optimizer_steps_total"": 12, ""alpha_optimizer_updates"": 6}",0.41251683235168457,1.2708055973052979,0.6077748537063599,2.1392486095428467,0.8767236471176147
snapshot,7,0.10876178741455078,0.10875800997018814,"[0.40665310621261597, 0.25583329796791077, 0.5445511341094971, 0.24997618794441223, 0.1600363552570343, 0.36306461691856384, 0.6637176871299744]","[0.09650031477212906, 0.16254055500030518, 0.09526771306991577, 0.0985461175441742, 0.0714675784111023, 0.25939905643463135, 0.7488906383514404]",0.049787066876888275,-3.0,-3.0,0.1428571492433548,0.11617273092269897,0.1162380576133728,"[-0.274136483669281, 0.28380176424980164, 0.6305411458015442, -0.4126027226448059, -0.19225063920021057, -0.30206578969955444, 0.6640112400054932]","[0.12210772931575775, 0.1624792218208313, 0.09913265705108643, 0.10761148482561111, 0.058862000703811646, 0.1915532499551773, 0.7487331628799438]",0.049787066876888275,-3.0,-3.0,0.1478794664144516,0.09937041252851486,0.10011512786149979,0.1162932738661766,0.11623682826757431,"{""critic_optimizer_updates"": 2007, ""actor_optimizer_updates_0"": 7, ""actor_optimizer_updates_1"": 7, ""actor_optimizer_steps_total"": 14, ""alpha_optimizer_updates"": 7}",0.6031326055526733,1.151235580444336,0.6141444444656372,1.950045108795166,0.8781371116638184
snapshot,8,0.12851200997829437,0.12851355969905853,"[0.4423651695251465, 0.2793613076210022, 0.5825771689414978, 0.269117534160614, 0.16265758872032166, 0.4054175615310669, 0.6636505126953125]","[0.09988367557525635, 0.16564181447029114, 0.09681901335716248, 0.10574044287204742, 0.07866252958774567, 0.2593019902706146, 0.7488555312156677]",0.049787066876888275,-3.0,-3.0,0.1428571492433548,0.13725538551807404,0.13731083273887634,"[-0.30368420481681824, 0.3136160373687744, 0.6703990697860718, -0.4539218544960022, -0.21380111575126648, -0.3217345178127289, 0.6640076041221619]","[0.1277097463607788, 0.1668994277715683, 0.09603003412485123, 0.11349749565124512, 0.06492440402507782, 0.191509410738945, 0.7486951351165771]",0.049787066876888275,-3.0,-3.0,0.1489955484867096,0.11784830689430237,0.11864163726568222,0.1376630812883377,0.1375715434551239,"{""critic_optimizer_updates"": 2008, ""actor_optimizer_updates_0"": 8, ""actor_optimizer_updates_1"": 8, ""actor_optimizer_steps_total"": 16, ""alpha_optimizer_updates"": 8}",0.6535030603408813,1.0892962217330933,0.6237655878067017,1.8428155183792114,0.8826829791069031
snapshot,9,0.1465374082326889,0.1465533822774887,"[0.4736478924751282, 0.29921388626098633, 0.6139929294586182, 0.2843223810195923, 0.1630738079547882, 0.4428481161594391, 0.6635602116584778]","[0.10270318388938904, 0.1681254506111145, 0.0982450470328331, 0.11164200305938721, 0.08559196442365646, 0.25726738572120667, 0.7488110661506653]",0.049787066876888275,-3.0,-3.0,0.1428571492433548,0.15664897859096527,0.1566982865333557,"[-0.32941871881484985, 0.3398929238319397, 0.7031081318855286, -0.49096792936325073, -0.23343013226985931, -0.3369636535644531, 0.6639965176582336]","[0.13237759470939636, 0.170577272772789, 0.09328735619783401, 0.11745796352624893, 0.07046087831258774, 0.1910170167684555, 0.7486610412597656]",0.049787066876888275,-3.0,-3.0,0.1489955484867096,0.13477906584739685,0.1356324404478073,0.15727707743644714,0.15715616941452026,"{""critic_optimizer_updates"": 2009, ""actor_optimizer_updates_0"": 9, ""actor_optimizer_updates_1"": 9, ""actor_optimizer_steps_total"": 18, ""alpha_optimizer_updates"": 9}",0.5885336399078369,1.0447652339935303,0.638084888458252,1.7595853805541992,0.8835347890853882
snapshot,10,0.16261492669582367,0.1626494973897934,"[0.5007501244544983, 0.3155582845211029, 0.6399818658828735, 0.2960517406463623, 0.160909965634346, 0.47588127851486206, 0.6634434461593628]","[0.10500282794237137, 0.1700814962387085, 0.09932703524827957, 0.11648985743522644, 0.09198068082332611, 0.25351130962371826, 0.7487558722496033]",0.049787066876888275,-3.0,-3.0,0.1434151828289032,0.174020916223526,0.17406560480594635,"[-0.3508584499359131, 0.36279815435409546, 0.730236291885376, -0.5242109298706055, -0.2505778670310974, -0.3473218083381653, 0.663976788520813]","[0.13612791895866394, 0.17368502914905548, 0.09067947417497635, 0.11982304602861404, 0.07531846314668655, 0.19016098976135254, 0.748631477355957]",0.049787066876888275,-3.0,-3.0,0.149553582072258,0.1499273180961609,0.15085048973560333,0.1748306155204773,0.1746840924024582,"{""critic_optimizer_updates"": 2010, ""actor_optimizer_updates_0"": 10, ""actor_optimizer_updates_1"": 10, ""actor_optimizer_steps_total"": 20, ""alpha_optimizer_updates"": 10}",0.489073783159256,1.0102875232696533,0.6467849016189575,1.699155569076538,0.8857204914093018
snapshot,11,0.1767130196094513,0.17676831781864166,"[0.5241063833236694, 0.32896101474761963, 0.661497950553894, 0.30465930700302124, 0.15710370242595673, 0.5046037435531616, 0.6632903814315796]","[0.10680244117975235, 0.1716631054878235, 0.10003872960805893, 0.1204805076122284, 0.09788823872804642, 0.2484118491411209, 0.7486861348152161]",0.049787066876888275,-3.0,-3.0,0.1439732164144516,0.18941622972488403,0.1894567757844925,"[-0.36853739619255066, 0.38261911273002625, 0.752779483795166, -0.554053544998169, -0.26518839597702026, -0.35418760776519775, 0.6639481782913208]","[0.13916893303394318, 0.1763249784708023, 0.08814919739961624, 0.12096583098173141, 0.07959096878767014, 0.18914353847503662, 0.7486039996147156]",0.049787066876888275,-3.0,-3.0,0.1501116156578064,0.163264200091362,0.16426551342010498,0.19038841128349304,0.19021961092948914,"{""critic_optimizer_updates"": 2011, ""actor_optimizer_updates_0"": 11, ""actor_optimizer_updates_1"": 11, ""actor_optimizer_steps_total"": 22, ""alpha_optimizer_updates"": 11}",0.41706347465515137,0.9769566059112549,0.6589553356170654,1.6421071290969849,0.8897390365600586
snapshot,12,0.18888065218925476,0.18895688652992249,"[0.5442087054252625, 0.33931106328964233, 0.6792728304862976, 0.3103804886341095, 0.15166203677654266, 0.5296725034713745, 0.6630964875221252]","[0.10823049396276474, 0.17295940220355988, 0.10049483180046082, 0.12375595420598984, 0.10328131169080734, 0.24219301342964172, 0.7485995888710022]",0.049787066876888275,-3.0,-3.0,0.1450892984867096,0.20281776785850525,0.20285341143608093,"[-0.383106529712677, 0.3997805118560791, 0.7716154456138611, -0.580836296081543, -0.2766675353050232, -0.3573206067085266, 0.6639102101325989]","[0.1416948288679123, 0.17850755155086517, 0.08567932993173599, 0.12118734419345856, 0.08325599133968353, 0.1881389319896698, 0.748577892780304]",0.049787066876888275,-3.0,-3.0,0.1512276828289032,0.17484082281589508,0.17592278122901917,0.2039472907781601,0.20375844836235046,"{""critic_optimizer_updates"": 2012, ""actor_optimizer_updates_0"": 12, ""actor_optimizer_updates_1"": 12, ""actor_optimizer_steps_total"": 24, ""alpha_optimizer_updates"": 12}",0.4138968884944916,0.9414962530136108,0.66455078125,1.587113857269287,0.8905700445175171
snapshot,13,0.19918721914291382,0.1992834508419037,"[0.5613151788711548, 0.3469564914703369, 0.6938556432723999, 0.31354033946990967, 0.14480513334274292, 0.551475465297699, 0.6628454327583313]","[0.10929406434297562, 0.17399387061595917, 0.10076936334371567, 0.12641337513923645, 0.108005091547966, 0.23524455726146698, 0.7484903335571289]",0.049787066876888275,-3.0,-3.0,0.1450892984867096,0.2143133133649826,0.21434342861175537,"[-0.3945096731185913, 0.41425082087516785, 0.7874207496643066, -0.6049009561538696, -0.28597956895828247, -0.35722240805625916, 0.66385817527771]","[0.14378677308559418, 0.1803264617919922, 0.08330623805522919, 0.12066501379013062, 0.08641034364700317, 0.18722324073314667, 0.748555600643158]",0.049787066876888275,-3.0,-3.0,0.15234375,0.1847202181816101,0.18588563799858093,0.21559399366378784,0.21538764238357544,"{""critic_optimizer_updates"": 2013, ""actor_optimizer_updates_0"": 13, ""actor_optimizer_updates_1"": 13, ""actor_optimizer_steps_total"": 26, ""alpha_optimizer_updates"": 13}",0.4655963182449341,0.9056823253631592,0.6707534790039062,1.5339972972869873,0.8909372091293335
snapshot,14,0.20775206387043,0.20786656439304352,"[0.5757392644882202, 0.3521462678909302, 0.7057530879974365, 0.31430289149284363, 0.13763442635536194, 0.5701615810394287, 0.6625257134437561]","[0.11009324342012405, 0.17488686740398407, 0.10095015913248062, 0.12855270504951477, 0.11195208877325058, 0.2279779016971588, 0.7483525276184082]",0.049787066876888275,-3.0,-3.0,0.1450892984867096,0.2240222692489624,0.22404590249061584,"[-0.4030792713165283, 0.42673030495643616, 0.8007040619850159, -0.6264719367027283, -0.29288917779922485, -0.3540540039539337, 0.6637924909591675]","[0.145589679479599, 0.18185904622077942, 0.08108928054571152, 0.11962933093309402, 0.0889846459031105, 0.18638500571250916, 0.7485324740409851]",0.049787066876888275,-3.0,-3.0,0.153459832072258,0.19298531115055084,0.19422899186611176,0.2254544496536255,0.2252325713634491,"{""critic_optimizer_updates"": 2014, ""actor_optimizer_updates_0"": 14, ""actor_optimizer_updates_1"": 14, ""actor_optimizer_steps_total"": 28, ""alpha_optimizer_updates"": 14}",0.5724135041236877,0.8718284368515015,0.6726993322372437,1.4787057638168335,0.8902384042739868
snapshot,15,0.21472080051898956,0.21485158801078796,"[0.5877686738967896, 0.3551778793334961, 0.7153917551040649, 0.3128666877746582, 0.12920449674129486, 0.5862553715705872, 0.6621324419975281]","[0.110733263194561, 0.17566081881523132, 0.10110966116189957, 0.13020920753479004, 0.11531579494476318, 0.22059611976146698, 0.7481845617294312]",0.049787066876888275,-3.0,-3.0,0.14453125,0.2322249859571457,0.23224259912967682,"[-0.40920454263687134, 0.43700361251831055, 0.8119217157363892, -0.645831823348999, -0.29929834604263306, -0.3483494222164154, 0.6637157201766968]","[0.1472199559211731, 0.18316388130187988, 0.07903910428285599, 0.11826683580875397, 0.09102363139390945, 0.185716450214386, 0.7485024929046631]",0.049787066876888275,-3.0,-3.0,0.1545758992433548,0.19974131882190704,0.2010575830936432,0.23379984498023987,0.23356598615646362,"{""critic_optimizer_updates"": 2015, ""actor_optimizer_updates_0"": 15, ""actor_optimizer_updates_1"": 15, ""actor_optimizer_steps_total"": 30, ""alpha_optimizer_updates"": 15}",0.7254575490951538,0.8387609124183655,0.6716458797454834,1.4213370084762573,0.8883531093597412
snapshot,16,0.22026269137859344,0.2204076200723648,"[0.5976724624633789, 0.35610154271125793, 0.7230805158615112, 0.3095623254776001, 0.11994583159685135, 0.6001104712486267, 0.6616371870040894]","[0.11125586181879044, 0.17632709443569183, 0.10130952298641205, 0.13149192929267883, 0.118075430393219, 0.2131803184747696, 0.7479761838912964]",0.049787066876888275,-3.0,-3.0,0.1462053656578064,0.23885859549045563,0.2388690710067749,"[-0.41293126344680786, 0.44520536065101624, 0.8213596343994141, -0.6632091999053955, -0.3035926818847656, -0.3401307761669159, 0.6636190414428711]","[0.1487475037574768, 0.18431653082370758, 0.07718593627214432, 0.11668241024017334, 0.09280325472354889, 0.1853090226650238, 0.7484695911407471]",0.049787066876888275,-3.0,-3.0,0.1556919664144516,0.20514342188835144,0.20652873814105988,0.24059873819351196,0.2403544783592224,"{""critic_optimizer_updates"": 2016, ""actor_optimizer_updates_0"": 16, ""actor_optimizer_updates_1"": 16, ""actor_optimizer_steps_total"": 32, ""alpha_optimizer_updates"": 16}",0.8926917314529419,0.8012012243270874,0.6682926416397095,1.3583801984786987,0.886306881904602
snapshot,17,0.22460059821605682,0.224757581949234,"[0.6057490110397339, 0.3552393913269043, 0.7290654182434082, 0.3048914670944214, 0.11118613183498383, 0.6120056509971619, 0.6610198020935059]","[0.11171314120292664, 0.17688734829425812, 0.10157784819602966, 0.1324484944343567, 0.11999227106571198, 0.20597657561302185, 0.7477217316627502]",0.049787066876888275,-3.0,-3.0,0.1467633992433548,0.24413707852363586,0.2441398799419403,"[-0.414591521024704, 0.4515129029750824, 0.8293164968490601, -0.6788220405578613, -0.3064888119697571, -0.3296435475349426, 0.6635056734085083]","[0.1501869261264801, 0.18537048995494843, 0.07553114742040634, 0.11496814340353012, 0.09432735294103622, 0.18513502180576324, 0.7484259009361267]",0.049787066876888275,-3.0,-3.0,0.157366082072258,0.20938971638679504,0.21084076166152954,0.2460387498140335,0.24578481912612915,"{""critic_optimizer_updates"": 2017, ""actor_optimizer_updates_0"": 17, ""actor_optimizer_updates_1"": 17, ""actor_optimizer_steps_total"": 34, ""alpha_optimizer_updates"": 17}",1.050826072692871,0.7700754404067993,0.6627610921859741,1.3047194480895996,0.8841119408607483
snapshot,18,0.22776345908641815,0.22793011367321014,"[0.6120919585227966, 0.35250967741012573, 0.7335927486419678, 0.2986159324645996, 0.10256735235452652, 0.6221291422843933, 0.6602600812911987]","[0.11215182393789291, 0.17736537754535675, 0.10192415863275528, 0.13299818336963654, 0.12110432237386703, 0.19906917214393616, 0.7474145293235779]",0.049787066876888275,-3.0,-3.0,0.1473214328289032,0.24818047881126404,0.24817487597465515,"[-0.41418641805648804, 0.45598411560058594, 0.8360463380813599, -0.6929062008857727, -0.30816853046417236, -0.3170474171638489, 0.6633659601211548]","[0.15155033767223358, 0.1863643229007721, 0.07405848801136017, 0.11317387223243713, 0.09567044675350189, 0.18519653379917145, 0.7483754754066467]",0.049787066876888275,-3.0,-3.0,0.1607142984867096,0.2125071883201599,0.21401508152484894,0.25024282932281494,0.24998028576374054,"{""critic_optimizer_updates"": 2018, ""actor_optimizer_updates_0"": 18, ""actor_optimizer_updates_1"": 18, ""actor_optimizer_steps_total"": 36, ""alpha_optimizer_updates"": 18}",1.183751106262207,0.7502825260162354,0.6567217707633972,1.271465539932251,0.8823531866073608
snapshot,19,0.22993974387645721,0.23011414706707,"[0.6169281005859375, 0.34802156686782837, 0.7368497848510742, 0.29092127084732056, 0.09573844820261002, 0.6307621002197266, 0.6593443751335144]","[0.11262165009975433, 0.17774786055088043, 0.10237224400043488, 0.13323944807052612, 0.12137040495872498, 0.19256272912025452, 0.7470526695251465]",0.049787066876888275,-3.0,-3.0,0.1473214328289032,0.2511293292045593,0.25111499428749084,"[-0.4118831157684326, 0.4586755037307739, 0.841715931892395, -0.7055963277816772, -0.309353232383728, -0.30222511291503906, 0.6631984710693359]","[0.15286988019943237, 0.18734398484230042, 0.07276986539363861, 0.11134879291057587, 0.0966334268450737, 0.18556657433509827, 0.748314380645752]",0.049787066876888275,-3.0,-3.0,0.161272332072258,0.21467523276805878,0.21623317897319794,0.2533608675003052,0.2530915439128876,"{""critic_optimizer_updates"": 2019, ""actor_optimizer_updates_0"": 19, ""actor_optimizer_updates_1"": 19, ""actor_optimizer_steps_total"": 38, ""alpha_optimizer_updates"": 19}",1.2868294715881348,0.7362918257713318,0.6506590843200684,1.2501914501190186,0.8799219131469727
snapshot,20,0.23119361698627472,0.2313733845949173,"[0.6204379200935364, 0.34231650829315186, 0.7390604615211487, 0.2819308936595917, 0.08897636830806732, 0.6378602385520935, 0.6582530736923218]","[0.11307685822248459, 0.1779840737581253, 0.10291914641857147, 0.13314445316791534, 0.12098325788974762, 0.18680913746356964, 0.7466318011283875]",0.049787066876888275,-3.0,-3.0,0.1473214328289032,0.25337734818458557,0.25335487723350525,"[-0.408081978559494, 0.46004247665405273, 0.8465750217437744, -0.7170928716659546, -0.31121256947517395, -0.28612425923347473, 0.6629963517189026]","[0.15412302315235138, 0.18830719590187073, 0.07161345332860947, 0.10952561348676682, 0.09732455760240555, 0.18620207905769348, 0.7482413053512573]",0.049787066876888275,-3.0,-3.0,0.1623883992433548,0.21593894064426422,0.21753737330436707,0.2557776868343353,0.25550377368927,"{""critic_optimizer_updates"": 2020, ""actor_optimizer_updates_0"": 20, ""actor_optimizer_updates_1"": 20, ""actor_optimizer_steps_total"": 40, ""alpha_optimizer_updates"": 20}",1.324908971786499,0.7363577485084534,0.6425018310546875,1.25288987159729,0.8787518739700317
snapshot,21,0.23155717551708221,0.23173990845680237,"[0.6226367950439453, 0.3354758620262146, 0.7402969598770142, 0.2717980742454529, 0.0821082666516304, 0.643416166305542, 0.6569879055023193]","[0.11353908479213715, 0.17808257043361664, 0.10356295108795166, 0.1326601207256317, 0.11991816759109497, 0.1819695383310318, 0.7461562752723694]",0.049787066876888275,-3.0,-3.0,0.1473214328289032,0.2547292113304138,0.25469765067100525,"[-0.40255051851272583, 0.4598921537399292, 0.8506518006324768, -0.7274702787399292, -0.312133252620697, -0.2683159410953522, 0.6627540588378906]","[0.15527716279029846, 0.18924804031848907, 0.07061589509248734, 0.10773947089910507, 0.097836934030056, 0.1871432214975357, 0.7481503486633301]",0.049787066876888275,-3.0,-3.0,0.1640625,0.21632714569568634,0.21795791387557983,0.2573040723800659,0.2570263743400574,"{""critic_optimizer_updates"": 2021, ""actor_optimizer_updates_0"": 21, ""actor_optimizer_updates_1"": 21, ""actor_optimizer_steps_total"": 42, ""alpha_optimizer_updates"": 21}",1.3322490453720093,0.7480073571205139,0.641434907913208,1.2699037790298462,0.8785523176193237
snapshot,22,0.23126274347305298,0.2314467579126358,"[0.623782753944397, 0.32778817415237427, 0.7406892776489258, 0.260974645614624, 0.07587897777557373, 0.6478029489517212, 0.6555471420288086]","[0.11406909674406052, 0.17806367576122284, 0.10429633408784866, 0.13187585771083832, 0.11811870336532593, 0.17782555520534515, 0.7456261515617371]",0.049787066876888275,-3.0,-3.0,0.1473214328289032,0.2554961144924164,0.25545573234558105,"[-0.3956373929977417, 0.45842742919921875, 0.8540831804275513, -0.7368457317352295, -0.3133527338504791, -0.24953985214233398, 0.6624722480773926]","[0.15643687546253204, 0.1902284026145935, 0.06975658237934113, 0.10602215677499771, 0.09808606654405594, 0.18839356303215027, 0.7480365037918091]",0.049787066876888275,-3.0,-3.0,0.1646205484867096,0.2160603255033493,0.21771404147148132,0.258257120847702,0.2579759359359741,"{""critic_optimizer_updates"": 2022, ""actor_optimizer_updates_0"": 22, ""actor_optimizer_updates_1"": 22, ""actor_optimizer_steps_total"": 44, ""alpha_optimizer_updates"": 22}",1.320723295211792,0.7630214095115662,0.6413774490356445,1.2940009832382202,0.8781413435935974
snapshot,23,0.23034338653087616,0.23052683472633362,"[0.6239742040634155, 0.31924885511398315, 0.7403634786605835, 0.2491871416568756, 0.07026465982198715, 0.6510844826698303, 0.6539216041564941]","[0.11462748795747757, 0.1779087632894516, 0.10509127378463745, 0.13083256781101227, 0.11561690270900726, 0.17438802123069763, 0.7450411319732666]",0.049787066876888275,-3.0,-3.0,0.145647332072258,0.255856454372406,0.2558073401451111,"[-0.387459397315979, 0.455931693315506, 0.8569953441619873, -0.745361864566803, -0.31489503383636475, -0.2308426946401596, 0.6621367931365967]","[0.15759257972240448, 0.19119040668010712, 0.06900644302368164, 0.10439079254865646, 0.09802864491939545, 0.18986669182777405, 0.7479007244110107]",0.049787066876888275,-3.0,-3.0,0.165178582072258,0.2151738703250885,0.21684260666370392,0.2588128447532654,0.25852900743484497,"{""critic_optimizer_updates"": 2023, ""actor_optimizer_updates_0"": 23, ""actor_optimizer_updates_1"": 23, ""actor_optimizer_steps_total"": 46, ""alpha_optimizer_updates"": 23}",1.3026129007339478,0.7791001200675964,0.641380786895752,1.3158701658248901,0.8789854645729065
snapshot,24,0.2289975881576538,0.22917963564395905,"[0.6233692169189453, 0.3099486231803894, 0.7394229769706726, 0.236627459526062, 0.064642995595932, 0.653754472732544, 0.652080774307251]","[0.11520928889513016, 0.17757844924926758, 0.10594558715820312, 0.12950566411018372, 0.11279379576444626, 0.17121730744838715, 0.7443955540657043]",0.049787066876888275,-3.0,-3.0,0.140625,0.25578534603118896,0.2557276487350464,"[-0.37805771827697754, 0.45228111743927, 0.859464168548584, -0.7531425952911377, -0.31666940450668335, -0.21106749773025513, 0.6617347002029419]","[0.15868769586086273, 0.19216684997081757, 0.06834907084703445, 0.10283789038658142, 0.09782131761312485, 0.19162459671497345, 0.7477391362190247]",0.049787066876888275,-3.0,-3.0,0.165178582072258,0.2138718217611313,0.21555356681346893,0.25895246863365173,0.25866732001304626,"{""critic_optimizer_updates"": 2024, ""actor_optimizer_updates_0"": 24, ""actor_optimizer_updates_1"": 24, ""actor_optimizer_steps_total"": 48, ""alpha_optimizer_updates"": 24}",1.2866692543029785,0.8025351762771606,0.6347850561141968,1.351093053817749,0.8832824230194092
snapshot,25,0.22725893557071686,0.22743837535381317,"[0.6220098733901978, 0.300176203250885, 0.7378961443901062, 0.223576620221138, 0.05943376570940018, 0.6556655764579773, 0.6500171422958374]","[0.11578868329524994, 0.17707954347133636, 0.10686737298965454, 0.12801307439804077, 0.10963010042905807, 0.16859941184520721, 0.7436888813972473]",0.049787066876888275,-3.0,-3.0,0.1411830484867096,0.2554614245891571,0.25539547204971313,"[-0.36747825145721436, 0.447659969329834, 0.8615373373031616, -0.760234534740448, -0.31911033391952515, -0.19166414439678192, 0.66124427318573]","[0.15977239608764648, 0.19317437708377838, 0.06778282672166824, 0.10135694593191147, 0.09727596491575241, 0.1935657113790512, 0.7475430965423584]",0.049787066876888275,-3.0,-3.0,0.1646205484867096,0.21218746900558472,0.2138812094926834,0.2588469386100769,0.2585626244544983,"{""critic_optimizer_updates"": 2025, ""actor_optimizer_updates_0"": 25, ""actor_optimizer_updates_1"": 25, ""actor_optimizer_steps_total"": 50, ""alpha_optimizer_updates"": 25}",1.2821934223175049,0.8245822191238403,0.6312985420227051,1.3795088529586792,0.8880012035369873
snapshot,26,0.22520525753498077,0.22538115084171295,"[0.6199297904968262, 0.28967639803886414, 0.7358061075210571, 0.2103179693222046, 0.05522706359624863, 0.6570544242858887, 0.6477208733558655]","[0.11640631407499313, 0.17647908627986908, 0.10784389078617096, 0.1263064742088318, 0.1061282828450203, 0.16632720828056335, 0.7429184913635254]",0.049787066876888275,-3.0,-3.0,0.1389508992433548,0.25488558411598206,0.25481146574020386,"[-0.35570693016052246, 0.4421038329601288, 0.8632557988166809, -0.7667002081871033, -0.3217085003852844, -0.17276719212532043, 0.660656213760376]","[0.16083036363124847, 0.19421131908893585, 0.0673011839389801, 0.09995108097791672, 0.09671895205974579, 0.19564121961593628, 0.7473071813583374]",0.049787066876888275,-3.0,-3.0,0.1646205484867096,0.2102011889219284,0.2119019478559494,0.2585011422634125,0.2582189440727234,"{""critic_optimizer_updates"": 2026, ""actor_optimizer_updates_0"": 26, ""actor_optimizer_updates_1"": 26, ""actor_optimizer_steps_total"": 52, ""alpha_optimizer_updates"": 26}",1.2785022258758545,0.8439507484436035,0.6324753761291504,1.4072681665420532,0.8917863368988037
snapshot,27,0.22296912968158722,0.2231408655643463,"[0.6173790693283081, 0.2789223790168762, 0.7333282232284546, 0.19677786529064178, 0.051585011184215546, 0.6580255031585693, 0.6452603340148926]","[0.11703477799892426, 0.17580117285251617, 0.10883820801973343, 0.12440275400876999, 0.10237318277359009, 0.16433857381343842, 0.7420989274978638]",0.049787066876888275,-3.0,-3.0,0.13671875,0.2543317377567291,0.25425097346305847,"[-0.34317001700401306, 0.43586844205856323, 0.8647398948669434, -0.7726631164550781, -0.32616177201271057, -0.1544075459241867, 0.6599728465080261]","[0.16183507442474365, 0.19524109363555908, 0.06687088310718536, 0.09859277307987213, 0.09600069373846054, 0.19771860539913177, 0.7470282912254333]",0.049787066876888275,-3.0,-3.0,0.1657366156578064,0.20803506672382355,0.2097383439540863,0.258170485496521,0.25789231061935425,"{""critic_optimizer_updates"": 2027, ""actor_optimizer_updates_0"": 27, ""actor_optimizer_updates_1"": 27, ""actor_optimizer_steps_total"": 54, ""alpha_optimizer_updates"": 27}",1.3148038387298584,0.8579713106155396,0.6295827627182007,1.4243791103363037,0.8956780433654785
snapshot,28,0.22051994502544403,0.2206866294145584,"[0.6143147349357605, 0.267712265253067, 0.7304704189300537, 0.18283241987228394, 0.048529669642448425, 0.6585174798965454, 0.6426738500595093]","[0.11760617047548294, 0.1750153750181198, 0.10985411703586578, 0.12241829186677933, 0.09877055138349533, 0.1626868098974228, 0.7412425875663757]",0.049787066876888275,-3.0,-3.0,0.1311383992433548,0.2536574602127075,0.25357016921043396,"[-0.3296220898628235, 0.428841769695282, 0.8659654855728149, -0.778140127658844, -0.33110785484313965, -0.13751614093780518, 0.6591671109199524]","[0.16277171671390533, 0.19627512991428375, 0.06649141758680344, 0.09728924185037613, 0.09515270590782166, 0.19970601797103882, 0.7466974854469299]",0.049787066876888275,-3.0,-3.0,0.1674107164144516,0.2056562751531601,0.2073584645986557,0.25770631432533264,0.257432758808136,"{""critic_optimizer_updates"": 2028, ""actor_optimizer_updates_0"": 28, ""actor_optimizer_updates_1"": 28, ""actor_optimizer_steps_total"": 56, ""alpha_optimizer_updates"": 28}",1.3707420825958252,0.8612133264541626,0.6298615336418152,1.4290931224822998,0.895850658416748
snapshot,29,0.21801047027111053,0.2181718498468399,"[0.6109467148780823, 0.25625908374786377, 0.7272968292236328, 0.1690112054347992, 0.04755815118551254, 0.6587216854095459, 0.6400012373924255]","[0.11816434562206268, 0.1740587055683136, 0.11088436841964722, 0.12040212750434875, 0.09480268508195877, 0.1612085998058319, 0.7403603196144104]",0.049787066876888275,-3.0,-3.0,0.1266741156578064,0.2529640197753906,0.25287115573883057,"[-0.3152391314506531, 0.4210747480392456, 0.8670049905776978, -0.7831841707229614, -0.33707115054130554, -0.12178843468427658, 0.6582179069519043]","[0.16366295516490936, 0.19732224941253662, 0.06614857912063599, 0.09605284780263901, 0.09447824209928513, 0.20157182216644287, 0.7463073134422302]",0.049787066876888275,-3.0,-3.0,0.1674107164144516,0.20321574807167053,0.20491307973861694,0.25720736384391785,0.25693926215171814,"{""critic_optimizer_updates"": 2029, ""actor_optimizer_updates_0"": 29, ""actor_optimizer_updates_1"": 29, ""actor_optimizer_steps_total"": 58, ""alpha_optimizer_updates"": 29}",1.4485269784927368,0.8583922386169434,0.6280835866928101,1.4253406524658203,0.8964380025863647
snapshot,30,0.21538878977298737,0.2155439257621765,"[0.6072720289230347, 0.24455343186855316, 0.7238767743110657, 0.15516746044158936, 0.04713190346956253, 0.6584542989730835, 0.6372657418251038]","[0.11866436153650284, 0.17301037907600403, 0.11191067844629288, 0.11852330714464188, 0.0909154936671257, 0.16009151935577393, 0.7394466400146484]",0.049787066876888275,-3.0,-3.0,0.125,0.2519984841346741,0.25189855694770813,"[-0.2999224364757538, 0.41245371103286743, 0.867877721786499, -0.7878861427307129, -0.3418225646018982, -0.10571490228176117, 0.6570845246315002]","[0.16448599100112915, 0.19842131435871124, 0.06583395600318909, 0.09485873579978943, 0.09381978213787079, 0.2034238874912262, 0.7458446621894836]",0.049787066876888275,-3.0,-3.0,0.1668526828289032,0.20067428052425385,0.2023646980524063,0.25644955039024353,0.2561860978603363,"{""critic_optimizer_updates"": 2030, ""actor_optimizer_updates_0"": 30, ""actor_optimizer_updates_1"": 30, ""actor_optimizer_steps_total"": 60, ""alpha_optimizer_updates"": 30}",1.5323066711425781,0.8489124774932861,0.6299479007720947,1.4086166620254517,0.895618200302124
snapshot,31,0.21279163658618927,0.21294085681438446,"[0.6034189462661743, 0.23282018303871155, 0.7202147245407104, 0.1413191556930542, 0.047088515013456345, 0.6580862402915955, 0.6345096826553345]","[0.11913048475980759, 0.1718520224094391, 0.11291008442640305, 0.11671192944049835, 0.08734020590782166, 0.1589992642402649, 0.7385135889053345]",0.049787066876888275,-3.0,-3.0,0.1222098246216774,0.25107812881469727,0.25097164511680603,"[-0.2841392159461975, 0.4033944606781006, 0.8686198592185974, -0.7922604084014893, -0.3471309244632721, -0.09147124737501144, 0.6557656526565552]","[0.1652504950761795, 0.1994846910238266, 0.06554200500249863, 0.09371931105852127, 0.09322266280651093, 0.20502737164497375, 0.7453076839447021]",0.049787066876888275,-3.0,-3.0,0.1657366156578064,0.1981646716594696,0.19984588027000427,0.2557219862937927,0.25546392798423767,"{""critic_optimizer_updates"": 2031, ""actor_optimizer_updates_0"": 31, ""actor_optimizer_updates_1"": 31, ""actor_optimizer_steps_total"": 62, ""alpha_optimizer_updates"": 31}",1.6041288375854492,0.8411273956298828,0.6297056674957275,1.4023934602737427,0.8938978910446167
snapshot,32,0.21013416349887848,0.21027737855911255,"[0.5991911292076111, 0.22125087678432465, 0.716232419013977, 0.12762399017810822, 0.0484626404941082, 0.6573779582977295, 0.6316201686859131]","[0.11958163976669312, 0.17055600881576538, 0.11391240358352661, 0.11483962088823318, 0.08345427364110947, 0.1581002175807953, 0.7375390529632568]",0.049787066876888275,-3.0,-3.0,0.1199776828289032,0.2500254511833191,0.24991180002689362,"[-0.2678822875022888, 0.3937717080116272, 0.8691832423210144, -0.7963404655456543, -0.3514237403869629, -0.07822852581739426, 0.6542397737503052]","[0.16594362258911133, 0.2005259096622467, 0.06528342515230179, 0.09261671453714371, 0.09270733594894409, 0.20652566850185394, 0.7446900606155396]",0.049787066876888275,-3.0,-3.0,0.1635044664144516,0.19559220969676971,0.1972636729478836,0.25485435128211975,0.2546004354953766,"{""critic_optimizer_updates"": 2032, ""actor_optimizer_updates_0"": 32, ""actor_optimizer_updates_1"": 32, ""actor_optimizer_steps_total"": 64, ""alpha_optimizer_updates"": 32}",1.661893367767334,0.8253271579742432,0.6332899332046509,1.3895847797393799,0.8870682716369629
snapshot,33,0.20742349326610565,0.20756027102470398,"[0.5947076678276062, 0.21017904579639435, 0.7119807004928589, 0.11424131691455841, 0.0498264878988266, 0.6562563180923462, 0.6289544105529785]","[0.11999112367630005, 0.16912513971328735, 0.11493334919214249, 0.11300808191299438, 0.07985437661409378, 0.15751223266124725, 0.7366059422492981]",0.049787066876888275,-3.0,-3.0,0.1160714328289032,0.2489769607782364,0.2488558441400528,"[-0.2513432502746582, 0.38403043150901794, 0.8695936799049377, -0.8001900911331177, -0.35559767484664917, -0.06629914045333862, 0.6525402069091797]","[0.16652770340442657, 0.20147304236888885, 0.06506693363189697, 0.0915365144610405, 0.0922970324754715, 0.20766769349575043, 0.7440027594566345]",0.049787066876888275,-3.0,-3.0,0.1595982164144516,0.19297243654727936,0.19462814927101135,0.25395938754081726,0.253707617521286,"{""critic_optimizer_updates"": 2033, ""actor_optimizer_updates_0"": 33, ""actor_optimizer_updates_1"": 33, ""actor_optimizer_steps_total"": 66, ""alpha_optimizer_updates"": 33}",1.6700702905654907,0.8066229820251465,0.6447829604148865,1.374781608581543,0.8780617713928223
snapshot,34,0.2046682983636856,0.20479969680309296,"[0.5899413824081421, 0.20033155381679535, 0.7072464823722839, 0.10173656046390533, 0.05084207281470299, 0.6546952724456787, 0.6266462206840515]","[0.12044647336006165, 0.16760024428367615, 0.11598527431488037, 0.1111544817686081, 0.07651710510253906, 0.15712867677211761, 0.7357375025749207]",0.049787066876888275,-3.0,-3.0,0.113839291036129,0.24783258140087128,0.24770312011241913,"[-0.23489904403686523, 0.3740729093551636, 0.8698166012763977, -0.8038002252578735, -0.3588780164718628, -0.05693496763706207, 0.6506661176681519]","[0.1670491099357605, 0.202325239777565, 0.06490415334701538, 0.09050256013870239, 0.09182413667440414, 0.20831261575222015, 0.7432490587234497]",0.049787066876888275,-3.0,-3.0,0.1556919664144516,0.19033068418502808,0.19196827709674835,0.2529406249523163,0.25269022583961487,"{""critic_optimizer_updates"": 2034, ""actor_optimizer_updates_0"": 34, ""actor_optimizer_updates_1"": 34, ""actor_optimizer_steps_total"": 68, ""alpha_optimizer_updates"": 34}",1.6569769382476807,0.7946555018424988,0.6516883373260498,1.3669657707214355,0.8762623071670532
snapshot,35,0.20186156034469604,0.20198829472064972,"[0.5849018096923828, 0.19105899333953857, 0.7020695209503174, 0.09033853560686111, 0.05167055130004883, 0.6527748107910156, 0.6245518326759338]","[0.12094488739967346, 0.16594567894935608, 0.1170639842748642, 0.10927621275186539, 0.07341114431619644, 0.15686629712581635, 0.7349089980125427]",0.049787066876888275,-3.0,-3.0,0.1127232164144516,0.24643640220165253,0.24629725515842438,"[-0.21835081279277802, 0.3636985421180725, 0.8698287010192871, -0.8071427345275879, -0.3601393699645996, -0.05177423730492592, 0.6486198902130127]","[0.1674191802740097, 0.20310714840888977, 0.06481095403432846, 0.08952587097883224, 0.09143301099538803, 0.20845821499824524, 0.742434024810791]",0.049787066876888275,-3.0,-3.0,0.1517857164144516,0.18766313791275024,0.18928270041942596,0.25164762139320374,0.25139763951301575,"{""critic_optimizer_updates"": 2035, ""actor_optimizer_updates_0"": 35, ""actor_optimizer_updates_1"": 35, ""actor_optimizer_steps_total"": 70, ""alpha_optimizer_updates"": 35}",1.616574764251709,0.7863543629646301,0.6622287631034851,1.3646750450134277,0.8749979734420776
snapshot,36,0.19893915951251984,0.1990620493888855,"[0.5794193744659424, 0.18339265882968903, 0.6963906288146973, 0.08143850415945053, 0.05184142291545868, 0.6501145362854004, 0.6225016117095947]","[0.12146472185850143, 0.1642645299434662, 0.11818105727434158, 0.10763998329639435, 0.07042225450277328, 0.1570226103067398, 0.7340825200080872]",0.049787066876888275,-3.0,-3.0,0.1104910746216774,0.24483969807624817,0.24468937516212463,"[-0.20187285542488098, 0.35326433181762695, 0.8696515560150146, -0.8102761507034302, -0.3595294952392578, -0.04948658496141434, 0.6462910175323486]","[0.1676766574382782, 0.20376798510551453, 0.06477081030607224, 0.08857888728380203, 0.0910865068435669, 0.2082156389951706, 0.7415215969085693]",0.049787066876888275,-3.0,-3.0,0.1484375,0.18489854037761688,0.18650226294994354,0.2501422166824341,0.24989202618598938,"{""critic_optimizer_updates"": 2036, ""actor_optimizer_updates_0"": 36, ""actor_optimizer_updates_1"": 36, ""actor_optimizer_steps_total"": 72, ""alpha_optimizer_updates"": 36}",1.586150884628296,0.7772828340530396,0.6674233675003052,1.3549227714538574,0.8751113414764404
snapshot,37,0.19600102305412292,0.196120947599411,"[0.5737062692642212, 0.17621299624443054, 0.6901662349700928, 0.07458039373159409, 0.05364257097244263, 0.647257924079895, 0.6204790472984314]","[0.12201634794473648, 0.16258662939071655, 0.11934228986501694, 0.10609550029039383, 0.06759791821241379, 0.157232403755188, 0.7332528233528137]",0.049787066876888275,-3.0,-3.0,0.1077008992433548,0.24306648969650269,0.24290315806865692,"[-0.18624582886695862, 0.34303730726242065, 0.8692469000816345, -0.8131566047668457, -0.3571273386478424, -0.05238362401723862, 0.6437241435050964]","[0.16782915592193604, 0.2043442726135254, 0.06478630006313324, 0.08767697960138321, 0.09060259908437729, 0.20715534687042236, 0.7405319809913635]",0.049787066876888275,-3.0,-3.0,0.145647332072258,0.18213404715061188,0.18372206389904022,0.24842092394828796,0.24816963076591492,"{""critic_optimizer_updates"": 2037, ""actor_optimizer_updates_0"": 37, ""actor_optimizer_updates_1"": 37, ""actor_optimizer_steps_total"": 74, ""alpha_optimizer_updates"": 37}",1.5576815605163574,0.7636568546295166,0.6721530556678772,1.3361477851867676,0.8761303424835205
snapshot,38,0.1930007040500641,0.19311828911304474,"[0.5678952932357788, 0.16982237994670868, 0.6835429668426514, 0.06841183453798294, 0.055167097598314285, 0.6440942287445068, 0.6188241243362427]","[0.12250886857509613, 0.16092421114444733, 0.12051576375961304, 0.1046236976981163, 0.06571550667285919, 0.15763843059539795, 0.7325103878974915]",0.049787066876888275,-3.0,-3.0,0.1054687574505806,0.2413967400789261,0.24122054874897003,"[-0.17264358699321747, 0.3331918716430664, 0.8687227964401245, -0.815859317779541, -0.3540726900100708, -0.05696231126785278, 0.6409876942634583]","[0.16793698072433472, 0.20483548939228058, 0.06483149528503418, 0.08682594448328018, 0.0901259183883667, 0.2058221697807312, 0.7394933104515076]",0.049787066876888275,-3.0,-3.0,0.141741082072258,0.17932091653347015,0.18089060485363007,0.24677202105522156,0.24651937186717987,"{""critic_optimizer_updates"": 2038, ""actor_optimizer_updates_0"": 38, ""actor_optimizer_updates_1"": 38, ""actor_optimizer_steps_total"": 76, ""alpha_optimizer_updates"": 38}",1.534881591796875,0.7516894340515137,0.67414391040802,1.3172109127044678,0.8774057030677795
snapshot,39,0.18994829058647156,0.1900654286146164,"[0.5618430972099304, 0.16510826349258423, 0.6765157580375671, 0.06371676921844482, 0.05611307919025421, 0.6405276656150818, 0.6174603700637817]","[0.1230258047580719, 0.15923264622688293, 0.12168757617473602, 0.10328388214111328, 0.06409505009651184, 0.15817822515964508, 0.7318423986434937]",0.049787066876888275,-3.0,-3.0,0.1054687574505806,0.23967960476875305,0.23949028551578522,"[-0.15975207090377808, 0.3232284188270569, 0.8680589199066162, -0.8184032440185547, -0.3499715328216553, -0.06122618168592453, 0.6380804777145386]","[0.1679992377758026, 0.2052440643310547, 0.06491754204034805, 0.08600593358278275, 0.08988413214683533, 0.2044920027256012, 0.7384082078933716]",0.049787066876888275,-3.0,-3.0,0.1389508992433548,0.17647863924503326,0.1780318319797516,0.2450665831565857,0.24481208622455597,"{""critic_optimizer_updates"": 2039, ""actor_optimizer_updates_0"": 39, ""actor_optimizer_updates_1"": 39, ""actor_optimizer_steps_total"": 78, ""alpha_optimizer_updates"": 39}",1.5072047710418701,0.7403519153594971,0.6729913949966431,1.2979542016983032,0.8804648518562317
snapshot,40,0.18685965240001678,0.1869783103466034,"[0.5557268857955933, 0.1624041497707367, 0.6690840721130371, 0.060147725045681, 0.05511169880628586, 0.6365704536437988, 0.616348147392273]","[0.12353441119194031, 0.15769799053668976, 0.12283160537481308, 0.10223892331123352, 0.06271018087863922, 0.15885062515735626, 0.731238842010498]",0.049787066876888275,-3.0,-3.0,0.1037946492433548,0.23793309926986694,0.23773044347763062,"[-0.14717841148376465, 0.3132729232311249, 0.8672367334365845, -0.8207616806030273, -0.34525609016418457, -0.06472437083721161, 0.6350331902503967]","[0.16800230741500854, 0.20556692779064178, 0.06505566835403442, 0.0852275863289833, 0.08983249217271805, 0.20324543118476868, 0.7372897863388062]",0.049787066876888275,-3.0,-3.0,0.1356026828289032,0.17360752820968628,0.17514461278915405,0.24332162737846375,0.24306471645832062,"{""critic_optimizer_updates"": 2040, ""actor_optimizer_updates_0"": 40, ""actor_optimizer_updates_1"": 40, ""actor_optimizer_steps_total"": 80, ""alpha_optimizer_updates"": 40}",1.4968140125274658,0.7295998334884644,0.6691787838935852,1.2752184867858887,0.8849508762359619
snapshot,41,0.18375320732593536,0.18387362360954285,"[0.5495927333831787, 0.16009247303009033, 0.6614360809326172, 0.05738626420497894, 0.05343455821275711, 0.6324923634529114, 0.6153424978256226]","[0.12398916482925415, 0.1561436802148819, 0.12396252155303955, 0.10132232308387756, 0.06201547011733055, 0.1596878170967102, 0.7306654453277588]",0.049787066876888275,-3.0,-3.0,0.1032366082072258,0.23645004630088806,0.23623450100421906,"[-0.1351928412914276, 0.3046828508377075, 0.8663536310195923, -0.8229929208755493, -0.3411181569099426, -0.0694320872426033, 0.6317553520202637]","[0.1679181158542633, 0.2057996243238449, 0.06520693004131317, 0.0844632014632225, 0.08986614644527435, 0.20192182064056396, 0.7361111044883728]",0.049787066876888275,-3.0,-3.0,0.133928582072258,0.1707228720188141,0.17224735021591187,0.24181625247001648,0.2415570318698883,"{""critic_optimizer_updates"": 2041, ""actor_optimizer_updates_0"": 41, ""actor_optimizer_updates_1"": 41, ""actor_optimizer_steps_total"": 82, ""alpha_optimizer_updates"": 41}",1.4732465744018555,0.7265443801879883,0.6669924259185791,1.2652887105941772,0.8896037340164185
snapshot,42,0.18069985508918762,0.18082207441329956,"[0.5435535907745361, 0.15770401060581207, 0.6536815166473389, 0.054658789187669754, 0.051081448793411255, 0.6285914182662964, 0.6144534945487976]","[0.1243734136223793, 0.15459096431732178, 0.12503744661808014, 0.10062423348426819, 0.061585161834955215, 0.1604796200990677, 0.7301287651062012]",0.049787066876888275,-3.0,-3.0,0.1004464328289032,0.23515522480010986,0.2349279373884201,"[-0.12373426556587219, 0.29620033502578735, 0.8654834032058716, -0.8251209855079651, -0.33794015645980835, -0.07363003492355347, 0.6284341812133789]","[0.1677597165107727, 0.20596998929977417, 0.06534443795681, 0.08372951298952103, 0.08994700014591217, 0.2007247507572174, 0.7349373698234558]",0.049787066876888275,-3.0,-3.0,0.1316964328289032,0.16789333522319794,0.16940423846244812,0.24049112200737,0.24022984504699707,"{""critic_optimizer_updates"": 2042, ""actor_optimizer_updates_0"": 42, ""actor_optimizer_updates_1"": 42, ""actor_optimizer_steps_total"": 84, ""alpha_optimizer_updates"": 42}",1.4693979024887085,0.7209774851799011,0.6628831028938293,1.254629135131836,0.8940234184265137
snapshot,43,0.1776600033044815,0.17778438329696655,"[0.5375478863716125, 0.15561899542808533, 0.6457797884941101, 0.052202560007572174, 0.048014067113399506, 0.6246697902679443, 0.6137877702713013]","[0.12472695112228394, 0.1530623883008957, 0.1260727345943451, 0.10000137984752655, 0.061479371041059494, 0.16131748259067535, 0.7296636700630188]",0.049787066876888275,-3.0,-3.0,0.0993303582072258,0.23392967879772186,0.23369188606739044,"[-0.113860584795475, 0.2875531315803528, 0.8645360469818115, -0.8270816802978516, -0.3346772789955139, -0.07756764441728592, 0.6252061724662781]","[0.1676301807165146, 0.20611628890037537, 0.06550323218107224, 0.08304592967033386, 0.09012151509523392, 0.19972561299800873, 0.7338093519210815]",0.049787066876888275,-3.0,-3.0,0.1316964328289032,0.16508597135543823,0.1665823757648468,0.2392326146364212,0.23896938562393188,"{""critic_optimizer_updates"": 2043, ""actor_optimizer_updates_0"": 43, ""actor_optimizer_updates_1"": 43, ""actor_optimizer_steps_total"": 86, ""alpha_optimizer_updates"": 43}",1.4916447401046753,0.7112311124801636,0.6591869592666626,1.2351281642913818,0.896325945854187
snapshot,44,0.1746593415737152,0.17478719353675842,"[0.5315679311752319, 0.15467536449432373, 0.6376708745956421, 0.05041763558983803, 0.04446081072092056, 0.6206166744232178, 0.6131704449653625]","[0.12507103383541107, 0.15162573754787445, 0.12707993388175964, 0.09945870190858841, 0.0614580400288105, 0.16217823326587677, 0.7292191386222839]",0.049787066876888275,-3.0,-3.0,0.0993303582072258,0.23279578983783722,0.2325485497713089,"[-0.10446809232234955, 0.27901071310043335, 0.863507866859436, -0.8288809061050415, -0.3320240378379822, -0.08061625063419342, 0.6220321655273438]","[0.16743139922618866, 0.20617938041687012, 0.06568697839975357, 0.0824030414223671, 0.09034383296966553, 0.19893993437290192, 0.7327146530151367]",0.049787066876888275,-3.0,-3.0,0.130022332072258,0.1623106747865677,0.16379466652870178,0.23805898427963257,0.23779448866844177,"{""critic_optimizer_updates"": 2044, ""actor_optimizer_updates_0"": 44, ""actor_optimizer_updates_1"": 44, ""actor_optimizer_steps_total"": 88, ""alpha_optimizer_updates"": 44}",1.5401115417480469,0.6932874917984009,0.6648861169815063,1.2131668329238892,0.8934961557388306
snapshot,45,0.1715960055589676,0.17172876000404358,"[0.525434672832489, 0.1549321860074997, 0.6291759610176086, 0.05023320019245148, 0.04248388111591339, 0.6161789894104004, 0.6127364635467529]","[0.12537555396556854, 0.15023890137672424, 0.1280362606048584, 0.09896525740623474, 0.06122956424951553, 0.16318108141422272, 0.7288295030593872]",0.049787066876888275,-3.0,-3.0,0.0976562574505806,0.23153777420520782,0.2312815934419632,"[-0.09702286869287491, 0.2700921297073364, 0.8622534871101379, -0.8304476141929626, -0.32820168137550354, -0.08333408087491989, 0.6191577315330505]","[0.167365163564682, 0.2061726152896881, 0.06594190746545792, 0.08183502405881882, 0.09042871743440628, 0.19833709299564362, 0.7317255139350891]",0.049787066876888275,-3.0,-3.0,0.1277901828289032,0.15948092937469482,0.16095253825187683,0.2367594987154007,0.23649314045906067,"{""critic_optimizer_updates"": 2045, ""actor_optimizer_updates_0"": 45, ""actor_optimizer_updates_1"": 45, ""actor_optimizer_steps_total"": 90, ""alpha_optimizer_updates"": 45}",1.5892188549041748,0.6775609254837036,0.6740047931671143,1.1969027519226074,0.8881370425224304
snapshot,46,0.16855785250663757,0.16869576275348663,"[0.5194737315177917, 0.15537770092487335, 0.6204843521118164, 0.050115667283535004, 0.040437500923871994, 0.6117116212844849, 0.6123234033584595]","[0.12561985850334167, 0.148908331990242, 0.1289241462945938, 0.09849101305007935, 0.060949359089136124, 0.16424158215522766, 0.7284473180770874]",0.049787066876888275,-3.0,-3.0,0.0970982164144516,0.23023122549057007,0.2299662083387375,"[-0.08979727327823639, 0.2611205577850342, 0.8609059453010559, -0.8318578600883484, -0.3240053057670593, -0.0849793329834938, 0.6166282892227173]","[0.1672080159187317, 0.2060980349779129, 0.06622406095266342, 0.08131959289312363, 0.09068306535482407, 0.19793027639389038, 0.7308518290519714]",0.049787066876888275,-3.0,-3.0,0.125,0.15666937828063965,0.1581280678510666,0.23541291058063507,0.23514415323734283,"{""critic_optimizer_updates"": 2046, ""actor_optimizer_updates_0"": 46, ""actor_optimizer_updates_1"": 46, ""actor_optimizer_steps_total"": 92, ""alpha_optimizer_updates"": 46}",1.6383280754089355,0.6617382764816284,0.6743139028549194,1.1744484901428223,0.885759711265564
snapshot,47,0.16549153625965118,0.16563460230827332,"[0.5135027170181274, 0.15579339861869812, 0.6115936040878296, 0.05040765181183815, 0.03788747638463974, 0.6071048974990845, 0.611907958984375]","[0.12579287588596344, 0.14769424498081207, 0.12974709272384644, 0.09813062101602554, 0.060960933566093445, 0.16536939144134521, 0.7280669808387756]",0.049787066876888275,-3.0,-3.0,0.0954241082072258,0.22902077436447144,0.2287471741437912,"[-0.08593451976776123, 0.2545531690120697, 0.8593514561653137, -0.8330689668655396, -0.3179645240306854, -0.08567489683628082, 0.614377498626709]","[0.1673951894044876, 0.20593520998954773, 0.06657914817333221, 0.08086421340703964, 0.09117500483989716, 0.19772955775260925, 0.7300694584846497]",0.049787066876888275,-3.0,-3.0,0.1227678656578064,0.1538369059562683,0.15528246760368347,0.23417702317237854,0.2339048832654953,"{""critic_optimizer_updates"": 2047, ""actor_optimizer_updates_0"": 47, ""actor_optimizer_updates_1"": 47, ""actor_optimizer_steps_total"": 94, ""alpha_optimizer_updates"": 47}",1.684117317199707,0.6466183662414551,0.6780406832695007,1.153465986251831,0.8835166096687317
snapshot,48,0.1624782532453537,0.1626265048980713,"[0.5077816247940063, 0.1564197540283203, 0.6025987863540649, 0.05044960230588913, 0.03451896086335182, 0.6025392413139343, 0.6114943027496338]","[0.12587790191173553, 0.1466025710105896, 0.13051608204841614, 0.097887322306633, 0.061206985265016556, 0.16655147075653076, 0.727691113948822]",0.049787066876888275,-3.0,-3.0,0.0948660746216774,0.22789976000785828,0.2276180237531662,"[-0.08193525671958923, 0.24825245141983032, 0.8578093647956848, -0.8342491388320923, -0.3126925230026245, -0.08531969785690308, 0.612443208694458]","[0.16752667725086212, 0.20573864877223969, 0.06691925972700119, 0.08041100203990936, 0.09163294732570648, 0.19771333038806915, 0.729386568069458]",0.049787066876888275,-3.0,-3.0,0.1227678656578064,0.15103821456432343,0.15247154235839844,0.23302902281284332,0.232753723859787,"{""critic_optimizer_updates"": 2048, ""actor_optimizer_updates_0"": 48, ""actor_optimizer_updates_1"": 48, ""actor_optimizer_steps_total"": 96, ""alpha_optimizer_updates"": 48}",1.717041254043579,0.6385606527328491,0.6849602460861206,1.144484043121338,0.8813223838806152
snapshot,49,0.15948326885700226,0.15963691473007202,"[0.5021483898162842, 0.15701475739479065, 0.5933880805969238, 0.05023281276226044, 0.03035905584692955, 0.5981007218360901, 0.6112087965011597]","[0.12589576840400696, 0.14562156796455383, 0.13117532432079315, 0.09769782423973083, 0.06157900393009186, 0.16766539216041565, 0.7273462414741516]",0.049787066876888275,-3.0,-3.0,0.094308041036129,0.22674500942230225,0.22645506262779236,"[-0.07821175456047058, 0.24188490211963654, 0.8561959266662598, -0.8353233337402344, -0.30743008852005005, -0.08552378416061401, 0.6109999418258667]","[0.16765381395816803, 0.20547978579998016, 0.06726773083209991, 0.07998845726251602, 0.09197351336479187, 0.19767917692661285, 0.7288513779640198]",0.049787066876888275,-3.0,-3.0,0.121651791036129,0.14823608100414276,0.1496540606021881,0.23184004426002502,0.23156136274337769,"{""critic_optimizer_updates"": 2049, ""actor_optimizer_updates_0"": 49, ""actor_optimizer_updates_1"": 49, ""actor_optimizer_steps_total"": 98, ""alpha_optimizer_updates"": 49}",1.7264740467071533,0.6363413333892822,0.6900674104690552,1.140061855316162,0.8797833919525146
snapshot,50,0.15656080842018127,0.15672087669372559,"[0.49667614698410034, 0.15804988145828247, 0.5839440226554871, 0.050391681492328644, 0.025570400059223175, 0.5937374830245972, 0.6108800172805786]","[0.12593112885951996, 0.14468537271022797, 0.1317526251077652, 0.09750690311193466, 0.06234618276357651, 0.16877499222755432, 0.7269840240478516]",0.049787066876888275,-3.0,-3.0,0.0931919664144516,0.22561420500278473,0.22531653940677643,"[-0.07501284778118134, 0.2358674257993698, 0.8545267581939697, -0.8363056182861328, -0.3021351099014282, -0.08639036118984222, 0.6099772453308105]","[0.1677093207836151, 0.20521500706672668, 0.06763539463281631, 0.07959464937448502, 0.09235573559999466, 0.19754545390605927, 0.7284417152404785]",0.049787066876888275,-3.0,-3.0,0.1205357164144516,0.14550328254699707,0.1469074934720993,0.23067058622837067,0.23038871586322784,"{""critic_optimizer_updates"": 2050, ""actor_optimizer_updates_0"": 50, ""actor_optimizer_updates_1"": 50, ""actor_optimizer_steps_total"": 100, ""alpha_optimizer_updates"": 50}",1.722970962524414,0.6353229284286499,0.6931535601615906,1.1413228511810303,0.8774909377098083
snapshot,51,0.15370778739452362,0.15387436747550964,"[0.4912765920162201, 0.15861552953720093, 0.574372410774231, 0.0501638725399971, 0.020023163408041, 0.5896636843681335, 0.6105785965919495]","[0.12591342628002167, 0.14379315078258514, 0.132225900888443, 0.09734074026346207, 0.0634494349360466, 0.16973058879375458, 0.7266187071800232]",0.049787066876888275,-3.0,-3.0,0.0926339328289032,0.2244781255722046,0.22417250275611877,"[-0.07193464040756226, 0.23059788346290588, 0.852776288986206, -0.8371668457984924, -0.2964742183685303, -0.0868101567029953, 0.609489917755127]","[0.16777467727661133, 0.20499542355537415, 0.06801518052816391, 0.07922950387001038, 0.09289925545454025, 0.19738495349884033, 0.7281898856163025]",0.049787066876888275,-3.0,-3.0,0.1188616156578064,0.14283883571624756,0.14422889053821564,0.22949999570846558,0.22921410202980042,"{""critic_optimizer_updates"": 2051, ""actor_optimizer_updates_0"": 51, ""actor_optimizer_updates_1"": 51, ""actor_optimizer_steps_total"": 102, ""alpha_optimizer_updates"": 51}",1.712335467338562,0.635465145111084,0.6922339797019958,1.1366193294525146,0.8788087368011475
snapshot,52,0.15090392529964447,0.15107759833335876,"[0.4859703481197357, 0.15944774448871613, 0.5645831823348999, 0.05076896399259567, 0.014002401381731033, 0.5855993032455444, 0.6103814244270325]","[0.12586191296577454, 0.1429181545972824, 0.1326008141040802, 0.09717070311307907, 0.06501980870962143, 0.17065311968326569, 0.7262769341468811]",0.049787066876888275,-3.0,-3.0,0.0898437574505806,0.22322943806648254,0.22291524708271027,"[-0.07072698324918747, 0.22525304555892944, 0.8509396314620972, -0.8379395008087158, -0.2891043424606323, -0.08716905117034912, 0.6091936826705933]","[0.16797304153442383, 0.2047596573829651, 0.06840209662914276, 0.07887880504131317, 0.09382158517837524, 0.19743014872074127, 0.727996289730072]",0.049787066876888275,-3.0,-3.0,0.1188616156578064,0.14022748172283173,0.14160606265068054,0.22821739315986633,0.22792664170265198,"{""critic_optimizer_updates"": 2052, ""actor_optimizer_updates_0"": 52, ""actor_optimizer_updates_1"": 52, ""actor_optimizer_steps_total"": 104, ""alpha_optimizer_updates"": 52}",1.6810853481292725,0.6409976482391357,0.6877279281616211,1.1387320756912231,0.8800688982009888
snapshot,53,0.148213729262352,0.1483951061964035,"[0.4808248281478882, 0.16012045741081238, 0.5547052621841431, 0.0508972592651844, 0.008014720864593983, 0.5818506479263306, 0.6101076602935791]","[0.12576891481876373, 0.1420498639345169, 0.13288399577140808, 0.09704547375440598, 0.06653151661157608, 0.17139913141727448, 0.7259008288383484]",0.049787066876888275,-3.0,-3.0,0.0870535746216774,0.22176715731620789,0.2214422971010208,"[-0.06889364868402481, 0.22004656493663788, 0.8490310311317444, -0.8386324644088745, -0.2792741358280182, -0.08552244305610657, 0.6089881658554077]","[0.1679965853691101, 0.20446431636810303, 0.06880377978086472, 0.07854904979467392, 0.09562357515096664, 0.19772647321224213, 0.7278306484222412]",0.049787066876888275,-3.0,-3.0,0.1171875074505806,0.13772818446159363,0.13909724354743958,0.22673723101615906,0.22643925249576569,"{""critic_optimizer_updates"": 2053, ""actor_optimizer_updates_0"": 53, ""actor_optimizer_updates_1"": 53, ""actor_optimizer_steps_total"": 106, ""alpha_optimizer_updates"": 53}",1.6521649360656738,0.6497706174850464,0.6828867793083191,1.1453243494033813,0.8834066987037659
snapshot,54,0.14553114771842957,0.14571943879127502,"[0.47572097182273865, 0.16049723327159882, 0.5448769330978394, 0.050964731723070145, 0.0019838595762848854, 0.5780497789382935, 0.6099798679351807]","[0.12559710443019867, 0.14126276969909668, 0.13303135335445404, 0.0969407930970192, 0.06838580965995789, 0.1722716987133026, 0.7255480289459229]",0.049787066876888275,-3.0,-3.0,0.0859375074505806,0.22041484713554382,0.22007957100868225,"[-0.06829099357128143, 0.2158147692680359, 0.8471285104751587, -0.8392550945281982, -0.26912039518356323, -0.08348802477121353, 0.6089639663696289]","[0.16807821393013, 0.2041977345943451, 0.0692053884267807, 0.07822999358177185, 0.09786859154701233, 0.19804269075393677, 0.727723240852356]",0.049787066876888275,-3.0,-3.0,0.1143973246216774,0.13522613048553467,0.13658230006694794,0.22537580132484436,0.22507017850875854,"{""critic_optimizer_updates"": 2054, ""actor_optimizer_updates_0"": 54, ""actor_optimizer_updates_1"": 54, ""actor_optimizer_steps_total"": 108, ""alpha_optimizer_updates"": 54}",1.6313974857330322,0.6513130068778992,0.6706627607345581,1.1367923021316528,0.8888968229293823
snapshot,55,0.14297467470169067,0.14316944777965546,"[0.4709043502807617, 0.16039776802062988, 0.5353060960769653, 0.050357885658741, -0.0035294387489557266, 0.574584424495697, 0.6099660396575928]","[0.12538078427314758, 0.14053478837013245, 0.13302528858184814, 0.09714668989181519, 0.07018744200468063, 0.1730882078409195, 0.7252091765403748]",0.049787066876888275,-3.0,-3.0,0.0853794664144516,0.21949364244937897,0.2191532552242279,"[-0.06767981499433517, 0.21126946806907654, 0.8454451560974121, -0.8398056030273438, -0.2647159695625305, -0.08136062324047089, 0.6093912124633789]","[0.1681153029203415, 0.20395247638225555, 0.06953093409538269, 0.07793115824460983, 0.09881208837032318, 0.19830453395843506, 0.7277543544769287]",0.049787066876888275,-3.0,-3.0,0.1127232164144516,0.13282959163188934,0.13416986167430878,0.22443850338459015,0.22412940859794617,"{""critic_optimizer_updates"": 2055, ""actor_optimizer_updates_0"": 55, ""actor_optimizer_updates_1"": 55, ""actor_optimizer_steps_total"": 110, ""alpha_optimizer_updates"": 55}",1.621239423751831,0.6623051166534424,0.6515133380889893,1.1323765516281128,0.899497389793396
snapshot,56,0.1406279057264328,0.14082922041416168,"[0.466437429189682, 0.15976287424564362, 0.5260505080223083, 0.04907665774226189, -0.009774352423846722, 0.5717412233352661, 0.6101784110069275]","[0.1251329630613327, 0.13988642394542694, 0.1328599452972412, 0.09760913997888565, 0.07227164506912231, 0.1736849546432495, 0.724906861782074]",0.049787066876888275,-3.0,-3.0,0.0842633992433548,0.21904566884040833,0.21870636940002441,"[-0.06589726358652115, 0.20629815757274628, 0.8440009951591492, -0.8403050899505615, -0.2673541307449341, -0.07836733758449554, 0.6099843978881836]","[0.16797880828380585, 0.2037152796983719, 0.06976529955863953, 0.07763232290744781, 0.09810240566730499, 0.19853879511356354, 0.7278397679328918]",0.049787066876888275,-3.0,-3.0,0.1127232164144516,0.1306152045726776,0.1319369673728943,0.22397582232952118,0.22366906702518463,"{""critic_optimizer_updates"": 2056, ""actor_optimizer_updates_0"": 56, ""actor_optimizer_updates_1"": 56, ""actor_optimizer_steps_total"": 112, ""alpha_optimizer_updates"": 56}",1.6155462265014648,0.664238691329956,0.645336925983429,1.131291151046753,0.9025793075561523
snapshot,57,0.13841108977794647,0.13861875236034393,"[0.46227511763572693, 0.15873759984970093, 0.517076849937439, 0.04681389406323433, -0.014755854383111, 0.569320023059845, 0.6103915572166443]","[0.1247946172952652, 0.1392900049686432, 0.13257603347301483, 0.09821025282144547, 0.07344097644090652, 0.17407330870628357, 0.7245808839797974]",0.049787066876888275,-3.0,-3.0,0.0842633992433548,0.2187110185623169,0.21837440133094788,"[-0.06309616565704346, 0.20099806785583496, 0.8427072763442993, -0.840778112411499, -0.2718430161476135, -0.07384264469146729, 0.6107313632965088]","[0.16768009960651398, 0.20347090065479279, 0.06992565840482712, 0.07732962816953659, 0.09708958119153976, 0.19890840351581573, 0.727974534034729]",0.049787066876888275,-3.0,-3.0,0.1127232164144516,0.12852349877357483,0.129827082157135,0.2236321121454239,0.22332826256752014,"{""critic_optimizer_updates"": 2057, ""actor_optimizer_updates_0"": 57, ""actor_optimizer_updates_1"": 57, ""actor_optimizer_steps_total"": 114, ""alpha_optimizer_updates"": 57}",1.620055913925171,0.6607661247253418,0.6449483036994934,1.1266525983810425,0.9021087884902954
snapshot,58,0.13626739382743835,0.13648080825805664,"[0.4582236409187317, 0.15743182599544525, 0.5082706212997437, 0.04386477917432785, -0.02052338421344757, 0.5670769214630127, 0.6106600761413574]","[0.1244313046336174, 0.1387573480606079, 0.13213913142681122, 0.09883469343185425, 0.07471228390932083, 0.17448610067367554, 0.7242240309715271]",0.049787066876888275,-3.0,-3.0,0.0831473246216774,0.21843668818473816,0.2181037962436676,"[-0.0593535378575325, 0.1953841745853424, 0.8414863348007202, -0.841195821762085, -0.27769917249679565, -0.06862159073352814, 0.6119009256362915]","[0.1671367883682251, 0.20320822298526764, 0.07005073875188828, 0.07704335451126099, 0.09587274491786957, 0.19926860928535461, 0.7282385230064392]",0.049787066876888275,-3.0,-3.0,0.1127232164144516,0.126495823264122,0.12777839601039886,0.22334913909435272,0.22304853796958923,"{""critic_optimizer_updates"": 2058, ""actor_optimizer_updates_0"": 58, ""actor_optimizer_updates_1"": 58, ""actor_optimizer_steps_total"": 116, ""alpha_optimizer_updates"": 58}",1.6177914142608643,0.6583422422409058,0.6489149332046509,1.1233437061309814,0.8985294699668884
snapshot,59,0.13432340323925018,0.13454410433769226,"[0.45446062088012695, 0.15734893083572388, 0.4996598958969116, 0.040817394852638245, -0.02700173109769821, 0.5649949908256531, 0.6109582185745239]","[0.12403304129838943, 0.1383451223373413, 0.13162539899349213, 0.09961628168821335, 0.0762718990445137, 0.17481766641139984, 0.7238315343856812]",0.049787066876888275,-3.0,-3.0,0.082589291036129,0.21827061474323273,0.21794173121452332,"[-0.054988421499729156, 0.18980549275875092, 0.8404077291488647, -0.8415589332580566, -0.2846999764442444, -0.064515620470047, 0.6133014559745789]","[0.16651393473148346, 0.20296131074428558, 0.07011886686086655, 0.0767645314335823, 0.09446477890014648, 0.1996183544397354, 0.728579580783844]",0.049787066876888275,-3.0,-3.0,0.1121651828289032,0.12465155869722366,0.12591230869293213,0.22315934300422668,0.22286228835582733,"{""critic_optimizer_updates"": 2059, ""actor_optimizer_updates_0"": 59, ""actor_optimizer_updates_1"": 59, ""actor_optimizer_steps_total"": 118, ""alpha_optimizer_updates"": 59}",1.6201961040496826,0.6582609415054321,0.6508971452713013,1.12241792678833,0.8967068791389465
snapshot,60,0.13254819810390472,0.13277776539325714,"[0.4508591890335083, 0.15835511684417725, 0.49102532863616943, 0.03747979551553726, -0.03477773070335388, 0.5631200075149536, 0.6112111210823059]","[0.12361975014209747, 0.1379776895046234, 0.13103145360946655, 0.100446417927742, 0.07822681218385696, 0.17499050498008728, 0.7233836650848389]",0.049787066876888275,-3.0,-3.0,0.082589291036129,0.21772845089435577,0.21739926934242249,"[-0.049957625567913055, 0.18412694334983826, 0.8392819166183472, -0.8418799042701721, -0.28717321157455444, -0.062100183218717575, 0.6145989298820496]","[0.16579334437847137, 0.20265409350395203, 0.0701875314116478, 0.07648620754480362, 0.09374673664569855, 0.19967125356197357, 0.7288928031921387]",0.049787066876888275,-3.0,-3.0,0.1121651828289032,0.12295985221862793,0.12420143932104111,0.22258654236793518,0.22228944301605225,"{""critic_optimizer_updates"": 2060, ""actor_optimizer_updates_0"": 60, ""actor_optimizer_updates_1"": 60, ""actor_optimizer_steps_total"": 120, ""alpha_optimizer_updates"": 60}",1.6248602867126465,0.652428388595581,0.6601483821868896,1.1181511878967285,0.8911830186843872
snapshot,61,0.13081955909729004,0.13105785846710205,"[0.447212278842926, 0.15902480483055115, 0.48224765062332153, 0.033798009157180786, -0.04262148588895798, 0.5614809989929199, 0.6112771034240723]","[0.12320487201213837, 0.13758958876132965, 0.13039633631706238, 0.10123259574174881, 0.07984358072280884, 0.17504219710826874, 0.7228440642356873]",0.049787066876888275,-3.0,-3.0,0.08203125,0.21703453361988068,0.21670199930667877,"[-0.044509775936603546, 0.18029992282390594, 0.838036060333252, -0.8421231508255005, -0.286992609500885, -0.05904121324419975, 0.6158217191696167]","[0.16496728360652924, 0.20224103331565857, 0.07029659301042557, 0.07622254639863968, 0.09300953894853592, 0.19969423115253448, 0.7291833758354187]",0.049787066876888275,-3.0,-3.0,0.1121651828289032,0.12131597846746445,0.12254074960947037,0.22186924517154694,0.2215687781572342,"{""critic_optimizer_updates"": 2061, ""actor_optimizer_updates_0"": 61, ""actor_optimizer_updates_1"": 61, ""actor_optimizer_steps_total"": 122, ""alpha_optimizer_updates"": 61}",1.643446922302246,0.6374142169952393,0.676288366317749,1.1048789024353027,0.8824288845062256
snapshot,62,0.12926378846168518,0.1295115351676941,"[0.44373178482055664, 0.15964147448539734, 0.4735766053199768, 0.029583513736724854, -0.05067894607782364, 0.5602998733520508, 0.6114145517349243]","[0.12282386422157288, 0.13721631467342377, 0.12966686487197876, 0.10198238492012024, 0.08159548044204712, 0.17489084601402283, 0.7222402095794678]",0.049787066876888275,-3.0,-3.0,0.0814732164144516,0.21654827892780304,0.2162146270275116,"[-0.03871406242251396, 0.17648091912269592, 0.8369109630584717, -0.8423534631729126, -0.2888657748699188, -0.055561356246471405, 0.6171014308929443]","[0.16408109664916992, 0.20172278583049774, 0.07037468999624252, 0.07596922665834427, 0.0923362672328949, 0.1997012048959732, 0.729486346244812]",0.049787066876888275,-3.0,-3.0,0.1104910746216774,0.11983230710029602,0.12104032933712006,0.22135582566261292,0.2210543155670166,"{""critic_optimizer_updates"": 2062, ""actor_optimizer_updates_0"": 62, ""actor_optimizer_updates_1"": 62, ""actor_optimizer_steps_total"": 124, ""alpha_optimizer_updates"": 62}",1.6570000648498535,0.6288326382637024,0.6849228143692017,1.0971136093139648,0.876254677772522
snapshot,63,0.12782426178455353,0.12808233499526978,"[0.4403053820133209, 0.1606552004814148, 0.46474140882492065, 0.025350280106067657, -0.059429049491882324, 0.5593746900558472, 0.6115438938140869]","[0.12240631133317947, 0.13686610758304596, 0.12890243530273438, 0.10279541462659836, 0.08377791196107864, 0.17459362745285034, 0.7215757966041565]",0.049787066876888275,-3.0,-3.0,0.0809151828289032,0.21598830819129944,0.21565216779708862,"[-0.03290235996246338, 0.17299668490886688, 0.835808515548706, -0.8426215052604675, -0.28913217782974243, -0.051535531878471375, 0.6183016896247864]","[0.1631496101617813, 0.2011268138885498, 0.07042581588029861, 0.07567969709634781, 0.09197884798049927, 0.19970089197158813, 0.7297598123550415]",0.049787066876888275,-3.0,-3.0,0.1110491156578064,0.11844936013221741,0.11964304745197296,0.22077277302742004,0.22046896815299988,"{""critic_optimizer_updates"": 2063, ""actor_optimizer_updates_0"": 63, ""actor_optimizer_updates_1"": 63, ""actor_optimizer_steps_total"": 126, ""alpha_optimizer_updates"": 63}",1.6735692024230957,0.6225085854530334,0.6918540596961975,1.1014065742492676,0.8718557357788086
snapshot,64,0.12645356357097626,0.126722514629364,"[0.43675142526626587, 0.16188578307628632, 0.455857515335083, 0.02089885249733925, -0.06856246292591095, 0.5585217475891113, 0.6116523146629333]","[0.12201981246471405, 0.1365615725517273, 0.12807419896125793, 0.10364366322755814, 0.08603419363498688, 0.17425382137298584, 0.7208125591278076]",0.049787066876888275,-3.0,-3.0,0.0792410746216774,0.21518030762672424,0.21483759582042694,"[-0.026552487164735794, 0.17147725820541382, 0.8345362544059753, -0.8427584171295166, -0.2855856418609619, -0.0508425198495388, 0.6192470788955688]","[0.1621139496564865, 0.20068691670894623, 0.07052739709615707, 0.07542605698108673, 0.09221752732992172, 0.1991177797317505, 0.7299494743347168]",0.049787066876888275,-3.0,-3.0,0.1104910746216774,0.117136150598526,0.11831754446029663,0.21995440125465393,0.21964623034000397,"{""critic_optimizer_updates"": 2064, ""actor_optimizer_updates_0"": 64, ""actor_optimizer_updates_1"": 64, ""actor_optimizer_steps_total"": 128, ""alpha_optimizer_updates"": 64}",1.6916853189468384,0.6124795079231262,0.7010068893432617,1.0966596603393555,0.8661144375801086
snapshot,65,0.12519356608390808,0.12547440826892853,"[0.43325692415237427, 0.16359247267246246, 0.4469602704048157, 0.01669568195939064, -0.07772618532180786, 0.5576872825622559, 0.61173415184021]","[0.12172048538923264, 0.13630874454975128, 0.12721627950668335, 0.10443935543298721, 0.08844104409217834, 0.17392773926258087, 0.719948947429657]",0.049787066876888275,-3.0,-3.0,0.078683041036129,0.2143975794315338,0.21404822170734406,"[-0.020257074385881424, 0.1700964868068695, 0.8332659006118774, -0.8429178595542908, -0.2818908095359802, -0.049411591142416, 0.6201897859573364]","[0.1610727161169052, 0.20024950802326202, 0.07063964009284973, 0.07517355680465698, 0.09222996979951859, 0.19861266016960144, 0.7301294803619385]",0.049787066876888275,-3.0,-3.0,0.1104910746216774,0.11594134569168091,0.1171121746301651,0.21916499733924866,0.2188524454832077,"{""critic_optimizer_updates"": 2065, ""actor_optimizer_updates_0"": 65, ""actor_optimizer_updates_1"": 65, ""actor_optimizer_steps_total"": 130, ""alpha_optimizer_updates"": 65}",1.710938572883606,0.605964183807373,0.703877329826355,1.094063401222229,0.8620431423187256
snapshot,66,0.12405726313591003,0.12435058504343033,"[0.4298686981201172, 0.1656525731086731, 0.437956839799881, 0.012645309790968895, -0.08710575103759766, 0.5571107864379883, 0.61183762550354]","[0.12145494669675827, 0.13613341748714447, 0.12630678713321686, 0.1052873358130455, 0.09080091118812561, 0.17351774871349335, 0.7190253734588623]",0.049787066876888275,-3.0,-3.0,0.0770089328289032,0.2134806215763092,0.2131207436323166,"[-0.014012411236763, 0.16955742239952087, 0.8320047855377197, -0.8431227207183838, -0.27561360597610474, -0.04894738644361496, 0.6210540533065796]","[0.16002890467643738, 0.20000912249088287, 0.07072793692350388, 0.07489456981420517, 0.09252353757619858, 0.1982213705778122, 0.7302772402763367]",0.049787066876888275,-3.0,-3.0,0.1093750074505806,0.11485660821199417,0.11601777374744415,0.2182309329509735,0.2179100662469864,"{""critic_optimizer_updates"": 2066, ""actor_optimizer_updates_0"": 66, ""actor_optimizer_updates_1"": 66, ""actor_optimizer_steps_total"": 132, ""alpha_optimizer_updates"": 66}",1.7269504070281982,0.5991200804710388,0.705854058265686,1.0885424613952637,0.8591035604476929
snapshot,67,0.12311208993196487,0.12341946363449097,"[0.4266170561313629, 0.16771864891052246, 0.4287787973880768, 0.009132320061326027, -0.09654347598552704, 0.5570961236953735, 0.6120079159736633]","[0.12127388268709183, 0.1360519528388977, 0.12533915042877197, 0.10617563128471375, 0.09320180118083954, 0.17269408702850342, 0.7179457545280457]",0.049787066876888275,-3.0,-3.0,0.0764508992433548,0.2126081883907318,0.21223777532577515,"[-0.008117081597447395, 0.16946902871131897, 0.8308303952217102, -0.843323826789856, -0.2689626216888428, -0.04883018136024475, 0.6218246221542358]","[0.1591612696647644, 0.19977934658527374, 0.07078629732131958, 0.0746079608798027, 0.09300615638494492, 0.19793623685836792, 0.7303805351257324]",0.049787066876888275,-3.0,-3.0,0.109933041036129,0.113948293030262,0.11510124057531357,0.21734456717967987,0.21701619029045105,"{""critic_optimizer_updates"": 2067, ""actor_optimizer_updates_0"": 67, ""actor_optimizer_updates_1"": 67, ""actor_optimizer_steps_total"": 134, ""alpha_optimizer_updates"": 67}",1.7399464845657349,0.5971677303314209,0.7037659883499146,1.0805418491363525,0.8596851825714111
snapshot,68,0.12225107848644257,0.12257297337055206,"[0.4232642948627472, 0.1700221300125122, 0.4197021722793579, 0.005894198082387447, -0.10631097108125687, 0.5570988059043884, 0.6122007369995117]","[0.12118405103683472, 0.1360161006450653, 0.12428896874189377, 0.10706551373004913, 0.09542664885520935, 0.17186184227466583, 0.7167365550994873]",0.049787066876888275,-3.0,-3.0,0.0753348246216774,0.2117001712322235,0.21131755411624908,"[-0.0027738558128476143, 0.1703038066625595, 0.8296740651130676, -0.8434813618659973, -0.26128682494163513, -0.049786634743213654, 0.6225575804710388]","[0.15833264589309692, 0.19950707256793976, 0.0708584114909172, 0.0743376761674881, 0.09331585466861725, 0.1977202445268631, 0.7304578423500061]",0.049787066876888275,-3.0,-3.0,0.109933041036129,0.11312497407197952,0.11427034437656403,0.21641603112220764,0.21607843041419983,"{""critic_optimizer_updates"": 2068, ""actor_optimizer_updates_0"": 68, ""actor_optimizer_updates_1"": 68, ""actor_optimizer_steps_total"": 136, ""alpha_optimizer_updates"": 68}",1.755591869354248,0.59637451171875,0.6977006196975708,1.070521354675293,0.8616412878036499
snapshot,69,0.12141062319278717,0.1217465028166771,"[0.4198070168495178, 0.17249292135238647, 0.41070425510406494, 0.002766725607216358, -0.11590448021888733, 0.5569722652435303, 0.6124489307403564]","[0.12115377932786942, 0.13598042726516724, 0.12321388721466064, 0.10792828351259232, 0.09744597226381302, 0.17118272185325623, 0.7153832316398621]",0.049787066876888275,-3.0,-3.0,0.07421875,0.21104304492473602,0.21065086126327515,"[0.002600347390398383, 0.17049750685691833, 0.8286548852920532, -0.8436970710754395, -0.25654375553131104, -0.04972795397043228, 0.6231876611709595]","[0.15748152136802673, 0.19928085803985596, 0.07089080661535263, 0.0740513950586319, 0.09326458722352982, 0.1976509988307953, 0.7304936051368713]",0.049787066876888275,-3.0,-3.0,0.1093750074505806,0.11233212798833847,0.11346891522407532,0.21573986113071442,0.21539583802223206,"{""critic_optimizer_updates"": 2069, ""actor_optimizer_updates_0"": 69, ""actor_optimizer_updates_1"": 69, ""actor_optimizer_steps_total"": 138, ""alpha_optimizer_updates"": 69}",1.7595375776290894,0.5976031422615051,0.6931352019309998,1.065993070602417,0.8626475930213928
snapshot,70,0.12052662670612335,0.12087643891572952,"[0.41618847846984863, 0.17521125078201294, 0.4015951454639435, 7.268623448908329e-06, -0.1249845027923584, 0.5565218925476074, 0.6126620173454285]","[0.12112733721733093, 0.135992169380188, 0.12208373844623566, 0.1089022234082222, 0.09951300919055939, 0.17061978578567505, 0.7138720154762268]",0.049787066876888275,-3.0,-3.0,0.0736607164144516,0.21053458750247955,0.21013492345809937,"[0.007634414825588465, 0.1704237163066864, 0.8276172876358032, -0.8438613414764404, -0.25377994775772095, -0.04871083050966263, 0.6237401366233826]","[0.15656784176826477, 0.1991470456123352, 0.07091720402240753, 0.07377547025680542, 0.09310246258974075, 0.19766587018966675, 0.7304909825325012]",0.049787066876888275,-3.0,-3.0,0.1110491156578064,0.11148437857627869,0.11261339485645294,0.21521417796611786,0.21486561000347137,"{""critic_optimizer_updates"": 2070, ""actor_optimizer_updates_0"": 70, ""actor_optimizer_updates_1"": 70, ""actor_optimizer_steps_total"": 140, ""alpha_optimizer_updates"": 70}",1.760807991027832,0.5950976610183716,0.6903396844863892,1.0603275299072266,0.862571120262146
snapshot,71,0.11961360275745392,0.11997644603252411,"[0.41232943534851074, 0.1777615249156952, 0.3928200304508209, -0.0014775400049984455, -0.13351038098335266, 0.5557292103767395, 0.6129155158996582]","[0.12118169665336609, 0.1360107958316803, 0.12097205221652985, 0.10982850193977356, 0.10160233825445175, 0.17018984258174896, 0.7122015953063965]",0.049787066876888275,-3.0,-3.0,0.0725446492433548,0.20997203886508942,0.20956459641456604,"[0.012636663392186165, 0.17056117951869965, 0.8265154361724854, -0.8439434766769409, -0.25000011920928955, -0.04770602285861969, 0.6241418123245239]","[0.15570221841335297, 0.19909681379795074, 0.07095852494239807, 0.0735209658741951, 0.09334295988082886, 0.19771365821361542, 0.7304219007492065]",0.049787066876888275,-3.0,-3.0,0.1104910746216774,0.11061365902423859,0.11173555254936218,0.21463729441165924,0.21428388357162476,"{""critic_optimizer_updates"": 2071, ""actor_optimizer_updates_0"": 71, ""actor_optimizer_updates_1"": 71, ""actor_optimizer_steps_total"": 142, ""alpha_optimizer_updates"": 71}",1.7738757133483887,0.5898666381835938,0.6835280656814575,1.0432636737823486,0.8643749952316284
snapshot,72,0.11880744248628616,0.11918413639068604,"[0.40867188572883606, 0.18053022027015686, 0.38410133123397827, -0.003164792899042368, -0.14127197861671448, 0.5552381277084351, 0.6132721900939941]","[0.12125345319509506, 0.1360367089509964, 0.11981306225061417, 0.11083278805017471, 0.10327985137701035, 0.1696087270975113, 0.710395336151123]",0.049787066876888275,-3.0,-3.0,0.0725446492433548,0.20953160524368286,0.20911861956119537,"[0.01691330038011074, 0.16967636346817017, 0.8256233334541321, -0.8440794944763184, -0.24756407737731934, -0.04558068513870239, 0.6245756149291992]","[0.15494967997074127, 0.19899755716323853, 0.07093489915132523, 0.07325071096420288, 0.09348839521408081, 0.19783160090446472, 0.7303427457809448]",0.049787066876888275,-3.0,-3.0,0.1104910746216774,0.10984202474355698,0.11095765978097916,0.21418385207653046,0.21382741630077362,"{""critic_optimizer_updates"": 2072, ""actor_optimizer_updates_0"": 72, ""actor_optimizer_updates_1"": 72, ""actor_optimizer_steps_total"": 144, ""alpha_optimizer_updates"": 72}",1.7781739234924316,0.5866893529891968,0.6782023310661316,1.0301282405853271,0.8659600019454956
snapshot,73,0.11802353709936142,0.11841379106044769,"[0.4049394428730011, 0.18327325582504272, 0.3754505217075348, -0.0053143748082220554, -0.14849670231342316, 0.5547634363174438, 0.6137986183166504]","[0.12130098789930344, 0.1360672563314438, 0.11867289245128632, 0.11183951795101166, 0.1046806052327156, 0.16895927488803864, 0.7084254026412964]",0.049787066876888275,-3.0,-3.0,0.0719866082072258,0.20904888212680817,0.2086297571659088,"[0.021489690989255905, 0.16816243529319763, 0.8248253464698792, -0.8441882729530334, -0.24458131194114685, -0.04360809549689293, 0.6249761581420898]","[0.15419451892375946, 0.1988987773656845, 0.07086973637342453, 0.07297804206609726, 0.093842051923275, 0.19801178574562073, 0.7302311658859253]",0.049787066876888275,-3.0,-3.0,0.1116071492433548,0.10910123586654663,0.11021245270967484,0.21369285881519318,0.21333375573158264,"{""critic_optimizer_updates"": 2073, ""actor_optimizer_updates_0"": 73, ""actor_optimizer_updates_1"": 73, ""actor_optimizer_steps_total"": 146, ""alpha_optimizer_updates"": 73}",1.773668646812439,0.5859739780426025,0.6731898188591003,1.0209957361221313,0.8671756982803345
snapshot,74,0.11725811660289764,0.11766035854816437,"[0.40099647641181946, 0.1858699917793274, 0.36752915382385254, -0.007540830411016941, -0.1552921086549759, 0.5540473461151123, 0.6143815517425537]","[0.12134626507759094, 0.13609586656093597, 0.11767514795064926, 0.11282949894666672, 0.10561243444681168, 0.16837041079998016, 0.7062920928001404]",0.049787066876888275,-3.0,-3.0,0.0697544664144516,0.20875659584999084,0.20833523571491241,"[0.023609289899468422, 0.1669428050518036, 0.8240579962730408, -0.8442011475563049, -0.24351221323013306, -0.03993961215019226, 0.6253715753555298]","[0.1539584845304489, 0.19878427684307098, 0.07079196721315384, 0.0727091059088707, 0.09382083266973495, 0.19834299385547638, 0.7300843000411987]",0.049787066876888275,-3.0,-3.0,0.1116071492433548,0.10839088261127472,0.1095004677772522,0.21338921785354614,0.21302980184555054,"{""critic_optimizer_updates"": 2074, ""actor_optimizer_updates_0"": 74, ""actor_optimizer_updates_1"": 74, ""actor_optimizer_steps_total"": 148, ""alpha_optimizer_updates"": 74}",1.7677183151245117,0.5892500281333923,0.663616418838501,1.0179684162139893,0.8700951933860779
snapshot,75,0.11659423261880875,0.11700845509767532,"[0.3970164954662323, 0.18854640424251556, 0.3597029447555542, -0.010252093896269798, -0.16255849599838257, 0.5534835457801819, 0.6151664853096008]","[0.12139561772346497, 0.1361197978258133, 0.11664209514856339, 0.11388859897851944, 0.10646063089370728, 0.1677071452140808, 0.7039938569068909]",0.049787066876888275,-3.0,-3.0,0.0686383992433548,0.20858773589134216,0.20816650986671448,"[0.026365531608462334, 0.16460248827934265, 0.8234032392501831, -0.8442016839981079, -0.24465054273605347, -0.035400182008743286, 0.6257730722427368]","[0.15362843871116638, 0.19861949980258942, 0.07066316902637482, 0.07243643701076508, 0.09349789470434189, 0.19873473048210144, 0.7299144268035889]",0.049787066876888275,-3.0,-3.0,0.1116071492433548,0.10774976760149002,0.10885872691869736,0.21320167183876038,0.21284502744674683,"{""critic_optimizer_updates"": 2075, ""actor_optimizer_updates_0"": 75, ""actor_optimizer_updates_1"": 75, ""actor_optimizer_steps_total"": 150, ""alpha_optimizer_updates"": 75}",1.7637029886245728,0.5852481126785278,0.6635587215423584,1.0129764080047607,0.8690670728683472
snapshot,76,0.11601243168115616,0.1164388358592987,"[0.3929266929626465, 0.19119460880756378, 0.3519830107688904, -0.012687519192695618, -0.17063936591148376, 0.5528820753097534, 0.6162116527557373]","[0.12143594771623611, 0.1361374706029892, 0.11552945524454117, 0.11502319574356079, 0.10729729384183884, 0.1668895035982132, 0.7014427185058594]",0.049787066876888275,-3.0,-3.0,0.0686383992433548,0.2084718644618988,0.20805321633815765,"[0.028858834877610207, 0.16095705330371857, 0.8226872682571411, -0.8440969586372375, -0.2475251853466034, -0.029169965535402298, 0.6260560750961304]","[0.15340015292167664, 0.19837142527103424, 0.07053668051958084, 0.07219833880662918, 0.0928943082690239, 0.19928210973739624, 0.7296860814094543]",0.049787066876888275,-3.0,-3.0,0.1116071492433548,0.10718075186014175,0.10828839242458344,0.21307151019573212,0.21272030472755432,"{""critic_optimizer_updates"": 2076, ""actor_optimizer_updates_0"": 76, ""actor_optimizer_updates_1"": 76, ""actor_optimizer_steps_total"": 152, ""alpha_optimizer_updates"": 76}",1.7590365409851074,0.5831915140151978,0.6622155904769897,1.0089435577392578,0.8683940768241882
snapshot,77,0.11552063375711441,0.11595916748046875,"[0.3887985646724701, 0.1937842220067978, 0.3443816900253296, -0.01509181596338749, -0.17875158786773682, 0.5523706078529358, 0.6174912452697754]","[0.12150882929563522, 0.13617780804634094, 0.1144523099064827, 0.11616311967372894, 0.1081228032708168, 0.16601960361003876, 0.6985829472541809]",0.049787066876888275,-3.0,-3.0,0.0680803582072258,0.20848026871681213,0.2080654501914978,"[0.031722281128168106, 0.15692737698554993, 0.8221664428710938, -0.8439913392066956, -0.25164783000946045, -0.024137016385793686, 0.6263450384140015]","[0.1532055288553238, 0.19816967844963074, 0.07035855948925018, 0.07196374982595444, 0.09226744621992111, 0.19976209104061127, 0.7294259667396545]",0.049787066876888275,-3.0,-3.0,0.1110491156578064,0.10667861253023148,0.10778407007455826,0.21305833756923676,0.21271418035030365,"{""critic_optimizer_updates"": 2077, ""actor_optimizer_updates_0"": 77, ""actor_optimizer_updates_1"": 77, ""actor_optimizer_steps_total"": 154, ""alpha_optimizer_updates"": 77}",1.7485501766204834,0.5811841487884521,0.6623006463050842,1.0064923763275146,0.8665928840637207
snapshot,78,0.11506285518407822,0.11551333218812943,"[0.38457953929901123, 0.196685791015625, 0.33704692125320435, -0.017225489020347595, -0.18665820360183716, 0.551531970500946, 0.619070291519165]","[0.12160353362560272, 0.13630472123622894, 0.11341781914234161, 0.11745604872703552, 0.10892581194639206, 0.16525056958198547, 0.6953364014625549]",0.049787066876888275,-3.0,-3.0,0.0680803582072258,0.2085832953453064,0.2081749141216278,"[0.03333209455013275, 0.15214824676513672, 0.8216996192932129, -0.8438221216201782, -0.2576686441898346, -0.02023441344499588, 0.6266255974769592]","[0.15320660173892975, 0.1979266107082367, 0.0701565220952034, 0.07175023853778839, 0.09147641807794571, 0.200301393866539, 0.7291183471679688]",0.049787066876888275,-3.0,-3.0,0.1110491156578064,0.10619454830884933,0.1072961688041687,0.21312609314918518,0.21279193460941315,"{""critic_optimizer_updates"": 2078, ""actor_optimizer_updates_0"": 78, ""actor_optimizer_updates_1"": 78, ""actor_optimizer_steps_total"": 156, ""alpha_optimizer_updates"": 78}",1.7288364171981812,0.578482985496521,0.6659740209579468,1.0072194337844849,0.8642145395278931
snapshot,79,0.11467789113521576,0.11514028906822205,"[0.3804287314414978, 0.2000509649515152, 0.3296642005443573, -0.019311092793941498, -0.19465604424476624, 0.5506410002708435, 0.6208943724632263]","[0.1216956302523613, 0.13644836843013763, 0.11242545396089554, 0.11878354102373123, 0.10961054265499115, 0.16454949975013733, 0.6918432712554932]",0.049787066876888275,-3.0,-3.0,0.066964291036129,0.20858225226402283,0.2081788033246994,"[0.03538111597299576, 0.146843820810318, 0.8213410377502441, -0.8437013030052185, -0.26267939805984497, -0.020902790129184723, 0.6268506050109863]","[0.1531360149383545, 0.1976793259382248, 0.06990593671798706, 0.07151024043560028, 0.09075050055980682, 0.20039482414722443, 0.7287665605545044]",0.049787066876888275,-3.0,-3.0,0.109933041036129,0.1057535782456398,0.10685142874717712,0.2130822241306305,0.21275833249092102,"{""critic_optimizer_updates"": 2079, ""actor_optimizer_updates_0"": 79, ""actor_optimizer_updates_1"": 79, ""actor_optimizer_steps_total"": 158, ""alpha_optimizer_updates"": 79}",1.7166764736175537,0.576643705368042,0.6679011583328247,1.0092207193374634,0.8612666726112366
snapshot,80,0.11444917321205139,0.11492422968149185,"[0.37656450271606445, 0.2036236822605133, 0.3221432864665985, -0.021270886063575745, -0.20282480120658875, 0.5498654246330261, 0.62283855676651]","[0.12186437100172043, 0.1366346776485443, 0.11147408932447433, 0.12010736018419266, 0.11041752994060516, 0.16384875774383545, 0.6880478858947754]",0.049787066876888275,-3.0,-3.0,0.066964291036129,0.20863963663578033,0.20824065804481506,"[0.0382007397711277, 0.14096248149871826, 0.8210741281509399, -0.8436706066131592, -0.2681141495704651, -0.021884597837924957, 0.626983106136322]","[0.15295730531215668, 0.1974126547574997, 0.06964254379272461, 0.07124865055084229, 0.09001972526311874, 0.2004723995923996, 0.7283691763877869]",0.049787066876888275,-3.0,-3.0,0.109933041036129,0.10543142259120941,0.106527179479599,0.21309028565883636,0.212777242064476,"{""critic_optimizer_updates"": 2080, ""actor_optimizer_updates_0"": 80, ""actor_optimizer_updates_1"": 80, ""actor_optimizer_steps_total"": 160, ""alpha_optimizer_updates"": 80}",1.7135616540908813,0.5723409652709961,0.6742032766342163,1.010643720626831,0.858913004398346
snapshot,81,0.11416817456483841,0.11465541273355484,"[0.37258386611938477, 0.20726972818374634, 0.31453603506088257, -0.023152176290750504, -0.21025708317756653, 0.5488529205322266, 0.6248142719268799]","[0.12205113470554352, 0.13687929511070251, 0.11050769686698914, 0.12147054821252823, 0.11114458739757538, 0.1632157564163208, 0.6840683221817017]",0.049787066876888275,-3.0,-3.0,0.06640625,0.20841537415981293,0.20801717042922974,"[0.04191191494464874, 0.13434827327728271, 0.8209140300750732, -0.8436338901519775, -0.2701992690563202, -0.02450164407491684, 0.6271915435791016]","[0.15258248150348663, 0.19717496633529663, 0.06934390962123871, 0.0709906741976738, 0.08969596773386002, 0.20055443048477173, 0.727942943572998]",0.049787066876888275,-3.0,-3.0,0.1093750074505806,0.10504229366779327,0.10613676905632019,0.2128141075372696,0.21250922977924347,"{""critic_optimizer_updates"": 2081, ""actor_optimizer_updates_0"": 81, ""actor_optimizer_updates_1"": 81, ""actor_optimizer_steps_total"": 162, ""alpha_optimizer_updates"": 81}",1.7299654483795166,0.5679404139518738,0.6780555248260498,1.0104833841323853,0.855694591999054
snapshot,82,0.11393819749355316,0.11443698406219482,"[0.3686964809894562, 0.21047388017177582, 0.30746471881866455, -0.024622414261102676, -0.21692079305648804, 0.5478304624557495, 0.6273314952850342]","[0.12223440408706665, 0.13713641464710236, 0.10956355184316635, 0.12259341031312943, 0.11168119311332703, 0.1625296026468277, 0.6796749234199524]",0.049787066876888275,-3.0,-3.0,0.0652901828289032,0.20834046602249146,0.20794466137886047,"[0.04636825621128082, 0.1270756721496582, 0.8208461999893188, -0.8436385989189148, -0.27388471364974976, -0.026825519278645515, 0.6275097727775574]","[0.1520351618528366, 0.19682584702968597, 0.06901399046182632, 0.070712611079216, 0.0891043171286583, 0.20061065256595612, 0.7274749279022217]",0.049787066876888275,-3.0,-3.0,0.1077008992433548,0.10468684881925583,0.10577796399593353,0.21267499029636383,0.21238046884536743,"{""critic_optimizer_updates"": 2082, ""actor_optimizer_updates_0"": 82, ""actor_optimizer_updates_1"": 82, ""actor_optimizer_steps_total"": 164, ""alpha_optimizer_updates"": 82}",1.7458651065826416,0.560537576675415,0.6846129894256592,1.0105938911437988,0.852329671382904
snapshot,83,0.11380767822265625,0.11431843042373657,"[0.3651864230632782, 0.21383047103881836, 0.30046284198760986, -0.026043541729450226, -0.22275179624557495, 0.5468887090682983, 0.6299760341644287]","[0.12242340296506882, 0.13737870752811432, 0.10872292518615723, 0.12366936355829239, 0.11189629137516022, 0.16170981526374817, 0.6751387715339661]",0.049787066876888275,-3.0,-3.0,0.0652901828289032,0.20822395384311676,0.20782838761806488,"[0.05150271952152252, 0.11989885568618774, 0.8209546208381653, -0.8437621593475342, -0.275739461183548, -0.028672248125076294, 0.6279436945915222]","[0.15136189758777618, 0.1964920163154602, 0.06864708662033081, 0.07040715962648392, 0.0886572003364563, 0.20069076120853424, 0.7269712090492249]",0.049787066876888275,-3.0,-3.0,0.1077008992433548,0.10442963987588882,0.10551908612251282,0.21249626576900482,0.21221059560775757,"{""critic_optimizer_updates"": 2083, ""actor_optimizer_updates_0"": 83, ""actor_optimizer_updates_1"": 83, ""actor_optimizer_steps_total"": 166, ""alpha_optimizer_updates"": 83}",1.7726659774780273,0.5484716296195984,0.6928953528404236,1.0040159225463867,0.848954975605011
snapshot,84,0.1137504130601883,0.11427423357963562,"[0.36220240592956543, 0.21754595637321472, 0.2932312488555908, -0.0272233709692955, -0.22784587740898132, 0.5459060668945312, 0.6327484250068665]","[0.1225876733660698, 0.1376398801803589, 0.10789428651332855, 0.12476245313882828, 0.11226476728916168, 0.16090978682041168, 0.670494794845581]",0.049787066876888275,-3.0,-3.0,0.0647321492433548,0.20779182016849518,0.2073918879032135,"[0.0569838248193264, 0.11267079412937164, 0.8211410045623779, -0.8440142273902893, -0.2727769911289215, -0.031124666333198547, 0.6283198595046997]","[0.1506175547838211, 0.19614416360855103, 0.06823308765888214, 0.0700509175658226, 0.08859555423259735, 0.20073221623897552, 0.7264198064804077]",0.049787066876888275,-3.0,-3.0,0.1071428656578064,0.10421784967184067,0.10530772805213928,0.21199241280555725,0.21171227097511292,"{""critic_optimizer_updates"": 2084, ""actor_optimizer_updates_0"": 84, ""actor_optimizer_updates_1"": 84, ""actor_optimizer_steps_total"": 168, ""alpha_optimizer_updates"": 84}",1.7896541357040405,0.5461031198501587,0.6930357217788696,1.0032048225402832,0.8505549430847168
snapshot,85,0.1137276366353035,0.1142641007900238,"[0.3596590757369995, 0.22116504609584808, 0.28603145480155945, -0.02867834083735943, -0.23204243183135986, 0.5448257923126221, 0.6356419920921326]","[0.12272427976131439, 0.13789646327495575, 0.1071413904428482, 0.12587109208106995, 0.11228302121162415, 0.16021843254566193, 0.6656855940818787]",0.049787066876888275,-3.0,-3.0,0.0641741082072258,0.2071218341588974,0.20671290159225464,"[0.06310966610908508, 0.10586170852184296, 0.8214563727378845, -0.844391942024231, -0.2653009295463562, -0.03320412337779999, 0.6286826133728027]","[0.1497167944908142, 0.19573989510536194, 0.06780216097831726, 0.06966838240623474, 0.08900732547044754, 0.2007303088903427, 0.7258192300796509]",0.049787066876888275,-3.0,-3.0,0.1065848246216774,0.10401783883571625,0.1051078587770462,0.21125759184360504,0.2109789252281189,"{""critic_optimizer_updates"": 2085, ""actor_optimizer_updates_0"": 85, ""actor_optimizer_updates_1"": 85, ""actor_optimizer_steps_total"": 170, ""alpha_optimizer_updates"": 85}",1.8131983280181885,0.5452439785003662,0.6924252510070801,1.0005629062652588,0.852173924446106
snapshot,86,0.11352498829364777,0.11407233029603958,"[0.35743585228919983, 0.22413001954555511, 0.2795083820819855, -0.030232053250074387, -0.23496928811073303, 0.5429121851921082, 0.6384503841400146]","[0.12280195951461792, 0.13812389969825745, 0.10636088997125626, 0.12670354545116425, 0.11185149848461151, 0.15978029370307922, 0.6609205603599548]",0.049787066876888275,-3.0,-3.0,0.0625,0.2063083052635193,0.2058870941400528,"[0.06846650689840317, 0.10130336135625839, 0.8213969469070435, -0.844620943069458, -0.2553855776786804, -0.03383307531476021, 0.6288864016532898]","[0.14915911853313446, 0.19555623829364777, 0.06746350973844528, 0.0693226009607315, 0.08958005905151367, 0.20080716907978058, 0.7251580357551575]",0.049787066876888275,-3.0,-3.0,0.1071428656578064,0.10367591679096222,0.10476494580507278,0.21039648354053497,0.21011413633823395,"{""critic_optimizer_updates"": 2086, ""actor_optimizer_updates_0"": 86, ""actor_optimizer_updates_1"": 86, ""actor_optimizer_steps_total"": 172, ""alpha_optimizer_updates"": 86}",1.820625901222229,0.5470014810562134,0.6893081665039062,1.0008964538574219,0.8546372056007385
snapshot,87,0.1133972778916359,0.11395571380853653,"[0.35568034648895264, 0.22694295644760132, 0.27354443073272705, -0.03153851628303528, -0.23655663430690765, 0.540961742401123, 0.6415503025054932]","[0.12284479290246964, 0.13836008310317993, 0.10558855533599854, 0.12753476202487946, 0.11110242456197739, 0.1593025177717209, 0.6558864116668701]",0.049787066876888275,-3.0,-3.0,0.0619419664144516,0.20560625195503235,0.20517322421073914,"[0.07410244643688202, 0.09723347425460815, 0.8214895129203796, -0.844853401184082, -0.2456439733505249, -0.03473830223083496, 0.6290988922119141]","[0.14857342839241028, 0.19532093405723572, 0.06712114810943604, 0.06900063902139664, 0.09032650291919708, 0.20075714588165283, 0.7244460582733154]",0.049787066876888275,-3.0,-3.0,0.1071428656578064,0.10340375453233719,0.10448987036943436,0.20966736972332,0.2093823254108429,"{""critic_optimizer_updates"": 2087, ""actor_optimizer_updates_0"": 87, ""actor_optimizer_updates_1"": 87, ""actor_optimizer_steps_total"": 174, ""alpha_optimizer_updates"": 87}",1.830063819885254,0.5509787797927856,0.6797133684158325,1.0014536380767822,0.8572691679000854
snapshot,88,0.11336754262447357,0.11393669992685318,"[0.3543384075164795, 0.2290412336587906, 0.2680507004261017, -0.0335581935942173, -0.23773647844791412, 0.5389932990074158, 0.6451221108436584]","[0.12278644740581512, 0.13850565254688263, 0.10469438135623932, 0.12835325300693512, 0.11001768708229065, 0.1588217169046402, 0.6504604816436768]",0.049787066876888275,-3.0,-3.0,0.0613839328289032,0.20469170808792114,0.20424418151378632,"[0.07920968532562256, 0.09404319524765015, 0.8213843107223511, -0.8449681997299194, -0.2324962615966797, -0.03651564568281174, 0.6291347742080688]","[0.14810553193092346, 0.19510072469711304, 0.06681918352842331, 0.06872796267271042, 0.09171212464570999, 0.2005617767572403, 0.7236725091934204]",0.049787066876888275,-3.0,-3.0,0.1054687574505806,0.10322675108909607,0.10430725663900375,0.2087499499320984,0.20846015214920044,"{""critic_optimizer_updates"": 2088, ""actor_optimizer_updates_0"": 88, ""actor_optimizer_updates_1"": 88, ""actor_optimizer_steps_total"": 176, ""alpha_optimizer_updates"": 88}",1.8304433822631836,0.5553440451622009,0.6772205829620361,1.003119945526123,0.859628438949585
snapshot,89,0.11342603713274002,0.11400599777698517,"[0.35427308082580566, 0.23046869039535522, 0.26295965909957886, -0.03628745675086975, -0.23799607157707214, 0.5367876291275024, 0.6491811871528625]","[0.12254679203033447, 0.1385994255542755, 0.10360699892044067, 0.12910789251327515, 0.10853836685419083, 0.1583355814218521, 0.6446543335914612]",0.049787066876888275,-3.0,-3.0,0.0608258955180645,0.20404525101184845,0.20358489453792572,"[0.08360466361045837, 0.09376858174800873, 0.8214237689971924, -0.8449032306671143, -0.2211480289697647, -0.03864987567067146, 0.6293621063232422]","[0.14792433381080627, 0.19526903331279755, 0.06648219376802444, 0.06850579380989075, 0.09320499747991562, 0.20031458139419556, 0.7228415012359619]",0.049787066876888275,-3.0,-3.0,0.1049107164144516,0.10311558097600937,0.10418836772441864,0.20810560882091522,0.20781131088733673,"{""critic_optimizer_updates"": 2089, ""actor_optimizer_updates_0"": 89, ""actor_optimizer_updates_1"": 89, ""actor_optimizer_steps_total"": 178, ""alpha_optimizer_updates"": 89}",1.8226245641708374,0.5565547347068787,0.6726678609848022,1.0069835186004639,0.8604620695114136
snapshot,90,0.11360461264848709,0.1141948252916336,"[0.3547309637069702, 0.23127861320972443, 0.2583466172218323, -0.039214882999658585, -0.2372506558895111, 0.5347837209701538, 0.6536390781402588]","[0.12219225615262985, 0.13866807520389557, 0.10258889198303223, 0.12988580763339996, 0.10686466842889786, 0.15781338512897491, 0.6386209726333618]",0.049787066876888275,-3.0,-3.0,0.0602678582072258,0.2037459909915924,0.20327647030353546,"[0.08847843110561371, 0.09291888028383255, 0.8217701315879822, -0.8448788523674011, -0.21378573775291443, -0.041185375303030014, 0.6297992467880249]","[0.14770323038101196, 0.1953640878200531, 0.06603872030973434, 0.06826748698949814, 0.09437920153141022, 0.20001786947250366, 0.7219128012657166]",0.049787066876888275,-3.0,-3.0,0.1032366082072258,0.10310568660497665,0.10416954010725021,0.20779258012771606,0.20749832689762115,"{""critic_optimizer_updates"": 2090, ""actor_optimizer_updates_0"": 90, ""actor_optimizer_updates_1"": 90, ""actor_optimizer_steps_total"": 180, ""alpha_optimizer_updates"": 90}",1.8131687641143799,0.5587815046310425,0.6695940494537354,1.0107574462890625,0.8621507883071899
snapshot,91,0.11423316597938538,0.114834263920784,"[0.35601186752319336, 0.23186016082763672, 0.2541577219963074, -0.04242413491010666, -0.23775291442871094, 0.5332406759262085, 0.6587045788764954]","[0.12178169935941696, 0.13880153000354767, 0.10155591368675232, 0.13073047995567322, 0.10549351572990417, 0.1572457253932953, 0.6322108507156372]",0.049787066876888275,-3.0,-3.0,0.0591517873108387,0.20365311205387115,0.20317743718624115,"[0.09282752871513367, 0.09302723407745361, 0.8223017454147339, -0.844740629196167, -0.20884951949119568, -0.04414127767086029, 0.6302756071090698]","[0.1476171314716339, 0.19551396369934082, 0.06557115912437439, 0.06806053221225739, 0.09524290263652802, 0.19967617094516754, 0.7208971381187439]",0.049787066876888275,-3.0,-3.0,0.1015625074505806,0.10346663743257523,0.10452096164226532,0.2076907604932785,0.20739971101284027,"{""critic_optimizer_updates"": 2091, ""actor_optimizer_updates_0"": 91, ""actor_optimizer_updates_1"": 91, ""actor_optimizer_steps_total"": 182, ""alpha_optimizer_updates"": 91}",1.806058645248413,0.5629311800003052,0.6613247990608215,1.0136098861694336,0.8657028675079346
snapshot,92,0.11494817584753036,0.11555816978216171,"[0.357390820980072, 0.23227928578853607, 0.25113609433174133, -0.0451839342713356, -0.23820814490318298, 0.5316063165664673, 0.6639211177825928]","[0.12135382741689682, 0.13895626366138458, 0.1006074771285057, 0.13177624344825745, 0.10428599268198013, 0.15692564845085144, 0.6257105469703674]",0.049787066876888275,-3.0,-3.0,0.0585937537252903,0.2038869559764862,0.20340947806835175,"[0.09779559820890427, 0.09300342202186584, 0.8230535984039307, -0.8445119857788086, -0.20903345942497253, -0.04788857698440552, 0.6307375431060791]","[0.14739805459976196, 0.19564196467399597, 0.06506531685590744, 0.06788395345211029, 0.09534300863742828, 0.19930121302604675, 0.7198077440261841]",0.049787066876888275,-3.0,-3.0,0.1004464328289032,0.103940948843956,0.1049845740199089,0.2079157680273056,0.2076326459646225,"{""critic_optimizer_updates"": 2092, ""actor_optimizer_updates_0"": 92, ""actor_optimizer_updates_1"": 92, ""actor_optimizer_steps_total"": 184, ""alpha_optimizer_updates"": 92}",1.8039562702178955,0.5678136944770813,0.6480934619903564,1.016632080078125,0.8704083561897278
snapshot,93,0.11564120650291443,0.11625934392213821,"[0.35918521881103516, 0.2336997091770172, 0.24907197058200836, -0.048507533967494965, -0.23821431398391724, 0.5293567180633545, 0.669000506401062]","[0.12086236476898193, 0.1388114094734192, 0.09962611645460129, 0.1328752636909485, 0.1029379591345787, 0.1570262759923935, 0.6193555593490601]",0.049787066876888275,-3.0,-3.0,0.0591517873108387,0.20449712872505188,0.2040231078863144,"[0.102547287940979, 0.09315291792154312, 0.8241294026374817, -0.8442203998565674, -0.21405698359012604, -0.05107008293271065, 0.6312806010246277]","[0.1474408209323883, 0.195785790681839, 0.06446447968482971, 0.06772956252098083, 0.09494620561599731, 0.19892466068267822, 0.7186516523361206]",0.049787066876888275,-3.0,-3.0,0.1004464328289032,0.1044667586684227,0.10550186783075333,0.20851688086986542,0.208246648311615,"{""critic_optimizer_updates"": 2093, ""actor_optimizer_updates_0"": 93, ""actor_optimizer_updates_1"": 93, ""actor_optimizer_steps_total"": 186, ""alpha_optimizer_updates"": 93}",1.7953078746795654,0.57085120677948,0.6393271088600159,1.022353172302246,0.8737435936927795
snapshot,94,0.11631334573030472,0.11693735420703888,"[0.36079150438308716, 0.2339480221271515, 0.24767491221427917, -0.05243488401174545, -0.23841536045074463, 0.5270453691482544, 0.6741905808448792]","[0.12026695907115936, 0.13869139552116394, 0.09864317625761032, 0.13409115374088287, 0.10153786838054657, 0.15721213817596436, 0.6128597855567932]",0.049787066876888275,-3.0,-3.0,0.0585937537252903,0.2054450362920761,0.20497792959213257,"[0.10881391167640686, 0.09247159212827682, 0.8254626989364624, -0.8439091444015503, -0.22335384786128998, -0.053708843886852264, 0.631769061088562]","[0.1473366916179657, 0.19583620131015778, 0.06376846134662628, 0.06756936013698578, 0.09407608211040497, 0.1985665261745453, 0.7174467444419861]",0.049787066876888275,-3.0,-3.0,0.0998883992433548,0.10500149428844452,0.10602548718452454,0.2094544917345047,0.20920118689537048,"{""critic_optimizer_updates"": 2094, ""actor_optimizer_updates_0"": 94, ""actor_optimizer_updates_1"": 94, ""actor_optimizer_steps_total"": 188, ""alpha_optimizer_updates"": 94}",1.8004963397979736,0.568096399307251,0.637569785118103,1.0182929039001465,0.8735734820365906
snapshot,95,0.11691641807556152,0.11754409968852997,"[0.36221158504486084, 0.23383131623268127, 0.24687190353870392, -0.05647299811244011, -0.23831692337989807, 0.5246721506118774, 0.6789327263832092]","[0.11964565515518188, 0.13861459493637085, 0.09800305962562561, 0.13527779281139374, 0.10050644725561142, 0.1574956625699997, 0.6066005825996399]",0.049787066876888275,-3.0,-3.0,0.0585937537252903,0.20654471218585968,0.2060854732990265,"[0.1146431565284729, 0.09300999343395233, 0.8268738985061646, -0.843549370765686, -0.23351801931858063, -0.0566064789891243, 0.6323741674423218]","[0.14739614725112915, 0.1960691511631012, 0.06306898593902588, 0.06742598861455917, 0.09310168772935867, 0.1981203258037567, 0.7161739468574524]",0.049787066876888275,-3.0,-3.0,0.0987723246216774,0.10552354156970978,0.10653577744960785,0.21054354310035706,0.21030792593955994,"{""critic_optimizer_updates"": 2095, ""actor_optimizer_updates_0"": 95, ""actor_optimizer_updates_1"": 95, ""actor_optimizer_steps_total"": 190, ""alpha_optimizer_updates"": 95}",1.819618821144104,0.5615361332893372,0.6404339075088501,1.01027512550354,0.8714193105697632
snapshot,96,0.1175863966345787,0.11821778118610382,"[0.3637930154800415, 0.2334836721420288, 0.24600522220134735, -0.06013646721839905, -0.23830047249794006, 0.522577166557312, 0.6834782361984253]","[0.11903189867734909, 0.13859330117702484, 0.09741731733083725, 0.13648484647274017, 0.09962237626314163, 0.15771237015724182, 0.6003832221031189]",0.049787066876888275,-3.0,-3.0,0.0580357164144516,0.20773543417453766,0.20728352665901184,"[0.1213587075471878, 0.09336066991090775, 0.828364372253418, -0.8432196378707886, -0.2438172996044159, -0.06003456190228462, 0.632931649684906]","[0.14730805158615112, 0.19621983170509338, 0.06236463785171509, 0.0672844722867012, 0.09222539514303207, 0.1975940465927124, 0.7148686647415161]",0.049787066876888275,-3.0,-3.0,0.098214291036129,0.10612574964761734,0.10712824761867523,0.21173922717571259,0.21152155101299286,"{""critic_optimizer_updates"": 2096, ""actor_optimizer_updates_0"": 96, ""actor_optimizer_updates_1"": 96, ""actor_optimizer_steps_total"": 192, ""alpha_optimizer_updates"": 96}",1.8551594018936157,0.5458999872207642,0.6573864221572876,0.9963759779930115,0.8631119728088379
snapshot,97,0.11834762245416641,0.1189812645316124,"[0.3646085262298584, 0.23267947137355804, 0.2455073595046997, -0.06398884952068329, -0.2401115894317627, 0.5204639434814453, 0.6880248785018921]","[0.1184634417295456, 0.1385163813829422, 0.09698022156953812, 0.13751421868801117, 0.09896399080753326, 0.15801790356636047, 0.5938494205474854]",0.049787066876888275,-3.0,-3.0,0.0580357164144516,0.20902110636234283,0.20857682824134827,"[0.12826189398765564, 0.09433846920728683, 0.8297035694122314, -0.8429135680198669, -0.2549554407596588, -0.06368366628885269, 0.6333210468292236]","[0.14711031317710876, 0.1963331699371338, 0.061711255460977554, 0.06713356077671051, 0.09122562408447266, 0.19701015949249268, 0.713528037071228]",0.049787066876888275,-3.0,-3.0,0.098214291036129,0.10685081034898758,0.10784293711185455,0.2130310982465744,0.2128324657678604,"{""critic_optimizer_updates"": 2097, ""actor_optimizer_updates_0"": 97, ""actor_optimizer_updates_1"": 97, ""actor_optimizer_steps_total"": 194, ""alpha_optimizer_updates"": 97}",1.8977125883102417,0.5312864780426025,0.662016749382019,0.9821995496749878,0.8576368689537048
snapshot,98,0.11947537213563919,0.12011352926492691,"[0.36535799503326416, 0.23173090815544128, 0.24411047995090485, -0.06839092075824738, -0.2425534874200821, 0.5197981595993042, 0.6927468776702881]","[0.11810445785522461, 0.1385076940059662, 0.09661763161420822, 0.13824592530727386, 0.09854691475629807, 0.15812112390995026, 0.5868905782699585]",0.049787066876888275,-3.0,-3.0,0.0574776828289032,0.21010218560695648,0.2096623331308365,"[0.13514447212219238, 0.09563098102807999, 0.8308505415916443, -0.8426264524459839, -0.26313507556915283, -0.06827617436647415, 0.6336946487426758]","[0.14663931727409363, 0.19640342891216278, 0.061145663261413574, 0.06699319183826447, 0.09040480107069016, 0.19635708630084991, 0.7121359705924988]",0.049787066876888275,-3.0,-3.0,0.0970982164144516,0.10792893171310425,0.10891259461641312,0.21411171555519104,0.2139289528131485,"{""critic_optimizer_updates"": 2098, ""actor_optimizer_updates_0"": 98, ""actor_optimizer_updates_1"": 98, ""actor_optimizer_steps_total"": 196, ""alpha_optimizer_updates"": 98}",1.944830298423767,0.5170094966888428,0.6658022403717041,0.9610198736190796,0.8535196185112
snapshot,99,0.12059054523706436,0.12123407423496246,"[0.36582982540130615, 0.23073866963386536, 0.24206161499023438, -0.07334774732589722, -0.2446851134300232, 0.5194283723831177, 0.6973283290863037]","[0.1178063377737999, 0.1385573148727417, 0.09630949795246124, 0.13889199495315552, 0.0979773998260498, 0.15813042223453522, 0.579797089099884]",0.049787066876888275,-3.0,-3.0,0.0569196455180645,0.21115000545978546,0.21071526408195496,"[0.141018807888031, 0.09665089845657349, 0.8319347500801086, -0.8423540592193604, -0.2708472013473511, -0.07255077362060547, 0.6340774893760681]","[0.14647476375102997, 0.1964253932237625, 0.06060405820608139, 0.06686294823884964, 0.08967988938093185, 0.19560471177101135, 0.7106935977935791]",0.049787066876888275,-3.0,-3.0,0.094308041036129,0.10901683568954468,0.109993577003479,0.2151561975479126,0.2149905264377594,"{""critic_optimizer_updates"": 2099, ""actor_optimizer_updates_0"": 99, ""actor_optimizer_updates_1"": 99, ""actor_optimizer_steps_total"": 198, ""alpha_optimizer_updates"": 99}",1.9759818315505981,0.5006657838821411,0.6679268479347229,0.9378730654716492,0.8501476049423218
snapshot,100,0.12155543267726898,0.12220517545938492,"[0.3658476173877716, 0.2296014428138733, 0.23930370807647705, -0.07742597907781601, -0.24596771597862244, 0.5188127756118774, 0.7017914652824402]","[0.11759240180253983, 0.13866011798381805, 0.09612499177455902, 0.13947941362857819, 0.0974469855427742, 0.15806731581687927, 0.5724837183952332]",0.049787066876888275,-3.0,-3.0,0.0569196455180645,0.211891308426857,0.2114572376012802,"[0.14685893058776855, 0.0984710156917572, 0.8328442573547363, -0.8420712947845459, -0.27434998750686646, -0.07705824077129364, 0.6345869302749634]","[0.14620450139045715, 0.1964920163154602, 0.06015874445438385, 0.06676959246397018, 0.089412622153759, 0.19474826753139496, 0.7090908288955688]",0.049787066876888275,-3.0,-3.0,0.094308041036129,0.11001612991094589,0.11098814755678177,0.21591418981552124,0.21576125919818878,"{""critic_optimizer_updates"": 2100, ""actor_optimizer_updates_0"": 100, ""actor_optimizer_updates_1"": 100, ""actor_optimizer_steps_total"": 200, ""alpha_optimizer_updates"": 100}",2.008390188217163,0.4887627363204956,0.664785623550415,0.9183217287063599,0.8472420573234558
E_no_entropy,1,0.0032355296425521374,0.003402626607567072,"[0.0931602343916893, 0.0456666424870491, 0.16815344989299774, 0.04698551073670387, 0.04182913899421692, 0.0034473948180675507, 0.6638847589492798]","[0.08347687870264053, 0.13489297032356262, 0.1257663518190384, 0.02737090177834034, 0.026578301563858986, 0.218627467751503, 0.7490001320838928]",0.049787066876888275,-3.0,-3.0,0.1478794664144516,0.003586101345717907,0.003759604413062334,"[-0.017904222011566162, 0.04523084685206413, 0.1854114681482315, -0.06758133322000504, -0.03355893865227699, -0.10407222807407379, 0.6640000939369202]","[0.08110295981168747, 0.1310928463935852, 0.13227130472660065, 0.021503370255231857, 0.025873497128486633, 0.20410409569740295, 0.7489092946052551]",0.049787066876888275,-3.0,-3.0,0.1478794664144516,0.0028757599648088217,0.0037049902603030205,0.003549898974597454,0.003845036495476961,"{""critic_optimizer_updates"": 2001, ""actor_optimizer_updates_0"": 1, ""actor_optimizer_updates_1"": 1, ""actor_optimizer_steps_total"": 2, ""alpha_optimizer_updates"": 1}",-3.112229347229004,2.202852249145508,0.6280354261398315,3.7376794815063477,0.880581259727478
E_no_entropy,2,0.012568402104079723,0.01268856879323721,"[0.15504881739616394, 0.0874745100736618, 0.24662372469902039, 0.08991805464029312, 0.07244839519262314, 0.07056276500225067, 0.6639030575752258]","[0.08115512877702713, 0.1394452303647995, 0.11313566565513611, 0.042705729603767395, 0.033657170832157135, 0.22894638776779175, 0.7490016222000122]",0.049787066876888275,-3.0,-3.0,0.1467633992433548,0.01386028341948986,0.014014240354299545,"[-0.06645198166370392, 0.08839071542024612, 0.2836684584617615, -0.1361072063446045, -0.06676141917705536, -0.14278456568717957, 0.6640228033065796]","[0.08563659340143204, 0.13495080173015594, 0.12452148646116257, 0.04069746285676956, 0.031357292085886, 0.19973783195018768, 0.748880922794342]",0.049787066876888275,-3.0,-3.0,0.1478794664144516,0.011236842721700668,0.011969676241278648,0.013721945695579052,0.013937787152826786,"{""critic_optimizer_updates"": 2002, ""actor_optimizer_updates_0"": 2, ""actor_optimizer_updates_1"": 2, ""actor_optimizer_steps_total"": 4, ""alpha_optimizer_updates"": 2}",-2.5811758041381836,2.092843532562256,0.6215655207633972,3.5361127853393555,0.8824162483215332
E_no_entropy,3,0.02726457267999649,0.02734820917248726,"[0.21538099646568298, 0.1284351497888565, 0.3196015954017639, 0.13027028739452362, 0.10087676346302032, 0.1381641924381256, 0.6639207005500793]","[0.08194809406995773, 0.14450648427009583, 0.10350623726844788, 0.05682801455259323, 0.04127072915434837, 0.23898860812187195, 0.7489997744560242]",0.049787066876888275,-3.0,-3.0,0.145647332072258,0.029974674805998802,0.03010837733745575,"[-0.115110382437706, 0.1330881118774414, 0.37514370679855347, -0.20044353604316711, -0.09992695599794388, -0.18193016946315765, 0.664048433303833]","[0.09220337867736816, 0.14019018411636353, 0.11782378703355789, 0.05900835990905762, 0.03802367299795151, 0.1960868239402771, 0.7488459348678589]",0.049787066876888275,-3.0,-3.0,0.1484375,0.024469846859574318,0.025114065036177635,0.029679568484425545,0.029828783124685287,"{""critic_optimizer_updates"": 2003, ""actor_optimizer_updates_0"": 3, ""actor_optimizer_updates_1"": 3, ""actor_optimizer_steps_total"": 6, ""alpha_optimizer_updates"": 3}",-1.642913579940796,1.8056230545043945,0.6139699220657349,3.06203031539917,0.8767105937004089
E_no_entropy,4,0.04635895788669586,0.04640552029013634,"[0.2724356949329376, 0.16852375864982605, 0.39045000076293945, 0.16726770997047424, 0.12777696549892426, 0.20060467720031738, 0.663938045501709]","[0.08482114225625992, 0.14995180070400238, 0.09745975583791733, 0.06986899673938751, 0.049407634884119034, 0.2476682811975479, 0.748994767665863]",0.049787066876888275,-3.0,-3.0,0.1450892984867096,0.05030633136630058,0.050422389060258865,"[-0.1613796353340149, 0.17553913593292236, 0.45687001943588257, -0.2611443102359772, -0.1310938447713852, -0.2196907252073288, 0.6640834212303162]","[0.1001252606511116, 0.14590677618980408, 0.11190596222877502, 0.07534103840589523, 0.04437931254506111, 0.19344386458396912, 0.748792290687561]",0.049787066876888275,-3.0,-3.0,0.1478794664144516,0.04181836545467377,0.042378850281238556,0.049907900393009186,0.0500059574842453,"{""critic_optimizer_updates"": 2004, ""actor_optimizer_updates_0"": 4, ""actor_optimizer_updates_1"": 4, ""actor_optimizer_steps_total"": 8, ""alpha_optimizer_updates"": 4}",-0.7531486749649048,1.5997068881988525,0.6072001457214355,2.692150592803955,0.8763508796691895
E_no_entropy,5,0.06801547855138779,0.06803189218044281,"[0.32504284381866455, 0.20453377068042755, 0.4531189799308777, 0.20067068934440613, 0.14938870072364807, 0.26042214035987854, 0.663955807685852]","[0.08863729983568192, 0.15510094165802002, 0.0946773886680603, 0.08149171620607376, 0.057167571038007736, 0.25459325313568115, 0.7489855885505676]",0.049787066876888275,-3.0,-3.0,0.14453125,0.07323834300041199,0.07334135472774506,"[-0.2045077383518219, 0.21495503187179565, 0.5279833674430847, -0.3168179988861084, -0.1629989743232727, -0.2550380229949951, 0.6641243696212769]","[0.10815734416246414, 0.15186727046966553, 0.10657454282045364, 0.0889834612607956, 0.0512964092195034, 0.19181205332279205, 0.7487236261367798]",0.049787066876888275,-3.0,-3.0,0.1478794664144516,0.061699334532022476,0.06218845397233963,0.07285773754119873,0.07291433960199356,"{""critic_optimizer_updates"": 2005, ""actor_optimizer_updates_0"": 5, ""actor_optimizer_updates_1"": 5, ""actor_optimizer_steps_total"": 10, ""alpha_optimizer_updates"": 5}",-0.045468784868717194,1.4109978675842285,0.6045853495597839,2.3810412883758545,0.8764276504516602
E_no_entropy,6,0.09073012322187424,0.09072890132665634,"[0.3731808662414551, 0.2369849681854248, 0.5076565146446228, 0.22993260622024536, 0.1648368090391159, 0.31603747606277466, 0.6639736294746399]","[0.09265132993459702, 0.15954673290252686, 0.09383612126111984, 0.09158841520547867, 0.06454810500144958, 0.25926443934440613, 0.7489727735519409]",0.049787066876888275,-3.0,-3.0,0.1439732164144516,0.09722604602575302,0.09732332080602646,"[-0.24411621689796448, 0.25232499837875366, 0.5874559879302979, -0.36756986379623413, -0.19529348611831665, -0.2867390513420105, 0.664177656173706]","[0.11566422879695892, 0.15750247240066528, 0.10188806802034378, 0.09979117661714554, 0.058561962097883224, 0.19095495343208313, 0.7486274838447571]",0.049787066876888275,-3.0,-3.0,0.1478794664144516,0.08274457603693008,0.08317499607801437,0.0970250591635704,0.09705580025911331,"{""critic_optimizer_updates"": 2006, ""actor_optimizer_updates_0"": 6, ""actor_optimizer_updates_1"": 6, ""actor_optimizer_steps_total"": 12, ""alpha_optimizer_updates"": 6}",0.40088510513305664,1.273121953010559,0.6076831817626953,2.1445393562316895,0.8768389225006104
E_no_entropy,7,0.11347123980522156,0.11346424371004105,"[0.4167928695678711, 0.2665289640426636, 0.5555462837219238, 0.2552206516265869, 0.17456132173538208, 0.3662782907485962, 0.6639924049377441]","[0.09642571955919266, 0.16335907578468323, 0.0940369963645935, 0.10033874958753586, 0.07167588919401169, 0.26175010204315186, 0.7489551305770874]",0.049787066876888275,-3.0,-3.0,0.1428571492433548,0.12143202126026154,0.12152398377656937,"[-0.28050464391708374, 0.2870093584060669, 0.6372294425964355, -0.4139649271965027, -0.2275136411190033, -0.31523656845092773, 0.6642427444458008]","[0.12227713316679001, 0.16261719167232513, 0.0978393703699112, 0.10797518491744995, 0.06570079177618027, 0.1904761642217636, 0.7485035061836243]",0.049787066876888275,-3.0,-3.0,0.1484375,0.10399581491947174,0.1043863371014595,0.12151613086462021,0.1215343326330185,"{""critic_optimizer_updates"": 2007, ""actor_optimizer_updates_0"": 7, ""actor_optimizer_updates_1"": 7, ""actor_optimizer_steps_total"": 14, ""alpha_optimizer_updates"": 7}",0.5918663740158081,1.153761386871338,0.6152801513671875,1.954023838043213,0.8785133361816406
E_no_entropy,8,0.13538509607315063,0.13538417220115662,"[0.45591166615486145, 0.2932286858558655, 0.596523106098175, 0.27664121985435486, 0.18164163827896118, 0.41124144196510315, 0.6640113592147827]","[0.09948651492595673, 0.1665743738412857, 0.09450961649417877, 0.10789033770561218, 0.07872064411640167, 0.26215118169784546, 0.7489335536956787]",0.049787066876888275,-3.0,-3.0,0.1428571492433548,0.14484789967536926,0.14493785798549652,"[-0.31239768862724304, 0.3180975317955017, 0.6787941455841064, -0.45601361989974976, -0.2590869665145874, -0.33973428606987, 0.6643160581588745]","[0.12781277298927307, 0.16699637472629547, 0.09413322806358337, 0.1136951744556427, 0.07219567894935608, 0.1901244968175888, 0.7483583092689514]",0.049787066876888275,-3.0,-3.0,0.1489955484867096,0.12460597604513168,0.12497236579656601,0.1451999694108963,0.14521177113056183,"{""critic_optimizer_updates"": 2008, ""actor_optimizer_updates_0"": 8, ""actor_optimizer_updates_1"": 8, ""actor_optimizer_steps_total"": 16, ""alpha_optimizer_updates"": 8}",0.641848087310791,1.0915658473968506,0.6249265670776367,1.845552682876587,0.8835492134094238
E_no_entropy,9,0.1559981405735016,0.15601298213005066,"[0.49105364084243774, 0.3168899714946747, 0.6312769651412964, 0.2945363521575928, 0.18655329942703247, 0.4516373872756958, 0.6640307903289795]","[0.101848304271698, 0.1691269874572754, 0.0946679413318634, 0.11416354030370712, 0.08554485440254211, 0.2605663537979126, 0.7489079833030701]",0.049787066876888275,-3.0,-3.0,0.1434151828289032,0.1670844703912735,0.1671760231256485,"[-0.3409419655799866, 0.3460931181907654, 0.7133389711380005, -0.4940672516822815, -0.2889505624771118, -0.36095356941223145, 0.6644014120101929]","[0.13234122097492218, 0.17060841619968414, 0.09068238735198975, 0.11745348572731018, 0.07783501595258713, 0.18961547315120697, 0.7481856346130371]",0.049787066876888275,-3.0,-3.0,0.1484375,0.14410755038261414,0.1444607824087143,0.1676432490348816,0.16765537858009338,"{""critic_optimizer_updates"": 2009, ""actor_optimizer_updates_0"": 9, ""actor_optimizer_updates_1"": 9, ""actor_optimizer_steps_total"": 18, ""alpha_optimizer_updates"": 9}",0.57672119140625,1.045791506767273,0.6385252475738525,1.7628475427627563,0.8847144842147827
E_no_entropy,10,0.1750430166721344,0.17507824301719666,"[0.5224539041519165, 0.3375961184501648, 0.6609164476394653, 0.3092414438724518, 0.18885184824466705, 0.4879581928253174, 0.6640511751174927]","[0.10348944365978241, 0.17109033465385437, 0.09435812383890152, 0.11944926530122757, 0.09192686527967453, 0.2571715712547302, 0.7488781809806824]",0.049787066876888275,-3.0,-3.0,0.1434151828289032,0.1878160983324051,0.18791130185127258,"[-0.3657015562057495, 0.37104594707489014, 0.7423557639122009, -0.5286002159118652, -0.31685060262680054, -0.3786757290363312, 0.664497435092926]","[0.13595141470432281, 0.17362433671951294, 0.08732271194458008, 0.11956162005662918, 0.08261031657457352, 0.18882465362548828, 0.7479891180992126]",0.049787066876888275,-3.0,-3.0,0.1489955484867096,0.1622176170349121,0.16256597638130188,0.18853922188282013,0.18855687975883484,"{""critic_optimizer_updates"": 2010, ""actor_optimizer_updates_0"": 10, ""actor_optimizer_updates_1"": 10, ""actor_optimizer_steps_total"": 20, ""alpha_optimizer_updates"": 10}",0.4759480357170105,1.0144166946411133,0.6485505700111389,1.706062912940979,0.8871299028396606
E_no_entropy,11,0.19240166246891022,0.19245997071266174,"[0.5504149198532104, 0.3557475209236145, 0.6862907409667969, 0.32100167870521545, 0.1892063319683075, 0.5203207731246948, 0.6640729904174805]","[0.10448595881462097, 0.17264829576015472, 0.09358707070350647, 0.12389441579580307, 0.09789970517158508, 0.252280056476593, 0.7488435506820679]",0.049787066876888275,-3.0,-3.0,0.14453125,0.20694178342819214,0.20704109966754913,"[-0.38703426718711853, 0.39324039220809937, 0.7668071985244751, -0.5599669218063354, -0.34247294068336487, -0.3935246169567108, 0.6646032333374023]","[0.1388150006532669, 0.1761564016342163, 0.08393816649913788, 0.12036608904600143, 0.08647646754980087, 0.18786555528640747, 0.7477715015411377]",0.049787066876888275,-3.0,-3.0,0.149553582072258,0.17884011566638947,0.1791885644197464,0.20779256522655487,0.20781908929347992,"{""critic_optimizer_updates"": 2011, ""actor_optimizer_updates_0"": 11, ""actor_optimizer_updates_1"": 11, ""actor_optimizer_steps_total"": 22, ""alpha_optimizer_updates"": 11}",0.40124526619911194,0.9813674688339233,0.6601331233978271,1.6500638723373413,0.8910101652145386
E_no_entropy,12,0.2081073820590973,0.20818977057933807,"[0.5754542946815491, 0.37128204107284546, 0.7081497311592102, 0.3300819993019104, 0.18762430548667908, 0.5493482947349548, 0.6640968322753906]","[0.10496518760919571, 0.1738995760679245, 0.09242112189531326, 0.12765464186668396, 0.10350257903337479, 0.24599866569042206, 0.748803436756134]",0.049787066876888275,-3.0,-3.0,0.145647332072258,0.22437651455402374,0.22447951138019562,"[-0.4056084454059601, 0.41302990913391113, 0.7875454425811768, -0.5885273218154907, -0.36501508951187134, -0.40542319416999817, 0.6647186875343323]","[0.14110267162322998, 0.1782142072916031, 0.08059687912464142, 0.12017408758401871, 0.08942802250385284, 0.18681488931179047, 0.7475335001945496]",0.049787066876888275,-3.0,-3.0,0.1506696492433548,0.19398699700832367,0.19433729350566864,0.22534194588661194,0.22537855803966522,"{""critic_optimizer_updates"": 2012, ""actor_optimizer_updates_0"": 12, ""actor_optimizer_updates_1"": 12, ""actor_optimizer_steps_total"": 24, ""alpha_optimizer_updates"": 12}",0.39579445123672485,0.9429829716682434,0.6653339862823486,1.5920865535736084,0.8917942643165588
E_no_entropy,13,0.22215279936790466,0.22225932776927948,"[0.5977829694747925, 0.3843740224838257, 0.7269709706306458, 0.3367343544960022, 0.1842791587114334, 0.5753192901611328, 0.6641227006912231]","[0.10493629425764084, 0.17489776015281677, 0.09098979830741882, 0.13085411489009857, 0.10867265611886978, 0.23863637447357178, 0.7487581968307495]",0.049787066876888275,-3.0,-3.0,0.145647332072258,0.24007096886634827,0.24017643928527832,"[-0.4213651418685913, 0.43046969175338745, 0.8052865266799927, -0.6145385503768921, -0.38463521003723145, -0.414633572101593, 0.6648417711257935]","[0.1429274082183838, 0.17987075448036194, 0.07730062305927277, 0.11914429068565369, 0.091516874730587, 0.18572640419006348, 0.7472800016403198]",0.049787066876888275,-3.0,-3.0,0.1512276828289032,0.20765076577663422,0.20800523459911346,0.24114663898944855,0.24119345843791962,"{""critic_optimizer_updates"": 2013, ""actor_optimizer_updates_0"": 13, ""actor_optimizer_updates_1"": 13, ""actor_optimizer_steps_total"": 26, ""alpha_optimizer_updates"": 13}",0.4448796510696411,0.9085558652877808,0.6733263731002808,1.5415153503417969,0.8927885293960571
E_no_entropy,14,0.23461787402629852,0.23474736511707306,"[0.6176066398620605, 0.39522090554237366, 0.7432676553726196, 0.3411529064178467, 0.1797817349433899, 0.5984320640563965, 0.6641517877578735]","[0.10456177592277527, 0.17574556171894073, 0.08942550420761108, 0.13364377617835999, 0.11337115615606308, 0.23055200278759003, 0.7487055063247681]",0.049787066876888275,-3.0,-3.0,0.1473214328289032,0.2542230784893036,0.254330039024353,"[-0.43464651703834534, 0.44630861282348633, 0.8205463290214539, -0.6382424831390381, -0.40195751190185547, -0.4214809834957123, 0.6649717092514038]","[0.14444215595722198, 0.1812104433774948, 0.07411441206932068, 0.11749709397554398, 0.0930180773139, 0.18465062975883484, 0.7470138072967529]",0.049787066876888275,-3.0,-3.0,0.1540178656578064,0.21988824009895325,0.22025029361248016,0.2554055154323578,0.2554622292518616,"{""critic_optimizer_updates"": 2014, ""actor_optimizer_updates_0"": 14, ""actor_optimizer_updates_1"": 14, ""actor_optimizer_steps_total"": 28, ""alpha_optimizer_updates"": 14}",0.5499987602233887,0.873091459274292,0.6768522262573242,1.484445333480835,0.8919055461883545
E_no_entropy,15,0.24556924402713776,0.24572019279003143,"[0.6351673603057861, 0.40407896041870117, 0.7573319673538208, 0.34349003434181213, 0.17346447706222534, 0.6191039085388184, 0.6641863584518433]","[0.10398173332214355, 0.17650112509727478, 0.08778923749923706, 0.13607469201087952, 0.11774856597185135, 0.2220444679260254, 0.7486416697502136]",0.049787066876888275,-3.0,-3.0,0.1478794664144516,0.2668789327144623,0.2669869363307953,"[-0.44575536251068115, 0.46008437871932983, 0.8337312936782837, -0.6598827838897705, -0.41758549213409424, -0.4260508418083191, 0.665128231048584]","[0.14577578008174896, 0.18233993649482727, 0.07107298821210861, 0.11543241143226624, 0.09413659572601318, 0.1836496889591217, 0.7466956973075867]",0.049787066876888275,-3.0,-3.0,0.1568080484867096,0.23073799908161163,0.23110809922218323,0.2681700885295868,0.2682410776615143,"{""critic_optimizer_updates"": 2015, ""actor_optimizer_updates_0"": 15, ""actor_optimizer_updates_1"": 15, ""actor_optimizer_steps_total"": 30, ""alpha_optimizer_updates"": 15}",0.7018611431121826,0.8350069522857666,0.6738085746765137,1.4210505485534668,0.8897609710693359
E_no_entropy,16,0.2551252245903015,0.25529563426971436,"[0.6507073044776917, 0.41083788871765137, 0.7695211172103882, 0.34396180510520935, 0.16596300899982452, 0.6375876665115356, 0.6642234325408936]","[0.10322465747594833, 0.17718498408794403, 0.08615558594465256, 0.138272225856781, 0.12180210649967194, 0.21324340999126434, 0.7485711574554443]",0.049787066876888275,-3.0,-3.0,0.149553582072258,0.2779983878135681,0.27810612320899963,"[-0.4547595977783203, 0.47200217843055725, 0.8451666831970215, -0.6796354651451111, -0.4307921528816223, -0.4285696744918823, 0.6652938723564148]","[0.1469883769750595, 0.1832883059978485, 0.06820805370807648, 0.11306456476449966, 0.0947800800204277, 0.18285642564296722, 0.746362030506134]",0.049787066876888275,-3.0,-3.0,0.1590401828289032,0.24028176069259644,0.24066074192523956,0.27939528226852417,0.2794773578643799,"{""critic_optimizer_updates"": 2016, ""actor_optimizer_updates_0"": 16, ""actor_optimizer_updates_1"": 16, ""actor_optimizer_steps_total"": 32, ""alpha_optimizer_updates"": 16}",0.8645714521408081,0.7984248399734497,0.6718270778656006,1.3597060441970825,0.8888709545135498
E_no_entropy,17,0.263467401266098,0.26365524530410767,"[0.6644580364227295, 0.41575366258621216, 0.7800754308700562, 0.34300071001052856, 0.15820159018039703, 0.6541746854782104, 0.6642657518386841]","[0.10235504060983658, 0.17783783376216888, 0.08456137776374817, 0.140194371342659, 0.12528161704540253, 0.20434518158435822, 0.748489499092102]",0.049787066876888275,-3.0,-3.0,0.1517857164144516,0.2876518666744232,0.2877582609653473,"[-0.46184617280960083, 0.482200026512146, 0.8551260232925415, -0.6976665258407593, -0.44182708859443665, -0.4290389120578766, 0.6654667258262634]","[0.1481115072965622, 0.18414422869682312, 0.06551816314458847, 0.11049263179302216, 0.09504479169845581, 0.18220897018909454, 0.7460176348686218]",0.049787066876888275,-3.0,-3.0,0.1623883992433548,0.2486729770898819,0.2490605115890503,0.2891426086425781,0.28923383355140686,"{""critic_optimizer_updates"": 2017, ""actor_optimizer_updates_0"": 17, ""actor_optimizer_updates_1"": 17, ""actor_optimizer_steps_total"": 34, ""alpha_optimizer_updates"": 17}",1.017824649810791,0.7646074295043945,0.666530430316925,1.3038108348846436,0.886492133140564
E_no_entropy,18,0.2706415355205536,0.27084463834762573,"[0.6766125559806824, 0.41879358887672424, 0.7892395257949829, 0.3403807282447815, 0.15005135536193848, 0.6690787076950073, 0.6643131971359253]","[0.10143966972827911, 0.1785001903772354, 0.08303794264793396, 0.14182478189468384, 0.12820707261562347, 0.19545483589172363, 0.7483960390090942]",0.049787066876888275,-3.0,-3.0,0.1517857164144516,0.29594260454177856,0.2960466146469116,"[-0.46710696816444397, 0.49078845977783203, 0.863865852355957, -0.7142273783683777, -0.4509161710739136, -0.4275808334350586, 0.6656427979469299]","[0.14918670058250427, 0.1849404275417328, 0.06299471110105515, 0.10776035487651825, 0.09502129256725311, 0.18170131742954254, 0.7456709146499634]",0.049787066876888275,-3.0,-3.0,0.1640625,0.2559569776058197,0.2563526928424835,0.29751697182655334,0.2976152300834656,"{""critic_optimizer_updates"": 2018, ""actor_optimizer_updates_0"": 18, ""actor_optimizer_updates_1"": 18, ""actor_optimizer_steps_total"": 36, ""alpha_optimizer_updates"": 18}",1.1444780826568604,0.7397816777229309,0.6627208590507507,1.2646018266677856,0.8846012353897095
E_no_entropy,19,0.2768019139766693,0.27701807022094727,"[0.6873287558555603, 0.4200255274772644, 0.797213077545166, 0.33627814054489136, 0.14243358373641968, 0.6825813055038452, 0.6643658876419067]","[0.10053782165050507, 0.17916998267173767, 0.08160988986492157, 0.14326879382133484, 0.13058163225650787, 0.18668390810489655, 0.7482903599739075]",0.049787066876888275,-3.0,-3.0,0.15234375,0.3029033839702606,0.30300378799438477,"[-0.47077101469039917, 0.497895747423172, 0.8715691566467285, -0.7294358611106873, -0.4579734206199646, -0.423990398645401, 0.6658398509025574]","[0.15026775002479553, 0.18570828437805176, 0.0606398731470108, 0.10496046394109726, 0.09474246948957443, 0.18141379952430725, 0.7452886700630188]",0.049787066876888275,-3.0,-3.0,0.1657366156578064,0.26227137446403503,0.2626744210720062,0.30457061529159546,0.3046755790710449,"{""critic_optimizer_updates"": 2019, ""actor_optimizer_updates_0"": 19, ""actor_optimizer_updates_1"": 19, ""actor_optimizer_steps_total"": 38, ""alpha_optimizer_updates"": 19}",1.2391622066497803,0.7280035614967346,0.6567670106887817,1.243437647819519,0.8833621740341187
E_no_entropy,20,0.28199517726898193,0.2822219431400299,"[0.69677734375, 0.4198044240474701, 0.804195761680603, 0.33069998025894165, 0.13422566652297974, 0.6946713924407959, 0.6644216179847717]","[0.09965001791715622, 0.17979229986667633, 0.08029048144817352, 0.14456434547901154, 0.13278019428253174, 0.1784496158361435, 0.7481769323348999]",0.049787066876888275,-3.0,-3.0,0.153459832072258,0.3087148070335388,0.3088105320930481,"[-0.47302165627479553, 0.5036583542823792, 0.8784147500991821, -0.7434561252593994, -0.46358799934387207, -0.4184548854827881, 0.6660400032997131]","[0.15135514736175537, 0.18647074699401855, 0.05843663588166237, 0.1021307185292244, 0.09427248686552048, 0.18127456307411194, 0.744906485080719]",0.049787066876888275,-3.0,-3.0,0.169084832072258,0.26764410734176636,0.26805341243743896,0.3104790449142456,0.31058961153030396,"{""critic_optimizer_updates"": 2020, ""actor_optimizer_updates_0"": 20, ""actor_optimizer_updates_1"": 20, ""actor_optimizer_steps_total"": 40, ""alpha_optimizer_updates"": 20}",1.2706506252288818,0.7261998653411865,0.6546036005020142,1.2475686073303223,0.8818602561950684
E_no_entropy,21,0.2862968146800995,0.2865314483642578,"[0.7050899863243103, 0.41817617416381836, 0.8103260397911072, 0.32388025522232056, 0.12614263594150543, 0.7053970694541931, 0.6644819974899292]","[0.09877956658601761, 0.1804068684577942, 0.07907261699438095, 0.1456315815448761, 0.13440203666687012, 0.17100119590759277, 0.7480526566505432]",0.049787066876888275,-3.0,-3.0,0.153459832072258,0.313484787940979,0.3135749101638794,"[-0.47386789321899414, 0.5081564784049988, 0.8845275640487671, -0.7563856244087219, -0.46811217069625854, -0.4111587107181549, 0.6662148833274841]","[0.1524474173784256, 0.18724985420703888, 0.05637205392122269, 0.0992933139204979, 0.09369328618049622, 0.1812591701745987, 0.7445768117904663]",0.049787066876888275,-3.0,-3.0,0.1713169664144516,0.27212846279144287,0.2725430727005005,0.31532758474349976,0.31544023752212524,"{""critic_optimizer_updates"": 2021, ""actor_optimizer_updates_0"": 21, ""actor_optimizer_updates_1"": 21, ""actor_optimizer_steps_total"": 42, ""alpha_optimizer_updates"": 21}",1.2711628675460815,0.7356595396995544,0.6480318903923035,1.2636470794677734,0.8823899030685425
E_no_entropy,22,0.28984957933425903,0.29009008407592773,"[0.7123860716819763, 0.41534847021102905, 0.8156682252883911, 0.31614744663238525, 0.11878284811973572, 0.7149609327316284, 0.6645469069480896]","[0.09800906479358673, 0.18103745579719543, 0.07797981053590775, 0.14652004837989807, 0.13532514870166779, 0.1642644852399826, 0.7479177713394165]",0.049787066876888275,-3.0,-3.0,0.1556919664144516,0.3174263536930084,0.31751078367233276,"[-0.4735349118709564, 0.5115349292755127, 0.8900210857391357, -0.7683185338973999, -0.472223699092865, -0.40224629640579224, 0.6664471626281738]","[0.1536218225955963, 0.1881108433008194, 0.05444090813398361, 0.09648533165454865, 0.093119777739048, 0.1813880354166031, 0.7441484928131104]",0.049787066876888275,-3.0,-3.0,0.1741071492433548,0.2758762836456299,0.2762949466705322,0.319364070892334,0.3194830119609833,"{""critic_optimizer_updates"": 2022, ""actor_optimizer_updates_0"": 22, ""actor_optimizer_updates_1"": 22, ""actor_optimizer_steps_total"": 44, ""alpha_optimizer_updates"": 22}",1.254610538482666,0.7517284154891968,0.6480696201324463,1.2885351181030273,0.8827236294746399
E_no_entropy,23,0.29267916083335876,0.29292330145835876,"[0.718766450881958, 0.4112514555454254, 0.8203596472740173, 0.30719193816185, 0.11213257163763046, 0.7235226631164551, 0.6646149158477783]","[0.09731820970773697, 0.18163926899433136, 0.0769929587841034, 0.14719490706920624, 0.13558147847652435, 0.1582387387752533, 0.7477750778198242]",0.049787066876888275,-3.0,-3.0,0.1556919664144516,0.32058778405189514,0.32066619396209717,"[-0.4720550775527954, 0.5138969421386719, 0.8949874639511108, -0.779371976852417, -0.47588202357292175, -0.39169755578041077, 0.6666780114173889]","[0.15486808121204376, 0.1890294998884201, 0.052635546773672104, 0.09372691065073013, 0.09246642142534256, 0.18162134289741516, 0.7437315583229065]",0.049787066876888275,-3.0,-3.0,0.1780133992433548,0.2789093852043152,0.27933019399642944,0.3226207494735718,0.32274362444877625,"{""critic_optimizer_updates"": 2023, ""actor_optimizer_updates_0"": 23, ""actor_optimizer_updates_1"": 23, ""actor_optimizer_steps_total"": 46, ""alpha_optimizer_updates"": 23}",1.2341827154159546,0.765825092792511,0.6473279595375061,1.3114861249923706,0.8839155435562134
E_no_entropy,24,0.294924259185791,0.29517069458961487,"[0.7243705987930298, 0.40591561794281006, 0.8244525194168091, 0.2971171736717224, 0.10559041798114777, 0.7314618825912476, 0.6646845936775208]","[0.09670858830213547, 0.18219591677188873, 0.07612287253141403, 0.14765885472297668, 0.13551819324493408, 0.15251363813877106, 0.7476277351379395]",0.049787066876888275,-3.0,-3.0,0.1556919664144516,0.3229926824569702,0.32306453585624695,"[-0.4694674015045166, 0.515188455581665, 0.8995027542114258, -0.7896499633789062, -0.479007363319397, -0.3794163465499878, 0.6668832302093506]","[0.1561979204416275, 0.19004106521606445, 0.05094331502914429, 0.09102996438741684, 0.0917879194021225, 0.1821078211069107, 0.7433671355247498]",0.049787066876888275,-3.0,-3.0,0.1791294664144516,0.2813742458820343,0.28179600834846497,0.32511624693870544,0.325239360332489,"{""critic_optimizer_updates"": 2024, ""actor_optimizer_updates_0"": 24, ""actor_optimizer_updates_1"": 24, ""actor_optimizer_steps_total"": 48, ""alpha_optimizer_updates"": 24}",1.2168701887130737,0.7838959693908691,0.6434081792831421,1.340308427810669,0.8867813348770142
E_no_entropy,25,0.296628475189209,0.2968752980232239,"[0.7292656898498535, 0.39960959553718567, 0.8280544281005859, 0.2860867381095886, 0.09914398193359375, 0.7386849522590637, 0.6647629737854004]","[0.09617207944393158, 0.18273673951625824, 0.07534614950418472, 0.14794450998306274, 0.1349993646144867, 0.14743417501449585, 0.7474616765975952]",0.049787066876888275,-3.0,-3.0,0.1551339328289032,0.3248828649520874,0.3249484896659851,"[-0.4658403992652893, 0.5155441761016846, 0.9036374092102051, -0.799231231212616, -0.48259228467941284, -0.36556941270828247, 0.6671398878097534]","[0.15762528777122498, 0.19116342067718506, 0.04934431239962578, 0.0883810818195343, 0.09108201414346695, 0.18277373909950256, 0.7429251074790955]",0.049787066876888275,-3.0,-3.0,0.180803582072258,0.2833060622215271,0.28372663259506226,0.3270912766456604,0.32721638679504395,"{""critic_optimizer_updates"": 2025, ""actor_optimizer_updates_0"": 25, ""actor_optimizer_updates_1"": 25, ""actor_optimizer_steps_total"": 50, ""alpha_optimizer_updates"": 25}",1.2095638513565063,0.8006371259689331,0.6413187980651855,1.3691262006759644,0.889191210269928
E_no_entropy,26,0.2979152798652649,0.29816117882728577,"[0.7335495352745056, 0.392156720161438, 0.8312100172042847, 0.27423590421676636, 0.09389351308345795, 0.7454553842544556, 0.6648616790771484]","[0.09574392437934875, 0.18329085409641266, 0.07466039061546326, 0.14804594218730927, 0.13400022685527802, 0.14265866577625275, 0.747252345085144]",0.049787066876888275,-3.0,-3.0,0.1556919664144516,0.32629281282424927,0.32635247707366943,"[-0.4612634479999542, 0.5150190591812134, 0.9074379801750183, -0.808197557926178, -0.4864503741264343, -0.35001081228256226, 0.6674155592918396]","[0.15917682647705078, 0.1924225091934204, 0.04783888906240463, 0.08579778671264648, 0.09041893482208252, 0.18373289704322815, 0.7424631118774414]",0.049787066876888275,-3.0,-3.0,0.184709832072258,0.2848471999168396,0.28526571393013,0.32860198616981506,0.3287317454814911,"{""critic_optimizer_updates"": 2026, ""actor_optimizer_updates_0"": 26, ""actor_optimizer_updates_1"": 26, ""actor_optimizer_steps_total"": 52, ""alpha_optimizer_updates"": 26}",1.1985015869140625,0.8229822516441345,0.6443839073181152,1.4055235385894775,0.8945585489273071
E_no_entropy,27,0.29881352186203003,0.2990573048591614,"[0.7372955083847046, 0.3837011456489563, 0.8339778184890747, 0.2615155577659607, 0.08887353539466858, 0.7518120408058167, 0.6649661064147949]","[0.09538275003433228, 0.18382664024829865, 0.07405613362789154, 0.1479271948337555, 0.13264501094818115, 0.13819247484207153, 0.7470304369926453]",0.049787066876888275,-3.0,-3.0,0.1579241156578064,0.3273686170578003,0.327423095703125,"[-0.45584413409233093, 0.5136112570762634, 0.9109592437744141, -0.8166162967681885, -0.491041362285614, -0.3329612910747528, 0.6677395105361938]","[0.1608167588710785, 0.19378991425037384, 0.04640740528702736, 0.08325575292110443, 0.0897652879357338, 0.18483395874500275, 0.7419329285621643]",0.049787066876888275,-3.0,-3.0,0.1869419664144516,0.28599679470062256,0.2864120602607727,0.32977980375289917,0.3299175202846527,"{""critic_optimizer_updates"": 2027, ""actor_optimizer_updates_0"": 27, ""actor_optimizer_updates_1"": 27, ""actor_optimizer_steps_total"": 54, ""alpha_optimizer_updates"": 27}",1.2312710285186768,0.8363098502159119,0.6460445523262024,1.4247312545776367,0.8980740904808044
E_no_entropy,28,0.29934942722320557,0.29958948493003845,"[0.7405529618263245, 0.3742673993110657, 0.8363860249519348, 0.24799461662769318, 0.08375763148069382, 0.757739245891571, 0.6650703549385071]","[0.09505128115415573, 0.18429987132549286, 0.07353105396032333, 0.14769716560840607, 0.13113722205162048, 0.1341390609741211, 0.7468082308769226]",0.049787066876888275,-3.0,-3.0,0.1579241156578064,0.3281223475933075,0.3281717300415039,"[-0.44947126507759094, 0.5114031434059143, 0.9142316579818726, -0.82453852891922, -0.49617287516593933, -0.31446611881256104, 0.6680197715759277]","[0.1625695824623108, 0.1952752023935318, 0.04504341632127762, 0.08076360076665878, 0.08907514810562134, 0.1861634999513626, 0.7414881587028503]",0.049787066876888275,-3.0,-3.0,0.1875000149011612,0.286764919757843,0.2871747612953186,0.3306226432323456,0.33076536655426025,"{""critic_optimizer_updates"": 2028, ""actor_optimizer_updates_0"": 28, ""actor_optimizer_updates_1"": 28, ""actor_optimizer_steps_total"": 56, ""alpha_optimizer_updates"": 28}",1.2852568626403809,0.8408003449440002,0.6438010931015015,1.4334568977355957,0.900566577911377
E_no_entropy,29,0.299675315618515,0.29991060495376587,"[0.7434021234512329, 0.36394232511520386, 0.8384629487991333, 0.2339015007019043, 0.08303773403167725, 0.7633806467056274, 0.6651937961578369]","[0.09478623420000076, 0.18465834856033325, 0.07308229058980942, 0.147286519408226, 0.12834420800209045, 0.13035087287425995, 0.7465454339981079]",0.049787066876888275,-3.0,-3.0,0.1607142984867096,0.3287152051925659,0.3287602663040161,"[-0.4422488212585449, 0.508445680141449, 0.917294442653656, -0.8319902420043945, -0.5020710229873657, -0.29499369859695435, 0.6684095859527588]","[0.16444283723831177, 0.1968819946050644, 0.04373820126056671, 0.078336700797081, 0.08843886107206345, 0.187757670879364, 0.740890383720398]",0.049787066876888275,-3.0,-3.0,0.1914062649011612,0.28731364011764526,0.2877170741558075,0.33130380511283875,0.3314558267593384,"{""critic_optimizer_updates"": 2029, ""actor_optimizer_updates_0"": 29, ""actor_optimizer_updates_1"": 29, ""actor_optimizer_steps_total"": 58, ""alpha_optimizer_updates"": 29}",1.3665987253189087,0.8360269069671631,0.6448975801467896,1.4323668479919434,0.8998383283615112
E_no_entropy,30,0.2997542917728424,0.2999834418296814,"[0.7458635568618774, 0.35291728377342224, 0.8402665853500366, 0.2193717658519745, 0.0832110121846199, 0.7685748338699341, 0.6653274297714233]","[0.09457217156887054, 0.18488113582134247, 0.07270198315382004, 0.14676356315612793, 0.12529249489307404, 0.12704576551914215, 0.7462611198425293]",0.049787066876888275,-3.0,-3.0,0.161272332072258,0.32904016971588135,0.3290804922580719,"[-0.43408524990081787, 0.504761815071106, 0.9201962947845459, -0.8390465974807739, -0.5078859925270081, -0.2745022177696228, 0.6687992215156555]","[0.16640791296958923, 0.1986100822687149, 0.04246897250413895, 0.07595987617969513, 0.08770569413900375, 0.18955688178539276, 0.7403098940849304]",0.049787066876888275,-3.0,-3.0,0.1947544664144516,0.28761741518974304,0.2880127429962158,0.3317306637763977,0.3318904936313629,"{""critic_optimizer_updates"": 2030, ""actor_optimizer_updates_0"": 30, ""actor_optimizer_updates_1"": 30, ""actor_optimizer_steps_total"": 60, ""alpha_optimizer_updates"": 30}",1.455869436264038,0.8284551501274109,0.6437881588935852,1.423764705657959,0.9003139138221741
E_no_entropy,31,0.2996695637702942,0.2998918294906616,"[0.7479665875434875, 0.34123602509498596, 0.8417974710464478, 0.20445464551448822, 0.08317508548498154, 0.7735785245895386, 0.6654633283615112]","[0.09440658986568451, 0.18496334552764893, 0.07239757478237152, 0.14610061049461365, 0.12218278646469116, 0.12389131635427475, 0.7459715008735657]",0.049787066876888275,-3.0,-3.0,0.1618303656578064,0.32919421792030334,0.3292296826839447,"[-0.4251285493373871, 0.5003891587257385, 0.922932505607605, -0.8457157611846924, -0.5137582421302795, -0.25324851274490356, 0.6691769361495972]","[0.16845835745334625, 0.20046654343605042, 0.04124826937913895, 0.07365326583385468, 0.0869811400771141, 0.19158275425434113, 0.739774227142334]",0.049787066876888275,-3.0,-3.0,0.200334832072258,0.2877368927001953,0.2881230115890503,0.33197399973869324,0.33213740587234497,"{""critic_optimizer_updates"": 2031, ""actor_optimizer_updates_0"": 31, ""actor_optimizer_updates_1"": 31, ""actor_optimizer_steps_total"": 62, ""alpha_optimizer_updates"": 31}",1.5353920459747314,0.812237024307251,0.6470686793327332,1.4093132019042969,0.8974668979644775
E_no_entropy,32,0.2994701862335205,0.2996847331523895,"[0.7497130632400513, 0.32900652289390564, 0.8430843353271484, 0.1893254816532135, 0.08694951981306076, 0.7782676219940186, 0.6656090617179871]","[0.09430139511823654, 0.1849154680967331, 0.07216275483369827, 0.14519956707954407, 0.11793927848339081, 0.12103709578514099, 0.7456614971160889]",0.049787066876888275,-3.0,-3.0,0.1629464328289032,0.3291196823120117,0.3291495442390442,"[-0.4154262840747833, 0.4953223466873169, 0.9255104064941406, -0.8520364165306091, -0.5190250873565674, -0.2314111292362213, 0.6695140600204468]","[0.17058812081813812, 0.20249079167842865, 0.040071215480566025, 0.07139905542135239, 0.08626968413591385, 0.19385437667369843, 0.7393108010292053]",0.049787066876888275,-3.0,-3.0,0.2025669664144516,0.28770557045936584,0.28808170557022095,0.3319835066795349,0.3321456015110016,"{""critic_optimizer_updates"": 2032, ""actor_optimizer_updates_0"": 32, ""actor_optimizer_updates_1"": 32, ""actor_optimizer_steps_total"": 64, ""alpha_optimizer_updates"": 32}",1.5989099740982056,0.7968873381614685,0.6541093587875366,1.3924963474273682,0.8918448686599731
E_no_entropy,33,0.2991279363632202,0.29933351278305054,"[0.751188337802887, 0.3163187503814697, 0.8441914319992065, 0.17387302219867706, 0.09000629931688309, 0.7826399803161621, 0.6658043265342712]","[0.09422954171895981, 0.184727281332016, 0.07196418195962906, 0.14410841464996338, 0.11378105729818344, 0.11853104829788208, 0.7452480792999268]",0.049787066876888275,-3.0,-3.0,0.1635044664144516,0.328967422246933,0.32899126410484314,"[-0.4048842489719391, 0.48970627784729004, 0.9279564619064331, -0.8580552339553833, -0.5242477059364319, -0.20952939987182617, 0.6698328852653503]","[0.1727876216173172, 0.2045988142490387, 0.038932494819164276, 0.06918813288211823, 0.08556883782148361, 0.19628997147083282, 0.7388865351676941]",0.049787066876888275,-3.0,-3.0,0.204241082072258,0.28754597902297974,0.2879107594490051,0.33192071318626404,0.3320809304714203,"{""critic_optimizer_updates"": 2033, ""actor_optimizer_updates_0"": 33, ""actor_optimizer_updates_1"": 33, ""actor_optimizer_steps_total"": 66, ""alpha_optimizer_updates"": 33}",1.6169402599334717,0.7783467769622803,0.6658685207366943,1.3751542568206787,0.8864767551422119
E_no_entropy,34,0.29869017004966736,0.29888638854026794,"[0.7523126602172852, 0.3032994270324707, 0.8450316190719604, 0.1588098704814911, 0.0926196500658989, 0.7867422103881836, 0.6660434007644653]","[0.0942656397819519, 0.1844608634710312, 0.07183942198753357, 0.14274175465106964, 0.10953181236982346, 0.11621679365634918, 0.7447431683540344]",0.049787066876888275,-3.0,-3.0,0.1635044664144516,0.32879653573036194,0.3288143575191498,"[-0.3939041197299957, 0.48356929421424866, 0.9302582144737244, -0.8637326955795288, -0.5290309190750122, -0.18856874108314514, 0.6702620983123779]","[0.17511655390262604, 0.20681941509246826, 0.03785093501210213, 0.06706827133893967, 0.08489387482404709, 0.19873376190662384, 0.7383196353912354]",0.049787066876888275,-3.0,-3.0,0.2053571492433548,0.2872856855392456,0.28763842582702637,0.33184218406677246,0.33200618624687195,"{""critic_optimizer_updates"": 2034, ""actor_optimizer_updates_0"": 34, ""actor_optimizer_updates_1"": 34, ""actor_optimizer_steps_total"": 68, ""alpha_optimizer_updates"": 34}",1.6142358779907227,0.762740969657898,0.6708018779754639,1.360515832901001,0.8861081004142761
E_no_entropy,35,0.2981744408607483,0.2983609735965729,"[0.753099799156189, 0.2900448739528656, 0.845588207244873, 0.14424914121627808, 0.09482121467590332, 0.790583074092865, 0.6663174629211426]","[0.09441067278385162, 0.1840272694826126, 0.07180510461330414, 0.14109700918197632, 0.1053558960556984, 0.11407610028982162, 0.7441665530204773]",0.049787066876888275,-3.0,-3.0,0.1640625,0.32848235964775085,0.3284933269023895,"[-0.3825094699859619, 0.4769830107688904, 0.9324182271957397, -0.8691087961196899, -0.5324952602386475, -0.16889597475528717, 0.6707487106323242]","[0.17753826081752777, 0.20911520719528198, 0.036818768829107285, 0.06502269953489304, 0.0843132734298706, 0.20113864541053772, 0.7377070188522339]",0.049787066876888275,-3.0,-3.0,0.2114955484867096,0.2869444489479065,0.2872849404811859,0.3316269516944885,0.331797331571579,"{""critic_optimizer_updates"": 2035, ""actor_optimizer_updates_0"": 35, ""actor_optimizer_updates_1"": 35, ""actor_optimizer_steps_total"": 70, ""alpha_optimizer_updates"": 35}",1.579271912574768,0.7490485310554504,0.6793132424354553,1.3486247062683105,0.8851945996284485
E_no_entropy,36,0.2975254952907562,0.2977018356323242,"[0.7535272836685181, 0.27704334259033203, 0.8458720445632935, 0.13097476959228516, 0.09506011009216309, 0.7939348220825195, 0.6666046977043152]","[0.09466552734375, 0.18343883752822876, 0.07186982780694962, 0.13912802934646606, 0.10140780359506607, 0.11235281080007553, 0.7435646057128906]",0.049787066876888275,-3.0,-3.0,0.1635044664144516,0.32813945412635803,0.32814282178878784,"[-0.370702862739563, 0.47002971172332764, 0.9344606399536133, -0.8741978406906128, -0.535224437713623, -0.1521826982498169, 0.6712402105331421]","[0.17997023463249207, 0.2114887684583664, 0.03582640364766121, 0.0630437359213829, 0.08377604931592941, 0.20336051285266876, 0.7371126413345337]",0.049787066876888275,-3.0,-3.0,0.2148437649011612,0.2864539325237274,0.28678104281425476,0.3313800096511841,0.33155640959739685,"{""critic_optimizer_updates"": 2036, ""actor_optimizer_updates_0"": 36, ""actor_optimizer_updates_1"": 36, ""actor_optimizer_steps_total"": 72, ""alpha_optimizer_updates"": 36}",1.548050045967102,0.7363049983978271,0.6855272054672241,1.339078664779663,0.8855693936347961
E_no_entropy,37,0.29688823223114014,0.29705438017845154,"[0.7536113858222961, 0.26410526037216187, 0.8457969427108765, 0.11994616687297821, 0.09640726447105408, 0.7970587015151978, 0.6669446229934692]","[0.09504405409097672, 0.18272991478443146, 0.07205551862716675, 0.1370166540145874, 0.09756572544574738, 0.11079706996679306, 0.7428560853004456]",0.049787066876888275,-3.0,-3.0,0.1623883992433548,0.3278008699417114,0.32779574394226074,"[-0.35862502455711365, 0.46339988708496094, 0.9363688230514526, -0.8789721727371216, -0.5371674299240112, -0.13883352279663086, 0.6716564893722534]","[0.18238700926303864, 0.21382009983062744, 0.03488893434405327, 0.06114261969923973, 0.08331184834241867, 0.20521360635757446, 0.736615002155304]",0.049787066876888275,-3.0,-3.0,0.2209821492433548,0.2859668731689453,0.2862812280654907,0.3311280608177185,0.3313085734844208,"{""critic_optimizer_updates"": 2037, ""actor_optimizer_updates_0"": 37, ""actor_optimizer_updates_1"": 37, ""actor_optimizer_steps_total"": 74, ""alpha_optimizer_updates"": 37}",1.5123341083526611,0.7241536378860474,0.6903020739555359,1.3204514980316162,0.8873352408409119
E_no_entropy,38,0.29617583751678467,0.29633161425590515,"[0.7534756660461426, 0.2515373229980469, 0.8454617857933044, 0.10981353372335434, 0.09585535526275635, 0.7999195456504822, 0.6673189997673035]","[0.09547075629234314, 0.18187734484672546, 0.07232218235731125, 0.1347164660692215, 0.09414365142583847, 0.10945753008127213, 0.7420806884765625]",0.049787066876888275,-3.0,-3.0,0.1623883992433548,0.32741299271583557,0.3273986876010895,"[-0.346560537815094, 0.4563557803630829, 0.9381795525550842, -0.8835098743438721, -0.538345217704773, -0.1281135529279709, 0.6722612977027893]","[0.18470102548599243, 0.21620874106884003, 0.033992744982242584, 0.05930522084236145, 0.08290966600179672, 0.20684902369976044, 0.73590087890625]",0.049787066876888275,-3.0,-3.0,0.2254464328289032,0.2854003310203552,0.28570136427879333,0.3308306634426117,0.33102187514305115,"{""critic_optimizer_updates"": 2038, ""actor_optimizer_updates_0"": 38, ""actor_optimizer_updates_1"": 38, ""actor_optimizer_steps_total"": 76, ""alpha_optimizer_updates"": 38}",1.4809002876281738,0.7106759548187256,0.6956154704093933,1.303715705871582,0.8886771202087402
E_no_entropy,39,0.2954249382019043,0.29557061195373535,"[0.7530821561813354, 0.23916585743427277, 0.844881534576416, 0.10088786482810974, 0.09437966346740723, 0.8025729656219482, 0.6678191423416138]","[0.09601465612649918, 0.18088467419147491, 0.0726637914776802, 0.13224190473556519, 0.09106452763080597, 0.10824695229530334, 0.7410532832145691]",0.049787066876888275,-3.0,-3.0,0.1623883992433548,0.326826274394989,0.32680201530456543,"[-0.3344268500804901, 0.4488818049430847, 0.9398874640464783, -0.8878246545791626, -0.5383089780807495, -0.1194014623761177, 0.6728196740150452]","[0.18698382377624512, 0.21869444847106934, 0.03314249962568283, 0.057526253163814545, 0.08268715441226959, 0.20832736790180206, 0.7352461218833923]",0.049787066876888275,-3.0,-3.0,0.2304687649011612,0.28480398654937744,0.2850920259952545,0.3303340673446655,0.3305339217185974,"{""critic_optimizer_updates"": 2039, ""actor_optimizer_updates_0"": 39, ""actor_optimizer_updates_1"": 39, ""actor_optimizer_steps_total"": 78, ""alpha_optimizer_updates"": 39}",1.4472352266311646,0.7073492407798767,0.6984978914260864,1.2990516424179077,0.8940088748931885
E_no_entropy,40,0.29461175203323364,0.2947479784488678,"[0.7524288296699524, 0.22772188484668732, 0.8440247774124146, 0.09311124682426453, 0.09048394858837128, 0.8049326539039612, 0.6684308052062988]","[0.0966443195939064, 0.1797960251569748, 0.07309318333864212, 0.12978225946426392, 0.08842098712921143, 0.10721667855978012, 0.7398078441619873]",0.049787066876888275,-3.0,-3.0,0.1635044664144516,0.32612624764442444,0.3260916471481323,"[-0.3223020136356354, 0.44106656312942505, 0.9414935111999512, -0.8919229507446289, -0.5375958681106567, -0.11155211925506592, 0.6733957529067993]","[0.18919561803340912, 0.22122739255428314, 0.03233680874109268, 0.05581144988536835, 0.08258961886167526, 0.20970429480075836, 0.734579861164093]",0.049787066876888275,-3.0,-3.0,0.2338169813156128,0.28414297103881836,0.2844187021255493,0.32972487807273865,0.32993388175964355,"{""critic_optimizer_updates"": 2040, ""actor_optimizer_updates_0"": 40, ""actor_optimizer_updates_1"": 40, ""actor_optimizer_steps_total"": 80, ""alpha_optimizer_updates"": 40}",1.4300639629364014,0.6946487426757812,0.7004578113555908,1.2757816314697266,0.8969438672065735
E_no_entropy,41,0.2937217354774475,0.29384860396385193,"[0.7515469193458557, 0.21677759289741516, 0.842911422252655, 0.08655057847499847, 0.08481244742870331, 0.806997537612915, 0.669131875038147]","[0.09733179956674576, 0.1785557121038437, 0.07361602783203125, 0.12751181423664093, 0.08666466176509857, 0.10641655325889587, 0.7383965849876404]",0.049787066876888275,-3.0,-3.0,0.1635044664144516,0.32535067200660706,0.32530510425567627,"[-0.30996426939964294, 0.4329879879951477, 0.943026065826416, -0.8958236575126648, -0.5366044044494629, -0.10585534572601318, 0.6738916039466858]","[0.1912631392478943, 0.22378361225128174, 0.031559985131025314, 0.054150838404893875, 0.08256300538778305, 0.2108217179775238, 0.7339980602264404]",0.049787066876888275,-3.0,-3.0,0.2360491156578064,0.28339847922325134,0.28366145491600037,0.32902786135673523,0.32924237847328186,"{""critic_optimizer_updates"": 2041, ""actor_optimizer_updates_0"": 41, ""actor_optimizer_updates_1"": 41, ""actor_optimizer_steps_total"": 82, ""alpha_optimizer_updates"": 41}",1.4008077383041382,0.6871204972267151,0.6960302591323853,1.2612088918685913,0.9016942381858826
E_no_entropy,42,0.29278627038002014,0.292903870344162,"[0.7504931092262268, 0.20610693097114563, 0.8415815830230713, 0.08017460256814957, 0.07756145298480988, 0.8089680075645447, 0.6698956489562988]","[0.09804580360651016, 0.1771707683801651, 0.07422316819429398, 0.12537391483783722, 0.0851253941655159, 0.1056801974773407, 0.7368758916854858]",0.049787066876888275,-3.0,-3.0,0.1629464328289032,0.32454270124435425,0.3244859278202057,"[-0.2972622513771057, 0.42465877532958984, 0.9445111751556396, -0.8995473384857178, -0.5356309413909912, -0.1013735979795456, 0.6744036674499512]","[0.19319264590740204, 0.22633512318134308, 0.03080771490931511, 0.05254310742020607, 0.08261705935001373, 0.2118164598941803, 0.7333922386169434]",0.049787066876888275,-3.0,-3.0,0.2399553656578064,0.2826095223426819,0.2828594446182251,0.3282994329929352,0.3285200297832489,"{""critic_optimizer_updates"": 2042, ""actor_optimizer_updates_0"": 42, ""actor_optimizer_updates_1"": 42, ""actor_optimizer_steps_total"": 84, ""alpha_optimizer_updates"": 42}",1.3927994966506958,0.6823902726173401,0.6890019774436951,1.2510035037994385,0.9064197540283203
E_no_entropy,43,0.2918347120285034,0.2919437289237976,"[0.7492357492446899, 0.19626060128211975, 0.8400086760520935, 0.07446977496147156, 0.06996045261621475, 0.8107293844223022, 0.6707393527030945]","[0.09883852303028107, 0.17569313943386078, 0.07492758333683014, 0.12326895445585251, 0.08386380225419998, 0.1050620973110199, 0.7352229356765747]",0.049787066876888275,-3.0,-3.0,0.1635044664144516,0.3235982656478882,0.3235299587249756,"[-0.2844572365283966, 0.4158739447593689, 0.945932149887085, -0.9030943512916565, -0.533968448638916, -0.09786239266395569, 0.6749563217163086]","[0.1949748396873474, 0.228924959897995, 0.030090173706412315, 0.05099247023463249, 0.08279599249362946, 0.21266308426856995, 0.7327197194099426]",0.049787066876888275,-3.0,-3.0,0.2455357313156128,0.2818062901496887,0.2820442318916321,0.32745397090911865,0.32768237590789795,"{""critic_optimizer_updates"": 2043, ""actor_optimizer_updates_0"": 43, ""actor_optimizer_updates_1"": 43, ""actor_optimizer_steps_total"": 86, ""alpha_optimizer_updates"": 43}",1.409307837486267,0.6678956151008606,0.6899628639221191,1.227287769317627,0.9079043865203857
E_no_entropy,44,0.29089388251304626,0.2909962236881256,"[0.7477056384086609, 0.18854311108589172, 0.8381549715995789, 0.07009872049093246, 0.06143651157617569, 0.8121503591537476, 0.6717605590820312]","[0.09974465519189835, 0.17420081794261932, 0.07572896033525467, 0.12110728025436401, 0.08281422406435013, 0.10459841787815094, 0.7332599759101868]",0.049787066876888275,-3.0,-3.0,0.1629464328289032,0.32263731956481934,0.32255756855010986,"[-0.2717767059803009, 0.40692323446273804, 0.9472857713699341, -0.906458854675293, -0.5320717096328735, -0.09563974291086197, 0.675545334815979]","[0.1966392993927002, 0.2314937859773636, 0.02940155379474163, 0.04949723556637764, 0.08306311070919037, 0.21334092319011688, 0.731985867023468]",0.049787066876888275,-3.0,-3.0,0.2477678656578064,0.28099507093429565,0.2812236249446869,0.3265819251537323,0.3268181085586548,"{""critic_optimizer_updates"": 2044, ""actor_optimizer_updates_0"": 44, ""actor_optimizer_updates_1"": 44, ""actor_optimizer_steps_total"": 88, ""alpha_optimizer_updates"": 44}",1.4519177675247192,0.649517297744751,0.6945687532424927,1.197643756866455,0.9076244235038757
E_no_entropy,45,0.2899567186832428,0.2900538146495819,"[0.7459664344787598, 0.18212924897670746, 0.8359920978546143, 0.06729121506214142, 0.05409669876098633, 0.8132842183113098, 0.6728907227516174]","[0.10072092711925507, 0.17269113659858704, 0.07663940638303757, 0.11914727091789246, 0.0818914994597435, 0.10428754985332489, 0.7311297059059143]",0.049787066876888275,-3.0,-3.0,0.1640625,0.32163873314857483,0.3215474486351013,"[-0.25942566990852356, 0.39783304929733276, 0.9485641717910767, -0.9096158146858215, -0.5295457243919373, -0.09679429978132248, 0.6762025952339172]","[0.19817322492599487, 0.23404560983181, 0.02874690108001232, 0.04807858169078827, 0.08340243250131607, 0.21362122893333435, 0.731165885925293]",0.049787066876888275,-3.0,-3.0,0.2488839328289032,0.2801714837551117,0.28039252758026123,0.3256463408470154,0.3258914351463318,"{""critic_optimizer_updates"": 2045, ""actor_optimizer_updates_0"": 45, ""actor_optimizer_updates_1"": 45, ""actor_optimizer_steps_total"": 90, ""alpha_optimizer_updates"": 45}",1.5008447170257568,0.6287808418273926,0.7062793374061584,1.170639157295227,0.904051661491394
E_no_entropy,46,0.2890384793281555,0.28913113474845886,"[0.7441691160202026, 0.1768343299627304, 0.8335959315299988, 0.06531515717506409, 0.04721147194504738, 0.8141992092132568, 0.6742950677871704]","[0.101666659116745, 0.17113657295703888, 0.07760881632566452, 0.11715753376483917, 0.08087367564439774, 0.10411018133163452, 0.7285454273223877]",0.049787066876888275,-3.0,-3.0,0.1646205484867096,0.3204459249973297,0.3203422725200653,"[-0.2468836009502411, 0.3885177969932556, 0.9497825503349304, -0.9126213788986206, -0.525939404964447, -0.09850617498159409, 0.6768157482147217]","[0.199550062417984, 0.2365114837884903, 0.028119388967752457, 0.04671509191393852, 0.0839037150144577, 0.21379491686820984, 0.7304048538208008]",0.049787066876888275,-3.0,-3.0,0.252232164144516,0.27936479449272156,0.2795797288417816,0.32449397444725037,0.32474613189697266,"{""critic_optimizer_updates"": 2046, ""actor_optimizer_updates_0"": 46, ""actor_optimizer_updates_1"": 46, ""actor_optimizer_steps_total"": 92, ""alpha_optimizer_updates"": 46}",1.551154613494873,0.6092226505279541,0.7097217440605164,1.1428179740905762,0.9025338888168335
E_no_entropy,47,0.288081556558609,0.2881709635257721,"[0.7422310709953308, 0.17277440428733826, 0.8308808207511902, 0.06445005536079407, 0.03923051059246063, 0.8148298263549805, 0.6757124662399292]","[0.10264468193054199, 0.16959483921527863, 0.0786951333284378, 0.11524676531553268, 0.08041764795780182, 0.10409903526306152, 0.7259941101074219]",0.049787066876888275,-3.0,-3.0,0.165178582072258,0.31907886266708374,0.3189619481563568,"[-0.2351837009191513, 0.37928903102874756, 0.9509391784667969, -0.9154922962188721, -0.5202571153640747, -0.1023547425866127, 0.677514374256134]","[0.2007157802581787, 0.23888912796974182, 0.02752002701163292, 0.04540412127971649, 0.08475816249847412, 0.21369235217571259, 0.7295366525650024]",0.049787066876888275,-3.0,-3.0,0.2566964328289032,0.2785067558288574,0.2787167429924011,0.32315942645072937,0.32341939210891724,"{""critic_optimizer_updates"": 2047, ""actor_optimizer_updates_0"": 47, ""actor_optimizer_updates_1"": 47, ""actor_optimizer_steps_total"": 94, ""alpha_optimizer_updates"": 47}",1.600571632385254,0.5880013108253479,0.7126992344856262,1.1134228706359863,0.900627851486206
E_no_entropy,48,0.2870413661003113,0.28712815046310425,"[0.7401998043060303, 0.1699841320514679, 0.8278475999832153, 0.06418605148792267, 0.030781619250774384, 0.8151350617408752, 0.6769031882286072]","[0.10361522436141968, 0.1681469827890396, 0.07989523559808731, 0.11354352533817291, 0.08015771210193634, 0.10427872836589813, 0.7238935232162476]",0.049787066876888275,-3.0,-3.0,0.165178582072258,0.3176535665988922,0.3175223469734192,"[-0.2234853357076645, 0.3703761696815491, 0.9520477056503296, -0.918250560760498, -0.5136983394622803, -0.10642971098423004, 0.678247332572937]","[0.2017456740140915, 0.2411390244960785, 0.026938319206237793, 0.0441281758248806, 0.08579369634389877, 0.21352672576904297, 0.7286125421524048]",0.049787066876888275,-3.0,-3.0,0.2589285969734192,0.2775212228298187,0.27772700786590576,0.3217519521713257,0.322019100189209,"{""critic_optimizer_updates"": 2048, ""actor_optimizer_updates_0"": 48, ""actor_optimizer_updates_1"": 48, ""actor_optimizer_steps_total"": 96, ""alpha_optimizer_updates"": 48}",1.6341421604156494,0.5752667784690857,0.7151387929916382,1.09078049659729,0.8992652893066406
E_no_entropy,49,0.28599363565444946,0.28607892990112305,"[0.7380462884902954, 0.16827216744422913, 0.8245158195495605, 0.06446722149848938, 0.022102244198322296, 0.8153132796287537, 0.6780878901481628]","[0.10461220890283585, 0.16676795482635498, 0.08119102567434311, 0.1119556799530983, 0.08027328550815582, 0.1045098826289177, 0.721841037273407]",0.049787066876888275,-3.0,-3.0,0.1646205484867096,0.3161410093307495,0.31599441170692444,"[-0.2120712399482727, 0.36172351241111755, 0.9531009197235107, -0.9208732843399048, -0.505767822265625, -0.11238767206668854, 0.6790454983711243]","[0.2026900351047516, 0.2432699054479599, 0.02637917548418045, 0.042902812361717224, 0.0870850458741188, 0.2130800485610962, 0.7276052236557007]",0.049787066876888275,-3.0,-3.0,0.2650669813156128,0.276517391204834,0.2767203450202942,0.3202339708805084,0.3205084800720215,"{""critic_optimizer_updates"": 2049, ""actor_optimizer_updates_0"": 49, ""actor_optimizer_updates_1"": 49, ""actor_optimizer_steps_total"": 98, ""alpha_optimizer_updates"": 49}",1.6456151008605957,0.5693888664245605,0.7245522737503052,1.0854671001434326,0.8970277905464172
E_no_entropy,50,0.2849345803260803,0.2850203514099121,"[0.7357296943664551, 0.16817671060562134, 0.8207947015762329, 0.06591332703828812, 0.01367985736578703, 0.815266489982605, 0.679244339466095]","[0.10567592084407806, 0.1654733270406723, 0.08261632174253464, 0.1105768084526062, 0.08102090656757355, 0.10486860573291779, 0.7198588252067566]",0.049787066876888275,-3.0,-3.0,0.1640625,0.31455880403518677,0.31439584493637085,"[-0.20128829777240753, 0.3537288308143616, 0.9540795087814331, -0.9233688116073608, -0.4959092140197754, -0.12013138830661774, 0.679986298084259]","[0.20350465178489685, 0.2452174723148346, 0.025855833664536476, 0.04172753542661667, 0.08878889679908752, 0.21231615543365479, 0.726424515247345]",0.049787066876888275,-3.0,-3.0,0.2712053656578064,0.2754956781864166,0.2756982147693634,0.31862252950668335,0.3189048171043396,"{""critic_optimizer_updates"": 2050, ""actor_optimizer_updates_0"": 50, ""actor_optimizer_updates_1"": 50, ""actor_optimizer_steps_total"": 100, ""alpha_optimizer_updates"": 50}",1.6409741640090942,0.5658429861068726,0.7274990081787109,1.0811935663223267,0.897153913974762
E_no_entropy,51,0.283924400806427,0.2840120792388916,"[0.7332570552825928, 0.16913479566574097, 0.8167994022369385, 0.06769822537899017, 0.004881300963461399, 0.8152061700820923, 0.6805643439292908]","[0.1068081483244896, 0.16421546041965485, 0.08411604911088943, 0.10930201411247253, 0.08215118944644928, 0.10520840436220169, 0.7176315188407898]",0.049787066876888275,-3.0,-3.0,0.1646205484867096,0.31285780668258667,0.3126765787601471,"[-0.19139684736728668, 0.34728795289993286, 0.9549940228462219, -0.9257608652114868, -0.48376739025115967, -0.1283104419708252, 0.6805675029754639]","[0.2042934149503708, 0.24687559902668, 0.025362703949213028, 0.04058792069554329, 0.09102320671081543, 0.21146993339061737, 0.7256845831871033]",0.049787066876888275,-3.0,-3.0,0.2751116156578064,0.2745289206504822,0.2747328281402588,0.3169013559818268,0.3171829581260681,"{""critic_optimizer_updates"": 2051, ""actor_optimizer_updates_0"": 51, ""actor_optimizer_updates_1"": 51, ""actor_optimizer_steps_total"": 102, ""alpha_optimizer_updates"": 51}",1.6300301551818848,0.5655061602592468,0.7279351949691772,1.0806599855422974,0.8971648216247559
E_no_entropy,52,0.28294306993484497,0.28303420543670654,"[0.7306703329086304, 0.1715717315673828, 0.8124662637710571, 0.07075744867324829, -0.004225896671414375, 0.8149645328521729, 0.6818972826004028]","[0.10797629505395889, 0.16304397583007812, 0.0857171043753624, 0.10833988338708878, 0.08374903351068497, 0.10563281923532486, 0.7154393792152405]",0.049787066876888275,-3.0,-3.0,0.165178582072258,0.31100842356681824,0.31080782413482666,"[-0.1823362112045288, 0.3409506678581238, 0.9558773040771484, -0.9280743598937988, -0.4695817530155182, -0.13545586168766022, 0.6811656951904297]","[0.20496833324432373, 0.24840480089187622, 0.024887558072805405, 0.039478011429309845, 0.09390674531459808, 0.21076709032058716, 0.7249490022659302]",0.049787066876888275,-3.0,-3.0,0.2779017984867096,0.27356991171836853,0.27377739548683167,0.315021812915802,0.3153005540370941,"{""critic_optimizer_updates"": 2052, ""actor_optimizer_updates_0"": 52, ""actor_optimizer_updates_1"": 52, ""actor_optimizer_steps_total"": 104, ""alpha_optimizer_updates"": 52}",1.5955252647399902,0.5726629495620728,0.7225059270858765,1.0917866230010986,0.9006291031837463
E_no_entropy,53,0.2820289134979248,0.2821251153945923,"[0.7280291318893433, 0.17516353726387024, 0.8078341484069824, 0.07450161874294281, -0.011374382302165031, 0.8146306276321411, 0.683556079864502]","[0.10918604582548141, 0.1620505452156067, 0.0873999372124672, 0.10761451721191406, 0.08479630202054977, 0.1060948371887207, 0.712749183177948]",0.049787066876888275,-3.0,-3.0,0.1646205484867096,0.30923518538475037,0.3090154230594635,"[-0.1738015115261078, 0.3349195420742035, 0.9567182660102844, -0.9302853345870972, -0.4550909996032715, -0.14211879670619965, 0.6817557215690613]","[0.20553918182849884, 0.2497742474079132, 0.024435177445411682, 0.03840978816151619, 0.09701228141784668, 0.2101217359304428, 0.7242464423179626]",0.049787066876888275,-3.0,-3.0,0.2818080484867096,0.2726677656173706,0.2728809118270874,0.3132081627845764,0.31348344683647156,"{""critic_optimizer_updates"": 2053, ""actor_optimizer_updates_0"": 53, ""actor_optimizer_updates_1"": 53, ""actor_optimizer_steps_total"": 106, ""alpha_optimizer_updates"": 53}",1.5597059726715088,0.5866700410842896,0.7178792953491211,1.1120777130126953,0.9031769037246704
E_no_entropy,54,0.28101593255996704,0.2811177968978882,"[0.7252172827720642, 0.1793813854455948, 0.8029208183288574, 0.07888175547122955, -0.017692770808935165, 0.8141077756881714, 0.6848547458648682]","[0.11044178903102875, 0.16118662059307098, 0.08917038887739182, 0.10710781812667847, 0.08640118688344955, 0.10664918273687363, 0.7106735110282898]",0.049787066876888275,-3.0,-3.0,0.1646205484867096,0.307807594537735,0.30757176876068115,"[-0.16830480098724365, 0.32881855964660645, 0.9575338363647461, -0.9323982000350952, -0.4418315291404724, -0.14844155311584473, 0.6822729110717773]","[0.20593340694904327, 0.25101304054260254, 0.02399604395031929, 0.03738502785563469, 0.09976925700902939, 0.20947468280792236, 0.7236547470092773]",0.049787066876888275,-3.0,-3.0,0.2857142984867096,0.2716490626335144,0.27186882495880127,0.31172990798950195,0.31200164556503296,"{""critic_optimizer_updates"": 2054, ""actor_optimizer_updates_0"": 54, ""actor_optimizer_updates_1"": 54, ""actor_optimizer_steps_total"": 108, ""alpha_optimizer_updates"": 54}",1.5360867977142334,0.5919439792633057,0.704436719417572,1.1139459609985352,0.9082330465316772
E_no_entropy,55,0.2799761891365051,0.2800847589969635,"[0.7223999500274658, 0.18435554206371307, 0.7978023290634155, 0.08327237516641617, -0.018747495487332344, 0.8135102987289429, 0.6862983703613281]","[0.11171118915081024, 0.1605365127325058, 0.09099709987640381, 0.10686436295509338, 0.08646199852228165, 0.10724544525146484, 0.7084197998046875]",0.049787066876888275,-3.0,-3.0,0.1629464328289032,0.30672016739845276,0.3064703345298767,"[-0.16260387003421783, 0.3226751685142517, 0.9583473205566406, -0.9344261884689331, -0.43113934993743896, -0.15554961562156677, 0.6827840209007263]","[0.20620097219944, 0.252123087644577, 0.02356087975203991, 0.03639458864927292, 0.10157416760921478, 0.20862571895122528, 0.7230956554412842]",0.049787066876888275,-3.0,-3.0,0.2940848469734192,0.2706058621406555,0.2708340883255005,0.31057679653167725,0.3108472228050232,"{""critic_optimizer_updates"": 2055, ""actor_optimizer_updates_0"": 55, ""actor_optimizer_updates_1"": 55, ""actor_optimizer_steps_total"": 110, ""alpha_optimizer_updates"": 55}",1.5248517990112305,0.5935170650482178,0.6981931924819946,1.112444281578064,0.9141155481338501
E_no_entropy,56,0.2790715992450714,0.2791881561279297,"[0.7195761203765869, 0.18990804255008698, 0.792426586151123, 0.08810366690158844, -0.020567016676068306, 0.8129896521568298, 0.6880832314491272]","[0.11299945414066315, 0.16010084748268127, 0.09288889169692993, 0.10690446197986603, 0.08682464808225632, 0.10778101533651352, 0.705668032169342]",0.049787066876888275,-3.0,-3.0,0.1629464328289032,0.3061789870262146,0.3059191107749939,"[-0.15644896030426025, 0.3166264593601227, 0.9591591954231262, -0.9363741278648376, -0.425331175327301, -0.1624910980463028, 0.6833164691925049]","[0.2063494622707367, 0.2530941367149353, 0.023130111396312714, 0.03543369472026825, 0.1012750118970871, 0.20768989622592926, 0.7225257158279419]",0.049787066876888275,-3.0,-3.0,0.299107164144516,0.2697017192840576,0.2699395716190338,0.3099517226219177,0.3102235794067383,"{""critic_optimizer_updates"": 2056, ""actor_optimizer_updates_0"": 56, ""actor_optimizer_updates_1"": 56, ""actor_optimizer_steps_total"": 112, ""alpha_optimizer_updates"": 56}",1.5183804035186768,0.597453773021698,0.6882076859474182,1.1145955324172974,0.9175756573677063
E_no_entropy,57,0.2781458795070648,0.2782709002494812,"[0.7167094945907593, 0.19570717215538025, 0.7867938876152039, 0.09237314015626907, -0.022068198770284653, 0.8125486969947815, 0.6897485256195068]","[0.11429612338542938, 0.1597529947757721, 0.0948605015873909, 0.10706544667482376, 0.08681923896074295, 0.10825583338737488, 0.703137993812561]",0.049787066876888275,-3.0,-3.0,0.1623883992433548,0.3059428930282593,0.3056754469871521,"[-0.14983388781547546, 0.31044983863830566, 0.9599714279174805, -0.9382572174072266, -0.42243069410324097, -0.16862067580223083, 0.6839867830276489]","[0.2063014805316925, 0.2538706064224243, 0.022701816633343697, 0.034498829394578934, 0.09981411695480347, 0.2068181037902832, 0.7218466401100159]",0.049787066876888275,-3.0,-3.0,0.3035714328289032,0.26876455545425415,0.2690126895904541,0.3096059560775757,0.3098820447921753,"{""critic_optimizer_updates"": 2057, ""actor_optimizer_updates_0"": 57, ""actor_optimizer_updates_1"": 57, ""actor_optimizer_steps_total"": 114, ""alpha_optimizer_updates"": 57}",1.5226967334747314,0.5922918915748596,0.686095118522644,1.102940559387207,0.9186906814575195
E_no_entropy,58,0.2772408723831177,0.27737489342689514,"[0.7137166261672974, 0.2018318623304367, 0.7809216380119324, 0.09625233709812164, -0.024984236806631088, 0.8120599985122681, 0.6915274858474731]","[0.1156521588563919, 0.15955480933189392, 0.0968954935669899, 0.1074003353714943, 0.08711682260036469, 0.10875657945871353, 0.7005105018615723]",0.049787066876888275,-3.0,-3.0,0.1618303656578064,0.30574092268943787,0.30546659231185913,"[-0.14254000782966614, 0.3043554127216339, 0.9607689380645752, -0.9400640726089478, -0.42067524790763855, -0.17391709983348846, 0.6845145225524902]","[0.2061765491962433, 0.25448983907699585, 0.022281669080257416, 0.03359604999423027, 0.09779875725507736, 0.20601500570774078, 0.721346914768219]",0.049787066876888275,-3.0,-3.0,0.3074776828289032,0.26784422993659973,0.2681032121181488,0.3093041777610779,0.3095821142196655,"{""critic_optimizer_updates"": 2058, ""actor_optimizer_updates_0"": 58, ""actor_optimizer_updates_1"": 58, ""actor_optimizer_steps_total"": 116, ""alpha_optimizer_updates"": 58}",1.521612286567688,0.5885231494903564,0.6884293556213379,1.0997447967529297,0.9180624485015869
E_no_entropy,59,0.2764209806919098,0.27656587958335876,"[0.7105971574783325, 0.20967566967010498, 0.774804949760437, 0.10004686564207077, -0.02923506870865822, 0.8114471435546875, 0.6933527588844299]","[0.11701513081789017, 0.1595299243927002, 0.09898994863033295, 0.10796358436346054, 0.08775462955236435, 0.10928695648908615, 0.6978644728660583]",0.049787066876888275,-3.0,-3.0,0.161272332072258,0.30567988753318787,0.3053995966911316,"[-0.13495022058486938, 0.2983051538467407, 0.9615609645843506, -0.9418106079101562, -0.4202599823474884, -0.1786496341228485, 0.68507981300354]","[0.2060064822435379, 0.25495511293411255, 0.021864594891667366, 0.03271634131669998, 0.09528268128633499, 0.20528462529182434, 0.720842182636261]",0.049787066876888275,-3.0,-3.0,0.3125,0.2669779062271118,0.2672496736049652,0.3091200590133667,0.3094005584716797,"{""critic_optimizer_updates"": 2059, ""actor_optimizer_updates_0"": 59, ""actor_optimizer_updates_1"": 59, ""actor_optimizer_steps_total"": 118, ""alpha_optimizer_updates"": 59}",1.5257441997528076,0.5854137539863586,0.6936962604522705,1.0948439836502075,0.9164009690284729
E_no_entropy,60,0.27567845582962036,0.2758351266384125,"[0.7073780298233032, 0.2179451882839203, 0.7684217691421509, 0.10351816564798355, -0.03587062656879425, 0.8109654188156128, 0.6951093673706055]","[0.11838780343532562, 0.15961210429668427, 0.10114390403032303, 0.1088031604886055, 0.08889870345592499, 0.10971041023731232, 0.6953505873680115]",0.049787066876888275,-3.0,-3.0,0.1607142984867096,0.30557647347450256,0.30528995394706726,"[-0.12708541750907898, 0.29243627190589905, 0.962333083152771, -0.9434933662414551, -0.41982781887054443, -0.18248504400253296, 0.6856069564819336]","[0.20579653978347778, 0.25526028871536255, 0.02145799994468689, 0.0318637490272522, 0.09245826303958893, 0.20467838644981384, 0.7204154133796692]",0.049787066876888275,-3.0,-3.0,0.3175223469734192,0.2661610245704651,0.26644641160964966,0.3088880181312561,0.30916959047317505,"{""critic_optimizer_updates"": 2060, ""actor_optimizer_updates_0"": 60, ""actor_optimizer_updates_1"": 60, ""actor_optimizer_steps_total"": 120, ""alpha_optimizer_updates"": 60}",1.5304689407348633,0.5819402933120728,0.694746196269989,1.092765212059021,0.9157585501670837
E_no_entropy,61,0.27489110827445984,0.2750598192214966,"[0.7040372490882874, 0.2263011336326599, 0.7616519331932068, 0.10659922659397125, -0.04445545747876167, 0.8104515075683594, 0.6966217756271362]","[0.11979223042726517, 0.15977683663368225, 0.10340972244739532, 0.10992556810379028, 0.09060787409543991, 0.11015210300683975, 0.6932177543640137]",0.049787066876888275,-3.0,-3.0,0.1595982164144516,0.3053070306777954,0.3050137460231781,"[-0.12028183788061142, 0.2871284782886505, 0.9630621671676636, -0.9451005458831787, -0.4179266691207886, -0.1851072609424591, 0.6860302686691284]","[0.2055273801088333, 0.2553597688674927, 0.0210737194865942, 0.03104809857904911, 0.08985328674316406, 0.2042720913887024, 0.7200964689254761]",0.049787066876888275,-3.0,-3.0,0.3231026828289032,0.26528236269950867,0.2655811905860901,0.3085121810436249,0.30879220366477966,"{""critic_optimizer_updates"": 2061, ""actor_optimizer_updates_0"": 61, ""actor_optimizer_updates_1"": 61, ""actor_optimizer_steps_total"": 122, ""alpha_optimizer_updates"": 61}",1.5485494136810303,0.5739949941635132,0.7034702897071838,1.0879337787628174,0.9119922518730164
E_no_entropy,62,0.27426815032958984,0.2744494378566742,"[0.7006871700286865, 0.2345731109380722, 0.7546137571334839, 0.10878296196460724, -0.05413943529129028, 0.8101201057434082, 0.6985982656478882]","[0.1211966872215271, 0.1599338799715042, 0.10571771115064621, 0.1112075224518776, 0.09257836639881134, 0.11049001663923264, 0.690441370010376]",0.049787066876888275,-3.0,-3.0,0.1590401828289032,0.30487218499183655,0.3045705556869507,"[-0.11300916969776154, 0.2820194363594055, 0.963776707649231, -0.9466381669044495, -0.41464290022850037, -0.18717849254608154, 0.6864910125732422]","[0.20522166788578033, 0.2552775740623474, 0.02069838158786297, 0.03026675246655941, 0.08784668147563934, 0.20400507748126984, 0.7197679877281189]",0.049787066876888275,-3.0,-3.0,0.330357164144516,0.264543741941452,0.2648560702800751,0.30796298384666443,0.30824023485183716,"{""critic_optimizer_updates"": 2062, ""actor_optimizer_updates_0"": 62, ""actor_optimizer_updates_1"": 62, ""actor_optimizer_steps_total"": 124, ""alpha_optimizer_updates"": 62}",1.563434362411499,0.5653805732727051,0.7114262580871582,1.084867000579834,0.9079538583755493
E_no_entropy,63,0.2737276256084442,0.2739219665527344,"[0.6972284913063049, 0.24280020594596863, 0.7471102476119995, 0.11080127209424973, -0.0652199238538742, 0.8099547028541565, 0.7006802558898926]","[0.12261254340410233, 0.1600855588912964, 0.10815154016017914, 0.11273909360170364, 0.09515205770730972, 0.11071209609508514, 0.6875386834144592]",0.049787066876888275,-3.0,-3.0,0.1590401828289032,0.3042169511318207,0.30390578508377075,"[-0.10681027173995972, 0.27728748321533203, 0.9644635915756226, -0.9481251239776611, -0.40902063250541687, -0.18873530626296997, 0.6869362592697144]","[0.20491260290145874, 0.25495854020118713, 0.020337559282779694, 0.029507771134376526, 0.0863698199391365, 0.20381417870521545, 0.7194618582725525]",0.049787066876888275,-3.0,-3.0,0.3337053656578064,0.2638571858406067,0.2641831934452057,0.3072056770324707,0.30747827887535095,"{""critic_optimizer_updates"": 2063, ""actor_optimizer_updates_0"": 63, ""actor_optimizer_updates_1"": 63, ""actor_optimizer_steps_total"": 126, ""alpha_optimizer_updates"": 63}",1.5828514099121094,0.5531994104385376,0.7320874333381653,1.0776362419128418,0.9005881547927856
E_no_entropy,64,0.2733081579208374,0.27351632714271545,"[0.693649411201477, 0.25116729736328125, 0.7392085790634155, 0.11246782541275024, -0.07810790836811066, 0.809796929359436, 0.7029483318328857]","[0.12407562136650085, 0.16032452881336212, 0.11066760122776031, 0.11451888829469681, 0.09845934063196182, 0.11092504858970642, 0.6844393014907837]",0.049787066876888275,-3.0,-3.0,0.1590401828289032,0.3032089173793793,0.3028847277164459,"[-0.10023190081119537, 0.273760586977005, 0.9651153683662415, -0.9495440721511841, -0.39996206760406494, -0.19026751816272736, 0.6872713565826416]","[0.20459358394145966, 0.25444069504737854, 0.01999603770673275, 0.02878284454345703, 0.08553332090377808, 0.20363865792751312, 0.719233512878418]",0.049787066876888275,-3.0,-3.0,0.338169664144516,0.2632814645767212,0.2636215090751648,0.3061315715312958,0.3063957393169403,"{""critic_optimizer_updates"": 2064, ""actor_optimizer_updates_0"": 64, ""actor_optimizer_updates_1"": 64, ""actor_optimizer_steps_total"": 128, ""alpha_optimizer_updates"": 64}",1.6032662391662598,0.5433003902435303,0.7414565086364746,1.0702686309814453,0.8961712121963501
E_no_entropy,65,0.27302759885787964,0.27325010299682617,"[0.6899436712265015, 0.2595958709716797, 0.7308987379074097, 0.11384859681129456, -0.09367518126964569, 0.8095901608467102, 0.705340564250946]","[0.12561173737049103, 0.1606331616640091, 0.11327988654375076, 0.11647984385490417, 0.10252983868122101, 0.11117632687091827, 0.6812073588371277]",0.049787066876888275,-3.0,-3.0,0.1584821492433548,0.3019615709781647,0.30162227153778076,"[-0.09430357813835144, 0.2711271047592163, 0.9657309055328369, -0.9509090781211853, -0.3877919912338257, -0.19061052799224854, 0.6877273321151733]","[0.20427685976028442, 0.2537420094013214, 0.01967313140630722, 0.028084522113204002, 0.08513069152832031, 0.20367634296417236, 0.7189302444458008]",0.049787066876888275,-3.0,-3.0,0.3404017984867096,0.26283785700798035,0.2631920874118805,0.304805189371109,0.3050593435764313,"{""critic_optimizer_updates"": 2065, ""actor_optimizer_updates_0"": 65, ""actor_optimizer_updates_1"": 65, ""actor_optimizer_steps_total"": 130, ""alpha_optimizer_updates"": 65}",1.623465895652771,0.5364114046096802,0.7504048943519592,1.0654711723327637,0.8929356336593628
E_no_entropy,66,0.27274569869041443,0.2729825973510742,"[0.6861958503723145, 0.26780298352241516, 0.722083568572998, 0.11504566669464111, -0.1090579554438591, 0.8094784021377563, 0.7076754570007324]","[0.1271112859249115, 0.16094841063022614, 0.11599118262529373, 0.11863746494054794, 0.10637771338224411, 0.11136702448129654, 0.6780032515525818]",0.049787066876888275,-3.0,-3.0,0.1584821492433548,0.30041518807411194,0.3000571131706238,"[-0.08807133138179779, 0.2687569856643677, 0.9663394689559937, -0.952239453792572, -0.3719547390937805, -0.19078472256660461, 0.6882818937301636]","[0.20395128428936005, 0.2529139816761017, 0.019351670518517494, 0.027400732040405273, 0.08560820668935776, 0.20375780761241913, 0.7185871005058289]",0.049787066876888275,-3.0,-3.0,0.3431919813156128,0.26238054037094116,0.26274919509887695,0.3031608462333679,0.3034029006958008,"{""critic_optimizer_updates"": 2066, ""actor_optimizer_updates_0"": 66, ""actor_optimizer_updates_1"": 66, ""actor_optimizer_steps_total"": 132, ""alpha_optimizer_updates"": 66}",1.6392996311187744,0.5280500650405884,0.7525733113288879,1.0555627346038818,0.8899375200271606
E_no_entropy,67,0.27289819717407227,0.2731505334377289,"[0.6825201511383057, 0.2756539285182953, 0.7126617431640625, 0.11627894639968872, -0.1251215636730194, 0.809656023979187, 0.7112167477607727]","[0.12863095104694366, 0.1613284796476364, 0.11882386356592178, 0.12086401879787445, 0.11054722964763641, 0.11137767136096954, 0.6732810139656067]",0.049787066876888275,-3.0,-3.0,0.1579241156578064,0.29875317215919495,0.29837310314178467,"[-0.08280281722545624, 0.2691114544868469, 0.9669077396392822, -0.9535014629364014, -0.3519360423088074, -0.18967217206954956, 0.688926100730896]","[0.20378415286540985, 0.2519057095050812, 0.019048796966671944, 0.026746992021799088, 0.08688315004110336, 0.204100102186203, 0.7182004451751709]",0.049787066876888275,-3.0,-3.0,0.3443080484867096,0.2622458338737488,0.26263001561164856,0.30140939354896545,0.3016365170478821,"{""critic_optimizer_updates"": 2067, ""actor_optimizer_updates_0"": 67, ""actor_optimizer_updates_1"": 67, ""actor_optimizer_steps_total"": 134, ""alpha_optimizer_updates"": 67}",1.650052785873413,0.5243613719940186,0.7543694376945496,1.0514907836914062,0.8900354504585266
E_no_entropy,68,0.2732834219932556,0.2735522389411926,"[0.6788429021835327, 0.2836158275604248, 0.702751874923706, 0.11752782762050629, -0.14061442017555237, 0.809870719909668, 0.7153372168540955]","[0.1301916092634201, 0.161807581782341, 0.12174109369516373, 0.12324143946170807, 0.11491289734840393, 0.111359603703022, 0.6679044365882874]",0.049787066876888275,-3.0,-3.0,0.1579241156578064,0.297046035528183,0.2966422438621521,"[-0.07817045599222183, 0.2702391743659973, 0.9674468636512756, -0.9547128677368164, -0.32986980676651, -0.18908435106277466, 0.6894084215164185]","[0.20365770161151886, 0.2507525384426117, 0.018761569634079933, 0.02611817978322506, 0.08839691430330276, 0.20434311032295227, 0.7179616689682007]",0.049787066876888275,-3.0,-3.0,0.3493303656578064,0.2622942328453064,0.26269540190696716,0.29963672161102295,0.2998459041118622,"{""critic_optimizer_updates"": 2068, ""actor_optimizer_updates_0"": 68, ""actor_optimizer_updates_1"": 68, ""actor_optimizer_steps_total"": 136, ""alpha_optimizer_updates"": 68}",1.6623413562774658,0.5225192308425903,0.7517173290252686,1.0433189868927002,0.8919792771339417
E_no_entropy,69,0.27369290590286255,0.273978054523468,"[0.6751326322555542, 0.29126250743865967, 0.6923837065696716, 0.11815840005874634, -0.15533100068569183, 0.8099972009658813, 0.7197450399398804]","[0.13174176216125488, 0.16226738691329956, 0.12475783377885818, 0.12557503581047058, 0.11865660548210144, 0.11144217103719711, 0.6622728109359741]",0.049787066876888275,-3.0,-3.0,0.1579241156578064,0.29546886682510376,0.29504069685935974,"[-0.07370492070913315, 0.2711832523345947, 0.9679850339889526, -0.9558874368667603, -0.3070544898509979, -0.18963316082954407, 0.6899813413619995]","[0.20349295437335968, 0.2495831400156021, 0.01847613789141178, 0.025506729260087013, 0.09015560895204544, 0.2044343799352646, 0.7176543474197388]",0.049787066876888275,-3.0,-3.0,0.3526785969734192,0.26236778497695923,0.2627856433391571,0.2979782223701477,0.2981705069541931,"{""critic_optimizer_updates"": 2069, ""actor_optimizer_updates_0"": 69, ""actor_optimizer_updates_1"": 69, ""actor_optimizer_steps_total"": 138, ""alpha_optimizer_updates"": 69}",1.666318655014038,0.5196629166603088,0.7482877969741821,1.034428596496582,0.8944148421287537
E_no_entropy,70,0.2737044095993042,0.2740062475204468,"[0.6713299751281738, 0.2989044785499573, 0.6813972592353821, 0.11888936161994934, -0.16847026348114014, 0.8098934888839722, 0.7230438590049744]","[0.13326042890548706, 0.16274070739746094, 0.1279289722442627, 0.12809935212135315, 0.12218214571475983, 0.11164356768131256, 0.6580670475959778]",0.049787066876888275,-3.0,-3.0,0.1579241156578064,0.29426515102386475,0.29381322860717773,"[-0.06981087476015091, 0.2731771171092987, 0.9685006141662598, -0.9570013284683228, -0.28548601269721985, -0.19167770445346832, 0.6905002593994141]","[0.2033514529466629, 0.2484063357114792, 0.018203580752015114, 0.024924512952566147, 0.09153728932142258, 0.20426109433174133, 0.7173740267753601]",0.049787066876888275,-3.0,-3.0,0.3560267984867096,0.2620859742164612,0.26252079010009766,0.29669779539108276,0.296873539686203,"{""critic_optimizer_updates"": 2070, ""actor_optimizer_updates_0"": 70, ""actor_optimizer_updates_1"": 70, ""actor_optimizer_steps_total"": 140, ""alpha_optimizer_updates"": 70}",1.666488766670227,0.514243483543396,0.7470259070396423,1.0249806642532349,0.8947905898094177
E_no_entropy,71,0.2732919156551361,0.27361148595809937,"[0.6673732995986938, 0.3066815733909607, 0.6696630120277405, 0.12031403183937073, -0.1800433248281479, 0.8095264434814453, 0.7252840399742126]","[0.1348092406988144, 0.16322456300258636, 0.1312902718782425, 0.13043594360351562, 0.12566347420215607, 0.1119927391409874, 0.6551676392555237]",0.049787066876888275,-3.0,-3.0,0.157366082072258,0.29328376054763794,0.29280945658683777,"[-0.06669732928276062, 0.2753192186355591, 0.9689960479736328, -0.9580582976341248, -0.2648438513278961, -0.19545604288578033, 0.6908512115478516]","[0.20340465009212494, 0.24722008407115936, 0.01794254779815674, 0.02436896227300167, 0.09241397678852081, 0.20378069579601288, 0.7171915173530579]",0.049787066876888275,-3.0,-3.0,0.3593750298023224,0.2614635229110718,0.26191672682762146,0.2956660985946655,0.2958248257637024,"{""critic_optimizer_updates"": 2071, ""actor_optimizer_updates_0"": 71, ""actor_optimizer_updates_1"": 71, ""actor_optimizer_steps_total"": 142, ""alpha_optimizer_updates"": 71}",1.6737749576568604,0.5063264966011047,0.7400292158126831,1.008185625076294,0.897392988204956
E_no_entropy,72,0.27234748005867004,0.2726849913597107,"[0.6633530855178833, 0.3143301010131836, 0.6573697924613953, 0.12144549936056137, -0.1892472803592682, 0.8089880347251892, 0.7264305949211121]","[0.13630205392837524, 0.16368792951107025, 0.13476336002349854, 0.13263832032680511, 0.12853582203388214, 0.11243702471256256, 0.6534897685050964]",0.049787066876888275,-3.0,-3.0,0.157366082072258,0.2926417887210846,0.29214832186698914,"[-0.0635615661740303, 0.27679920196533203, 0.9694949388504028, -0.9590718746185303, -0.24777564406394958, -0.2005806714296341, 0.6912062764167786]","[0.203478142619133, 0.2460346519947052, 0.017681265249848366, 0.02383430115878582, 0.09226527065038681, 0.20302335917949677, 0.7169949412345886]",0.049787066876888275,-3.0,-3.0,0.361607164144516,0.26034629344940186,0.2608184814453125,0.29496949911117554,0.29511457681655884,"{""critic_optimizer_updates"": 2072, ""actor_optimizer_updates_0"": 72, ""actor_optimizer_updates_1"": 72, ""actor_optimizer_steps_total"": 144, ""alpha_optimizer_updates"": 72}",1.6737463474273682,0.49779853224754333,0.7352539896965027,0.9914746284484863,0.9007365703582764
E_no_entropy,73,0.2711194157600403,0.2714749872684479,"[0.659254252910614, 0.3214702010154724, 0.6445777416229248, 0.12135788798332214, -0.19588777422904968, 0.8084964752197266, 0.7274805307388306]","[0.13777579367160797, 0.1641022264957428, 0.1383221447467804, 0.13473613560199738, 0.13028904795646667, 0.11284245550632477, 0.651908278465271]",0.049787066876888275,-3.0,-3.0,0.157366082072258,0.2921794652938843,0.29166799783706665,"[-0.05895614996552467, 0.27706146240234375, 0.9700198173522949, -0.9600570201873779, -0.233231782913208, -0.20657500624656677, 0.6916313171386719]","[0.2034207135438919, 0.24496130645275116, 0.017407426610589027, 0.023310726508498192, 0.0918220728635788, 0.2021636962890625, 0.7167668342590332]",0.049787066876888275,-3.0,-3.0,0.3643973469734192,0.2589682936668396,0.2594600319862366,0.29444047808647156,0.2945742607116699,"{""critic_optimizer_updates"": 2073, ""actor_optimizer_updates_0"": 73, ""actor_optimizer_updates_1"": 73, ""actor_optimizer_steps_total"": 146, ""alpha_optimizer_updates"": 73}",1.665818214416504,0.4964011311531067,0.7153976559638977,0.9823383092880249,0.9076455235481262
E_no_entropy,74,0.26973941922187805,0.270113468170166,"[0.6550912857055664, 0.3283369243144989, 0.6312251687049866, 0.12117817252874374, -0.19965119659900665, 0.8078938722610474, 0.7288650870323181]","[0.1392330825328827, 0.16458436846733093, 0.14199936389923096, 0.13689306378364563, 0.131035715341568, 0.11333216726779938, 0.6500340104103088]",0.049787066876888275,-3.0,-3.0,0.1568080484867096,0.2920582890510559,0.2915307581424713,"[-0.053992100059986115, 0.27857691049575806, 0.9705430269241333, -0.9610031247138977, -0.22149868309497833, -0.2117917239665985, 0.6921751499176025]","[0.20322395861148834, 0.24386678636074066, 0.017135966569185257, 0.022804822772741318, 0.09094339609146118, 0.20139656960964203, 0.7164446711540222]",0.049787066876888275,-3.0,-3.0,0.3671875298023224,0.2574240267276764,0.2579359710216522,0.2942434251308441,0.29436787962913513,"{""critic_optimizer_updates"": 2074, ""actor_optimizer_updates_0"": 74, ""actor_optimizer_updates_1"": 74, ""actor_optimizer_steps_total"": 148, ""alpha_optimizer_updates"": 74}",1.6487535238265991,0.4984809160232544,0.7117569446563721,0.9825325012207031,0.911760151386261
E_no_entropy,75,0.2684780955314636,0.26887068152427673,"[0.6508526802062988, 0.33494797348976135, 0.6175796389579773, 0.12066997587680817, -0.20533578097820282, 0.8072245121002197, 0.7302980422973633]","[0.14066694676876068, 0.16510143876075745, 0.14571242034435272, 0.13919785618782043, 0.13186685740947723, 0.11388561129570007, 0.6481311917304993]",0.049787066876888275,-3.0,-3.0,0.15625,0.2921522557735443,0.29161205887794495,"[-0.047439344227313995, 0.27914106845855713, 0.9710729122161865, -0.9619156122207642, -0.21498344838619232, -0.21800175309181213, 0.6925588846206665]","[0.20291092991828918, 0.2428693175315857, 0.016859037801623344, 0.022313514724373817, 0.08904849737882614, 0.20043781399726868, 0.7162173390388489]",0.049787066876888275,-3.0,-3.0,0.3688616156578064,0.25601014494895935,0.2565418779850006,0.2942831218242645,0.2944009304046631,"{""critic_optimizer_updates"": 2075, ""actor_optimizer_updates_0"": 75, ""actor_optimizer_updates_1"": 75, ""actor_optimizer_steps_total"": 150, ""alpha_optimizer_updates"": 75}",1.6263618469238281,0.5012420415878296,0.7003169059753418,0.9831576347351074,0.9155245423316956
E_no_entropy,76,0.2673732042312622,0.2677842974662781,"[0.6464664936065674, 0.34114906191825867, 0.6036057472229004, 0.12053665518760681, -0.21376626193523407, 0.8065938949584961, 0.7315652370452881]","[0.1420474350452423, 0.16560344398021698, 0.14945964515209198, 0.14140425622463226, 0.13306917250156403, 0.11439163982868195, 0.6465219259262085]",0.049787066876888275,-3.0,-3.0,0.15625,0.2924642264842987,0.29191550612449646,"[-0.0404680073261261, 0.2784888744354248, 0.9716073274612427, -0.9627877473831177, -0.21316196024417877, -0.2251254916191101, 0.6928345561027527]","[0.2026146799325943, 0.24198119342327118, 0.01657741330564022, 0.02184137888252735, 0.08691930025815964, 0.199342742562294, 0.7160667181015015]",0.049787066876888275,-3.0,-3.0,0.3738839328289032,0.25473305583000183,0.25528445839881897,0.2945478558540344,0.29466259479522705,"{""critic_optimizer_updates"": 2076, ""actor_optimizer_updates_0"": 76, ""actor_optimizer_updates_1"": 76, ""actor_optimizer_steps_total"": 152, ""alpha_optimizer_updates"": 76}",1.6123883724212646,0.5013326406478882,0.6983951330184937,0.982003927230835,0.9161487817764282
E_no_entropy,77,0.26599040627479553,0.2664199471473694,"[0.6420241594314575, 0.3469300866127014, 0.5891220569610596, 0.12016184628009796, -0.22070637345314026, 0.8058187961578369, 0.7324565649032593]","[0.14338281750679016, 0.16610395908355713, 0.15330003201961517, 0.14351466298103333, 0.13407975435256958, 0.11498811095952988, 0.6453626155853271]",0.049787066876888275,-3.0,-3.0,0.15625,0.29304489493370056,0.2924903631210327,"[-0.03294088691473007, 0.277854323387146, 0.9721457958221436, -0.9636304378509521, -0.21451687812805176, -0.2332703024148941, 0.6931014060974121]","[0.202216237783432, 0.24114511907100677, 0.01629205234348774, 0.021382395178079605, 0.08510862290859222, 0.19806785881519318, 0.7159140706062317]",0.049787066876888275,-3.0,-3.0,0.3766741156578064,0.2532026171684265,0.25377362966537476,0.29508939385414124,0.2952045202255249,"{""critic_optimizer_updates"": 2077, ""actor_optimizer_updates_0"": 77, ""actor_optimizer_updates_1"": 77, ""actor_optimizer_steps_total"": 154, ""alpha_optimizer_updates"": 77}",1.5990464687347412,0.5004785656929016,0.6983943581581116,0.9806859493255615,0.916297197341919
E_no_entropy,78,0.2645079791545868,0.2649567127227783,"[0.6375906467437744, 0.35268422961235046, 0.574123740196228, 0.12000913918018341, -0.22528354823589325, 0.8049001693725586, 0.7335986495018005]","[0.14464974403381348, 0.16666515171527863, 0.1571977734565735, 0.14561738073825836, 0.13487620651721954, 0.11568400263786316, 0.6439619660377502]",0.049787066876888275,-3.0,-3.0,0.1551339328289032,0.2937290370464325,0.2931698262691498,"[-0.025776732712984085, 0.2767902612686157, 0.9726777672767639, -0.9644424915313721, -0.21710975468158722, -0.24176275730133057, 0.6933879256248474]","[0.20179909467697144, 0.24034664034843445, 0.016009317710995674, 0.020938564091920853, 0.0837130919098854, 0.19671793282032013, 0.7157272100448608]",0.049787066876888275,-3.0,-3.0,0.3794642984867096,0.2516053318977356,0.2521969974040985,0.29572969675064087,0.29584628343582153,"{""critic_optimizer_updates"": 2078, ""actor_optimizer_updates_0"": 78, ""actor_optimizer_updates_1"": 78, ""actor_optimizer_steps_total"": 156, ""alpha_optimizer_updates"": 78}",1.5810176134109497,0.4978562295436859,0.7070740461349487,0.985505998134613,0.9139107465744019
E_no_entropy,79,0.2625446319580078,0.26301246881484985,"[0.6331092119216919, 0.35801246762275696, 0.5582919120788574, 0.11981433629989624, -0.23002757132053375, 0.8038192987442017, 0.7334697246551514]","[0.14582279324531555, 0.16718533635139465, 0.16131065785884857, 0.1475936770439148, 0.1359264850616455, 0.11647960543632507, 0.6439155340194702]",0.049787066876888275,-3.0,-3.0,0.1540178656578064,0.29435697197914124,0.29379260540008545,"[-0.017912879586219788, 0.27522099018096924, 0.9732099771499634, -0.9652396440505981, -0.21983963251113892, -0.2500786781311035, 0.69354248046875]","[0.20124877989292145, 0.23953908681869507, 0.015726426616311073, 0.020501626655459404, 0.08302277326583862, 0.19533690810203552, 0.715625524520874]",0.049787066876888275,-3.0,-3.0,0.3833705484867096,0.24961817264556885,0.2502304017543793,0.29633164405822754,0.2964479923248291,"{""critic_optimizer_updates"": 2079, ""actor_optimizer_updates_0"": 79, ""actor_optimizer_updates_1"": 79, ""actor_optimizer_steps_total"": 158, ""alpha_optimizer_updates"": 79}",1.5753823518753052,0.4944155812263489,0.7147424221038818,0.9876658320426941,0.9105188846588135
E_no_entropy,80,0.26023420691490173,0.2607216536998749,"[0.6286402344703674, 0.3634590804576874, 0.5417945384979248, 0.11990144848823547, -0.23421669006347656, 0.8023697137832642, 0.7324641942977905]","[0.14695978164672852, 0.16774117946624756, 0.16560907661914825, 0.14958758652210236, 0.13702964782714844, 0.11755074560642242, 0.6448392271995544]",0.049787066876888275,-3.0,-3.0,0.1540178656578064,0.29506510496139526,0.2944975793361664,"[-0.009732908569276333, 0.27333977818489075, 0.9737290143966675, -0.9660035967826843, -0.22482457756996155, -0.258023202419281, 0.6934972405433655]","[0.20059818029403687, 0.2387959212064743, 0.015449079684913158, 0.02008156292140484, 0.08289121091365814, 0.1940397173166275, 0.7156876921653748]",0.049787066876888275,-3.0,-3.0,0.3856026828289032,0.2473471611738205,0.24798017740249634,0.2970265746116638,0.2971428632736206,"{""critic_optimizer_updates"": 2080, ""actor_optimizer_updates_0"": 80, ""actor_optimizer_updates_1"": 80, ""actor_optimizer_steps_total"": 160, ""alpha_optimizer_updates"": 80}",1.5723552703857422,0.49146419763565063,0.722629189491272,0.9910141229629517,0.9081883430480957
E_no_entropy,81,0.25779375433921814,0.25830069184303284,"[0.6241288185119629, 0.36851680278778076, 0.5247899889945984, 0.1201850175857544, -0.23769614100456238, 0.8007896542549133, 0.7312884330749512]","[0.14800113439559937, 0.16836176812648773, 0.17000962793827057, 0.15161508321762085, 0.13862746953964233, 0.11876300722360611, 0.6459339261054993]",0.049787066876888275,-3.0,-3.0,0.1540178656578064,0.29562607407569885,0.29505273699760437,"[-0.0010007279925048351, 0.2710071802139282, 0.9742465019226074, -0.9667588472366333, -0.22785237431526184, -0.2658388614654541, 0.6933372020721436]","[0.19988124072551727, 0.23806792497634888, 0.015170834958553314, 0.019664783030748367, 0.0840383768081665, 0.19277265667915344, 0.7158260941505432]",0.049787066876888275,-3.0,-3.0,0.3867187798023224,0.2450219988822937,0.24567575752735138,0.2975947856903076,0.29770785570144653,"{""critic_optimizer_updates"": 2081, ""actor_optimizer_updates_0"": 81, ""actor_optimizer_updates_1"": 81, ""actor_optimizer_steps_total"": 162, ""alpha_optimizer_updates"": 81}",1.5917772054672241,0.4828941226005554,0.746006429195404,0.98713219165802,0.8999238014221191
E_no_entropy,82,0.25512170791625977,0.2556484639644623,"[0.6195902824401855, 0.3730229139328003, 0.5069440603256226, 0.1206766813993454, -0.24079543352127075, 0.7991724014282227, 0.7295886278152466]","[0.14904867112636566, 0.16900722682476044, 0.1746332347393036, 0.15339048206806183, 0.1401934027671814, 0.1200457438826561, 0.6476265788078308]",0.049787066876888275,-3.0,-3.0,0.1529017984867096,0.29618823528289795,0.2956109941005707,"[0.007104503456503153, 0.2684817314147949, 0.9747611284255981, -0.9674948453903198, -0.23135894536972046, -0.2723613977432251, 0.6932284832000732]","[0.19917182624340057, 0.23741650581359863, 0.014893527142703533, 0.019257942214608192, 0.08500494807958603, 0.19172687828540802, 0.7159251570701599]",0.049787066876888275,-3.0,-3.0,0.3900669813156128,0.2425549477338791,0.24323038756847382,0.2981525659561157,0.2982640266418457,"{""critic_optimizer_updates"": 2082, ""actor_optimizer_updates_0"": 82, ""actor_optimizer_updates_1"": 82, ""actor_optimizer_steps_total"": 164, ""alpha_optimizer_updates"": 82}",1.6083691120147705,0.4791501462459564,0.7559646964073181,0.9906702637672424,0.8935127258300781
E_no_entropy,83,0.2525614798069,0.2531087398529053,"[0.6152699589729309, 0.37688323855400085, 0.4880550503730774, 0.12089873105287552, -0.2423841953277588, 0.7978579998016357, 0.7285152077674866]","[0.14996472001075745, 0.16956152021884918, 0.1794663965702057, 0.15511809289455414, 0.1410561054944992, 0.12113450467586517, 0.6487309336662292]",0.049787066876888275,-3.0,-3.0,0.15234375,0.2965826988220215,0.29600048065185547,"[0.015517234802246094, 0.2654859721660614, 0.9752721190452576, -0.9682176113128662, -0.23336781561374664, -0.27768611907958984, 0.6931811571121216]","[0.19839678704738617, 0.2367224246263504, 0.014618919230997562, 0.018859433010220528, 0.08566199988126755, 0.19090072810649872, 0.7159759998321533]",0.049787066876888275,-3.0,-3.0,0.3950892984867096,0.2401617020368576,0.24086013436317444,0.2985459566116333,0.29865556955337524,"{""critic_optimizer_updates"": 2083, ""actor_optimizer_updates_0"": 83, ""actor_optimizer_updates_1"": 83, ""actor_optimizer_steps_total"": 166, ""alpha_optimizer_updates"": 83}",1.6306798458099365,0.46904832124710083,0.7660608291625977,0.9805954694747925,0.8881577253341675
E_no_entropy,84,0.2498612403869629,0.2504291534423828,"[0.6110684275627136, 0.380390465259552, 0.4683119058609009, 0.12150213867425919, -0.2427256852388382, 0.7965000867843628, 0.7272244095802307]","[0.1507747918367386, 0.17008721828460693, 0.18451258540153503, 0.15662884712219238, 0.14159640669822693, 0.12224177271127701, 0.6501840949058533]",0.049787066876888275,-3.0,-3.0,0.15234375,0.2965695559978485,0.2959800362586975,"[0.02320466935634613, 0.2622409462928772, 0.975768506526947, -0.9689245223999023, -0.23122504353523254, -0.2818859815597534, 0.6929945349693298]","[0.19776618480682373, 0.23601090908050537, 0.014347180724143982, 0.01846894808113575, 0.08557312190532684, 0.1902594417333603, 0.7161391377449036]",0.049787066876888275,-3.0,-3.0,0.3973214328289032,0.23759667575359344,0.23831863701343536,0.29853546619415283,0.29864025115966797,"{""critic_optimizer_updates"": 2084, ""actor_optimizer_updates_0"": 84, ""actor_optimizer_updates_1"": 84, ""actor_optimizer_steps_total"": 168, ""alpha_optimizer_updates"": 84}",1.6417181491851807,0.46857988834381104,0.7675475478172302,0.9801042675971985,0.8882519006729126
E_no_entropy,85,0.24678929150104523,0.24737802147865295,"[0.6070422530174255, 0.3835420310497284, 0.4477294981479645, 0.12137474864721298, -0.24072572588920593, 0.794943630695343, 0.7253600358963013]","[0.15151038765907288, 0.17055819928646088, 0.18980984389781952, 0.15806645154953003, 0.14156146347522736, 0.12355877459049225, 0.6524239182472229]",0.049787066876888275,-3.0,-3.0,0.15234375,0.2961064577102661,0.2955048680305481,"[0.030965130776166916, 0.2586115598678589, 0.9762625694274902, -0.9696248769760132, -0.223695307970047, -0.2847936749458313, 0.6928292512893677]","[0.197154700756073, 0.23526394367218018, 0.014074169099330902, 0.01808290183544159, 0.08513584733009338, 0.18985436856746674, 0.7162797451019287]",0.049787066876888275,-3.0,-3.0,0.4012276828289032,0.2347271740436554,0.23547273874282837,0.29807716608047485,0.2981727719306946,"{""critic_optimizer_updates"": 2085, ""actor_optimizer_updates_0"": 85, ""actor_optimizer_updates_1"": 85, ""actor_optimizer_steps_total"": 170, ""alpha_optimizer_updates"": 85}",1.663321614265442,0.4642774760723114,0.765292763710022,0.9744640588760376,0.8884917497634888
E_no_entropy,86,0.24372708797454834,0.24433685839176178,"[0.6031169295310974, 0.38661614060401917, 0.4266151189804077, 0.12204720824956894, -0.23959404230117798, 0.7930997014045715, 0.7229324579238892]","[0.15223932266235352, 0.1710689812898636, 0.19532260298728943, 0.15956765413284302, 0.14180728793144226, 0.12514899671077728, 0.6554666757583618]",0.049787066876888275,-3.0,-3.0,0.15234375,0.2948865592479706,0.29426464438438416,"[0.03556323051452637, 0.2553766071796417, 0.9767227172851562, -0.9703094959259033, -0.2050928771495819, -0.28577089309692383, 0.6925863027572632]","[0.19696390628814697, 0.23457999527454376, 0.013816464692354202, 0.01770631968975067, 0.08542131632566452, 0.18977713584899902, 0.7164689898490906]",0.049787066876888275,-3.0,-3.0,0.4023437798023224,0.23189106583595276,0.23266035318374634,0.29687830805778503,0.29695454239845276,"{""critic_optimizer_updates"": 2086, ""actor_optimizer_updates_0"": 86, ""actor_optimizer_updates_1"": 86, ""actor_optimizer_steps_total"": 172, ""alpha_optimizer_updates"": 86}",1.6673907041549683,0.4660225510597229,0.7624744176864624,0.9768497943878174,0.8898706436157227
E_no_entropy,87,0.24076183140277863,0.24139289557933807,"[0.5993031859397888, 0.3892316222190857, 0.40525123476982117, 0.12234720587730408, -0.23698315024375916, 0.7913216352462769, 0.7208786010742188]","[0.15288707613945007, 0.1715051829814911, 0.20092034339904785, 0.16106809675693512, 0.14112588763237, 0.12669867277145386, 0.6581941843032837]",0.049787066876888275,-3.0,-3.0,0.15234375,0.29382917284965515,0.2931891977787018,"[0.04018658399581909, 0.25152695178985596, 0.9771889448165894, -0.9709678292274475, -0.18815858662128448, -0.2868094742298126, 0.6923778057098389]","[0.19673573970794678, 0.23391374945640564, 0.013553330674767494, 0.017342690378427505, 0.08519288897514343, 0.18975356221199036, 0.7166368961334229]",0.049787066876888275,-3.0,-3.0,0.4051339328289032,0.22911007702350616,0.22990363836288452,0.29584088921546936,0.29590103030204773,"{""critic_optimizer_updates"": 2087, ""actor_optimizer_updates_0"": 87, ""actor_optimizer_updates_1"": 87, ""actor_optimizer_steps_total"": 174, ""alpha_optimizer_updates"": 87}",1.6675405502319336,0.47328031063079834,0.75251305103302,0.9851071834564209,0.895471453666687
E_no_entropy,88,0.2380533367395401,0.23870572447776794,"[0.595545768737793, 0.3915124535560608, 0.38384026288986206, 0.12238071858882904, -0.2346426248550415, 0.7895898818969727, 0.7192704081535339]","[0.1534467339515686, 0.17189395427703857, 0.20647092163562775, 0.16257017850875854, 0.14018571376800537, 0.12823107838630676, 0.6604822278022766]",0.049787066876888275,-3.0,-3.0,0.15234375,0.2928694784641266,0.29221317172050476,"[0.04372519627213478, 0.2471841424703598, 0.9776434898376465, -0.9716026782989502, -0.17214009165763855, -0.2878798544406891, 0.6921448707580566]","[0.19652873277664185, 0.23328544199466705, 0.013296136632561684, 0.016991611570119858, 0.0849706158041954, 0.18975110352039337, 0.7168233394622803]",0.049787066876888275,-3.0,-3.0,0.4062500298023224,0.2265409231185913,0.22735872864723206,0.2949061989784241,0.29495176672935486,"{""critic_optimizer_updates"": 2088, ""actor_optimizer_updates_0"": 88, ""actor_optimizer_updates_1"": 88, ""actor_optimizer_steps_total"": 176, ""alpha_optimizer_updates"": 88}",1.6563798189163208,0.4789852499961853,0.7470844388008118,0.9933329820632935,0.89933180809021
E_no_entropy,89,0.23564045131206512,0.23631376028060913,"[0.5916910171508789, 0.393276184797287, 0.36299270391464233, 0.12159429490566254, -0.23187106847763062, 0.7879912853240967, 0.7185456156730652]","[0.15395815670490265, 0.17226579785346985, 0.21183620393276215, 0.16409288346767426, 0.13859137892723083, 0.12964215874671936, 0.6617040038108826]",0.049787066876888275,-3.0,-3.0,0.15234375,0.29216086864471436,0.29149287939071655,"[0.04643537104129791, 0.24154309928417206, 0.9781031608581543, -0.9722170829772949, -0.15985266864299774, -0.2895386517047882, 0.6920285224914551]","[0.19641350209712982, 0.23276492953300476, 0.013037048280239105, 0.016650129109621048, 0.08490518480539322, 0.18969109654426575, 0.7169281244277954]",0.049787066876888275,-3.0,-3.0,0.4095982313156128,0.2241796851158142,0.225021094083786,0.2941954731941223,0.29423221945762634,"{""critic_optimizer_updates"": 2089, ""actor_optimizer_updates_0"": 89, ""actor_optimizer_updates_1"": 89, ""actor_optimizer_steps_total"": 178, ""alpha_optimizer_updates"": 89}",1.6321921348571777,0.49098503589630127,0.7309001684188843,1.0127366781234741,0.9069564342498779
E_no_entropy,90,0.23330014944076538,0.23399432003498077,"[0.5877903699874878, 0.39454206824302673, 0.34205442667007446, 0.12040943652391434, -0.22874876856803894, 0.7865097522735596, 0.7179477214813232]","[0.15433721244335175, 0.17254629731178284, 0.21722812950611115, 0.16543501615524292, 0.13668778538703918, 0.13092222809791565, 0.6627606749534607]",0.049787066876888275,-3.0,-3.0,0.1512276828289032,0.2916891574859619,0.29101458191871643,"[0.04943131282925606, 0.23479405045509338, 0.9785715341567993, -0.9728139042854309, -0.1534913182258606, -0.29120126366615295, 0.6918831467628479]","[0.19631381332874298, 0.23220498859882355, 0.01277223415672779, 0.016317760571837425, 0.08492474257946014, 0.1895422488451004, 0.7170557975769043]",0.049787066876888275,-3.0,-3.0,0.4107142984867096,0.2218775451183319,0.22274252772331238,0.29370492696762085,0.29373735189437866,"{""critic_optimizer_updates"": 2090, ""actor_optimizer_updates_0"": 90, ""actor_optimizer_updates_1"": 90, ""actor_optimizer_steps_total"": 180, ""alpha_optimizer_updates"": 90}",1.605422019958496,0.4983900189399719,0.7203368544578552,1.023118495941162,0.9095030426979065
E_no_entropy,91,0.23180454969406128,0.23251943290233612,"[0.5837266445159912, 0.39577344059944153, 0.3220537006855011, 0.1189432293176651, -0.2302028387784958, 0.7852098941802979, 0.7184018492698669]","[0.15468955039978027, 0.1730143129825592, 0.22227907180786133, 0.1671488881111145, 0.13579398393630981, 0.1319044828414917, 0.6624645590782166]",0.049787066876888275,-3.0,-3.0,0.1512276828289032,0.2916398048400879,0.29096585512161255,"[0.05300707370042801, 0.22755080461502075, 0.9790381193161011, -0.9733756184577942, -0.1544979214668274, -0.2943098545074463, 0.6917840242385864]","[0.19608734548091888, 0.23163588345050812, 0.012510360218584538, 0.016003452241420746, 0.08441293984651566, 0.18904192745685577, 0.7171436548233032]",0.049787066876888275,-3.0,-3.0,0.412388414144516,0.2202293425798416,0.221116840839386,0.293633371591568,0.29366862773895264,"{""critic_optimizer_updates"": 2091, ""actor_optimizer_updates_0"": 91, ""actor_optimizer_updates_1"": 91, ""actor_optimizer_steps_total"": 182, ""alpha_optimizer_updates"": 91}",1.5812580585479736,0.5069340467453003,0.7081893086433411,1.033813714981079,0.9156107902526855
E_no_entropy,92,0.2305789589881897,0.23131290078163147,"[0.5793852210044861, 0.39702147245407104, 0.30375516414642334, 0.11744731664657593, -0.2332056313753128, 0.783594012260437, 0.7191392183303833]","[0.15502981841564178, 0.17365199327468872, 0.2267686426639557, 0.16929249465465546, 0.1356789916753769, 0.13314221799373627, 0.6617305278778076]",0.049787066876888275,-3.0,-3.0,0.1512276828289032,0.29218703508377075,0.2915208041667938,"[0.05750371515750885, 0.21973566710948944, 0.9795054197311401, -0.9739025831222534, -0.16404318809509277, -0.3002512753009796, 0.6916820406913757]","[0.19580402970314026, 0.23116907477378845, 0.012249917723238468, 0.0157063826918602, 0.08435502648353577, 0.18804700672626495, 0.7172277569770813]",0.049787066876888275,-3.0,-3.0,0.4129464328289032,0.218837708234787,0.2197454869747162,0.29414716362953186,0.2941930890083313,"{""critic_optimizer_updates"": 2092, ""actor_optimizer_updates_0"": 92, ""actor_optimizer_updates_1"": 92, ""actor_optimizer_steps_total"": 184, ""alpha_optimizer_updates"": 92}",1.561561942100525,0.5094809532165527,0.7015218138694763,1.0404142141342163,0.9200103282928467
E_no_entropy,93,0.2293933928012848,0.23014339804649353,"[0.5746152997016907, 0.39795297384262085, 0.2878294587135315, 0.11441943794488907, -0.23646414279937744, 0.7815742492675781, 0.7202280759811401]","[0.15531504154205322, 0.174382284283638, 0.23062974214553833, 0.17157848179340363, 0.13578540086746216, 0.13475528359413147, 0.6605246663093567]",0.049787066876888275,-3.0,-3.0,0.1512276828289032,0.29357704520225525,0.29292726516723633,"[0.06243113800883293, 0.213043212890625, 0.9799906015396118, -0.974385678768158, -0.18436697125434875, -0.307770311832428, 0.6915467977523804]","[0.19571553170681, 0.2306927740573883, 0.011981746181845665, 0.015430934727191925, 0.08536126464605331, 0.18674573302268982, 0.7173349857330322]",0.049787066876888275,-3.0,-3.0,0.4151785969734192,0.21747177839279175,0.21839609742164612,0.29550474882125854,0.2955693006515503,"{""critic_optimizer_updates"": 2093, ""actor_optimizer_updates_0"": 93, ""actor_optimizer_updates_1"": 93, ""actor_optimizer_steps_total"": 186, ""alpha_optimizer_updates"": 93}",1.5357263088226318,0.513458251953125,0.6980409026145935,1.0496203899383545,0.9214410781860352
E_no_entropy,94,0.2280757874250412,0.22883935272693634,"[0.5695265531539917, 0.39803367853164673, 0.27346354722976685, 0.10930290818214417, -0.24137555062770844, 0.7794377207756042, 0.7207479476928711]","[0.15549598634243011, 0.1751806139945984, 0.23401518166065216, 0.1739729791879654, 0.13559438288211823, 0.1364152431488037, 0.6600607633590698]",0.049787066876888275,-3.0,-3.0,0.1512276828289032,0.2954052686691284,0.2947746217250824,"[0.06944701075553894, 0.2048991322517395, 0.9804974794387817, -0.974866509437561, -0.20857968926429749, -0.31607121229171753, 0.6915311217308044]","[0.1955336332321167, 0.23029324412345886, 0.01170201227068901, 0.015155735425651073, 0.08663494139909744, 0.1852370947599411, 0.7173475027084351]",0.049787066876888275,-3.0,-3.0,0.4168526828289032,0.21597516536712646,0.2169124186038971,0.2972683608531952,0.29735690355300903,"{""critic_optimizer_updates"": 2094, ""actor_optimizer_updates_0"": 94, ""actor_optimizer_updates_1"": 94, ""actor_optimizer_steps_total"": 188, ""alpha_optimizer_updates"": 94}",1.532524824142456,0.5120816230773926,0.6980845928192139,1.0508296489715576,0.9219628572463989
E_no_entropy,95,0.2266179323196411,0.22739462554454803,"[0.5641341805458069, 0.39830198884010315, 0.26005464792251587, 0.10370458662509918, -0.24546170234680176, 0.7770469188690186, 0.7207903265953064]","[0.15562711656093597, 0.17615745961666107, 0.23700186610221863, 0.17653632164001465, 0.1361417919397354, 0.138215571641922, 0.6602421402931213]",0.049787066876888275,-3.0,-3.0,0.1506696492433548,0.2981787919998169,0.2975725531578064,"[0.07669796794652939, 0.19849029183387756, 0.9809879064559937, -0.975305438041687, -0.23870517313480377, -0.3269469439983368, 0.6914745569229126]","[0.19536934792995453, 0.2299051284790039, 0.011431386694312096, 0.014899889007210732, 0.08874960988759995, 0.18333759903907776, 0.7173943519592285]",0.049787066876888275,-3.0,-3.0,0.4185267984867096,0.214342400431633,0.21529178321361542,0.2999795377254486,0.300096720457077,"{""critic_optimizer_updates"": 2095, ""actor_optimizer_updates_0"": 95, ""actor_optimizer_updates_1"": 95, ""actor_optimizer_steps_total"": 190, ""alpha_optimizer_updates"": 95}",1.54791259765625,0.5079156160354614,0.6964598894119263,1.047664999961853,0.9211964011192322
E_no_entropy,96,0.22518186271190643,0.22597123682498932,"[0.5585327744483948, 0.3981686234474182, 0.24673883616924286, 0.0979648232460022, -0.25008299946784973, 0.774681031703949, 0.7207489013671875]","[0.15566638112068176, 0.17722749710083008, 0.23983977735042572, 0.1790522038936615, 0.1371133029460907, 0.1399543285369873, 0.6605028510093689]",0.049787066876888275,-3.0,-3.0,0.1501116156578064,0.3011696934700012,0.3005862236022949,"[0.08485867083072662, 0.19249391555786133, 0.9814654588699341, -0.9757310152053833, -0.26711609959602356, -0.3383907079696655, 0.6912639141082764]","[0.19515471160411835, 0.22935761511325836, 0.011166700161993504, 0.014652322046458721, 0.09112831205129623, 0.1814708411693573, 0.7175500988960266]",0.049787066876888275,-3.0,-3.0,0.420200914144516,0.21273213624954224,0.21369308233261108,0.30293697118759155,0.30308088660240173,"{""critic_optimizer_updates"": 2096, ""actor_optimizer_updates_0"": 96, ""actor_optimizer_updates_1"": 96, ""actor_optimizer_steps_total"": 192, ""alpha_optimizer_updates"": 96}",1.585766315460205,0.4984700083732605,0.6979190111160278,1.0333926677703857,0.9173570871353149
E_no_entropy,97,0.22391600906848907,0.22471588850021362,"[0.5526184439659119, 0.3971937894821167, 0.2344740927219391, 0.0907822847366333, -0.2578030824661255, 0.7723845839500427, 0.7206646800041199]","[0.15564943850040436, 0.17827855050563812, 0.24240440130233765, 0.181367889046669, 0.13858622312545776, 0.14161650836467743, 0.6608198881149292]",0.049787066876888275,-3.0,-3.0,0.1501116156578064,0.3040846586227417,0.3035199046134949,"[0.09355495870113373, 0.18689486384391785, 0.9819329977035522, -0.9761554002761841, -0.2910798192024231, -0.34938597679138184, 0.6911861896514893]","[0.19478899240493774, 0.228688582777977, 0.010905662551522255, 0.0144052067771554, 0.09273548424243927, 0.17973551154136658, 0.7176091074943542]",0.049787066876888275,-3.0,-3.0,0.4213169813156128,0.21127678453922272,0.2122463583946228,0.30579763650894165,0.3059656322002411,"{""critic_optimizer_updates"": 2097, ""actor_optimizer_updates_0"": 97, ""actor_optimizer_updates_1"": 97, ""actor_optimizer_steps_total"": 194, ""alpha_optimizer_updates"": 97}",1.6312530040740967,0.4803120791912079,0.7190185189247131,1.0145950317382812,0.9087119102478027
E_no_entropy,98,0.22310571372509003,0.22391660511493683,"[0.5467239618301392, 0.3962637186050415, 0.22221581637859344, 0.08371762931346893, -0.26713383197784424, 0.7701650261878967, 0.7213453054428101]","[0.15565215051174164, 0.17939405143260956, 0.24486052989959717, 0.18392278254032135, 0.14047971367835999, 0.1432497352361679, 0.6600555181503296]",0.049787066876888275,-3.0,-3.0,0.1501116156578064,0.30646735429763794,0.3059151768684387,"[0.10183176398277283, 0.18257716298103333, 0.9823700189590454, -0.9765697717666626, -0.30801019072532654, -0.3588435649871826, 0.6911184787750244]","[0.19425156712532043, 0.2279004603624344, 0.010660523548722267, 0.014165190979838371, 0.09320493787527084, 0.17832854390144348, 0.7176598906517029]",0.049787066876888275,-3.0,-3.0,0.4218750298023224,0.210232675075531,0.21121111512184143,0.3081180155277252,0.3083028495311737,"{""critic_optimizer_updates"": 2098, ""actor_optimizer_updates_0"": 98, ""actor_optimizer_updates_1"": 98, ""actor_optimizer_steps_total"": 196, ""alpha_optimizer_updates"": 98}",1.67500901222229,0.4587923288345337,0.7313646674156189,0.9809502363204956,0.9011656045913696
E_no_entropy,99,0.22202104330062866,0.22284217178821564,"[0.5407325029373169, 0.39480307698249817, 0.2098950445652008, 0.07587212324142456, -0.2753690183162689, 0.7677637338638306, 0.7215202450752258]","[0.15559405088424683, 0.18054382503032684, 0.2472972273826599, 0.1863604187965393, 0.14193202555179596, 0.14501743018627167, 0.659996509552002]",0.049787066876888275,-3.0,-3.0,0.1501116156578064,0.30817100405693054,0.30762648582458496,"[0.10924553871154785, 0.17894136905670166, 0.982781171798706, -0.9769731760025024, -0.31853440403938293, -0.3664248585700989, 0.6909924745559692]","[0.19388064742088318, 0.22703492641448975, 0.0104287788271904, 0.013932936824858189, 0.09258833527565002, 0.1772558093070984, 0.7177557349205017]",0.049787066876888275,-3.0,-3.0,0.4229910969734192,0.20892022550106049,0.20990651845932007,0.30976754426956177,0.309963196516037,"{""critic_optimizer_updates"": 2099, ""actor_optimizer_updates_0"": 99, ""actor_optimizer_updates_1"": 99, ""actor_optimizer_steps_total"": 198, ""alpha_optimizer_updates"": 99}",1.6953129768371582,0.44362854957580566,0.7382816076278687,0.9590333104133606,0.8972846269607544
E_no_entropy,100,0.22089996933937073,0.22173312306404114,"[0.5347844362258911, 0.393232524394989, 0.19688865542411804, 0.06761534512042999, -0.28135913610458374, 0.7655019760131836, 0.721959114074707]","[0.1555214822292328, 0.1816958487033844, 0.24968671798706055, 0.18873503804206848, 0.14297211170196533, 0.14658664166927338, 0.6595646739006042]",0.049787066876888275,-3.0,-3.0,0.1501116156578064,0.30890607833862305,0.30836063623428345,"[0.11650612950325012, 0.17631354928016663, 0.983163595199585, -0.9773671627044678, -0.3198474049568176, -0.3719603717327118, 0.6908546090126038]","[0.19351311028003693, 0.2260759025812149, 0.010212996043264866, 0.013708624988794327, 0.09163324534893036, 0.1766470968723297, 0.7178589105606079]",0.049787066876888275,-3.0,-3.0,0.424107164144516,0.20758725702762604,0.20858372747898102,0.3104705512523651,0.3106672465801239,"{""critic_optimizer_updates"": 2100, ""actor_optimizer_updates_0"": 100, ""actor_optimizer_updates_1"": 100, ""actor_optimizer_steps_total"": 200, ""alpha_optimizer_updates"": 100}",1.714362621307373,0.43069249391555786,0.7434307932853699,0.9414791464805603,0.8919050097465515
F_BC_only,1,0.0021239020861685276,0.0020649987272918224,"[0.013437501154839993, -0.049401961266994476, 0.16270402073860168, 0.020021092146635056, 0.0021264750976115465, -0.06576619297266006, 0.6638196110725403]","[0.09879650920629501, 0.13071560859680176, 0.13128046691417694, 0.02157626673579216, 0.01931939274072647, 0.2053757756948471, 0.7489926218986511]",0.049787066876888275,-3.0,-3.0,0.1484375,0.0019264435395598412,0.001900247298181057,"[0.0779208093881607, -0.004986500833183527, 0.09611732512712479, -0.03761553764343262, 0.06539030373096466, -0.08735230565071106, 0.663917601108551]","[0.07739488035440445, 0.1308867484331131, 0.1702987104654312, 0.03877895697951317, 0.035153865814208984, 0.20881317555904388, 0.7489813566207886]",0.049787066876888275,-3.0,-3.0,0.1478794664144516,0.0020677181892096996,0.003056345274671912,0.0019526999676600099,0.0021952842362225056,"{""critic_optimizer_updates"": 2001, ""actor_optimizer_updates_0"": 1, ""actor_optimizer_updates_1"": 1, ""actor_optimizer_steps_total"": 2, ""alpha_optimizer_updates"": 1}",-3.112229347229004,2.202852249145508,0.6280354261398315,3.7376794815063477,0.880581259727478
F_BC_only,2,0.00028182347887195647,0.0004277793923392892,"[0.04554174840450287, -0.0013028441462665796, 0.0864667296409607, 0.0055280160158872604, -0.0009919629665091634, -0.05034312605857849, 0.6638134717941284]","[0.09415925294160843, 0.13340967893600464, 0.13934239745140076, 0.009015483781695366, 0.0215084720402956, 0.2126588672399521, 0.7489897608757019]",0.049787066876888275,-3.0,-3.0,0.1484375,0.00031427654903382063,0.0004279899876564741,"[0.03609154373407364, 0.01896841824054718, 0.07893013954162598, -0.00876020360738039, 0.014336852356791496, -0.05027936398983002, 0.6638635993003845]","[0.07793159037828445, 0.13103654980659485, 0.14939168095588684, 0.02034905180335045, 0.02464284934103489, 0.2140977829694748, 0.7489892840385437]",0.049787066876888275,-3.0,-3.0,0.1478794664144516,0.000268915988272056,0.0014552244683727622,0.0005873373011127114,0.001045146957039833,"{""critic_optimizer_updates"": 2002, ""actor_optimizer_updates_0"": 2, ""actor_optimizer_updates_1"": 2, ""actor_optimizer_steps_total"": 4, ""alpha_optimizer_updates"": 2}",-2.9213662147521973,2.1704676151275635,0.6258392333984375,3.675969123840332,0.8819975852966309
F_BC_only,3,0.0007441621855832636,0.0010569444857537746,"[0.0410233736038208, 0.042743876576423645, 0.0365762859582901, -0.008166690357029438, 0.022354405373334885, -0.06783904880285263, 0.6638131737709045]","[0.08667398244142532, 0.1357809454202652, 0.14516609907150269, 0.02337636798620224, 0.029103020206093788, 0.2131759077310562, 0.7489890456199646]",0.049787066876888275,-3.0,-3.0,0.1484375,0.0004861353081651032,0.000732016225811094,"[0.005366394761949778, -0.001315585570409894, 0.07778742164373398, 0.022186804562807083, -0.029605604708194733, -0.05792061239480972, 0.6638201475143433]","[0.07960864156484604, 0.1297081559896469, 0.13258135318756104, 0.01415418554097414, 0.021565869450569153, 0.20853328704833984, 0.7489863634109497]",0.049787066876888275,-3.0,-3.0,0.1478794664144516,0.0006769004394300282,0.0020225446205586195,0.0010536538902670145,0.0016891886480152607,"{""critic_optimizer_updates"": 2003, ""actor_optimizer_updates_0"": 3, ""actor_optimizer_updates_1"": 3, ""actor_optimizer_steps_total"": 6, ""alpha_optimizer_updates"": 3}",-2.798225164413452,2.1323041915893555,0.6331306099891663,3.6224799156188965,0.8831570148468018
F_BC_only,4,0.0008879648521542549,0.0012331166071817279,"[0.029335834085941315, 0.047812968492507935, 0.03645957261323929, -0.009938260540366173, 0.019974058493971825, -0.07667611539363861, 0.6638233065605164]","[0.08508417010307312, 0.13559792935848236, 0.1454465240240097, 0.031266357749700546, 0.03023686632514, 0.21150363981723785, 0.7489923238754272]",0.049787066876888275,-3.0,-3.0,0.1484375,0.0007826298824511468,0.0010582255199551582,"[0.005456282291561365, -0.013261041603982449, 0.08585193753242493, 0.03756651282310486, -0.0337202250957489, -0.06989941000938416, 0.6637826561927795]","[0.07996227592229843, 0.1281636655330658, 0.1261129081249237, 0.01886604167521, 0.023954669013619423, 0.20512349903583527, 0.7489794492721558]",0.049787066876888275,-3.0,-3.0,0.1478794664144516,0.0008297231397591531,0.0021500475704669952,0.0016280242707580328,0.0023220113944262266,"{""critic_optimizer_updates"": 2004, ""actor_optimizer_updates_0"": 4, ""actor_optimizer_updates_1"": 4, ""actor_optimizer_steps_total"": 8, ""alpha_optimizer_updates"": 4}",-3.045903205871582,2.190225839614868,0.6411232948303223,3.7223658561706543,0.8852803707122803
F_BC_only,5,0.00030948847415857017,0.0006077784346416593,"[0.02832166478037834, 0.02497912012040615, 0.06036021560430527, -0.003428327152505517, 0.00830861832946539, -0.07297854125499725, 0.6638354063034058]","[0.08518990874290466, 0.13318689167499542, 0.14523562788963318, 0.027198893949389458, 0.027869971469044685, 0.20928023755550385, 0.7489962577819824]",0.049787066876888275,-3.0,-3.0,0.1484375,0.0003743729321286082,0.0006108325906097889,"[0.021457597613334656, -0.006538162473589182, 0.08944693207740784, 0.031696952879428864, -0.013757480308413506, -0.06723756343126297, 0.6637492179870605]","[0.07941439747810364, 0.12809880077838898, 0.12967291474342346, 0.016946174204349518, 0.024599533528089523, 0.2065650373697281, 0.7489705681800842]",0.049787066876888275,-3.0,-3.0,0.1478794664144516,0.00031021746690385044,0.0015049184439703822,0.0014123633736744523,0.0021060805302113295,"{""critic_optimizer_updates"": 2005, ""actor_optimizer_updates_0"": 5, ""actor_optimizer_updates_1"": 5, ""actor_optimizer_steps_total"": 10, ""alpha_optimizer_updates"": 5}",-3.4054718017578125,2.2596166133880615,0.6477653980255127,3.863234519958496,0.8860098719596863
F_BC_only,6,0.0001064961907104589,0.0003290966560598463,"[0.032194215804338455, -0.0049502006731927395, 0.09139600396156311, 0.005267798434942961, 0.0021316688507795334, -0.06230507418513298, 0.6638638377189636]","[0.08606674522161484, 0.1304181069135666, 0.1428520232439041, 0.01991667039692402, 0.0236531812697649, 0.20848311483860016, 0.7490016222000122]",0.049787066876888275,-3.0,-3.0,0.1484375,0.0001273195812245831,0.00030211612465791404,"[0.03871078044176102, 0.004925320856273174, 0.09036387503147125, 0.016000881791114807, 0.01129943411797285, -0.06045132130384445, 0.6637621521949768]","[0.0787738710641861, 0.1285734921693802, 0.13513058423995972, 0.012458094395697117, 0.025677982717752457, 0.20933972299098969, 0.7489706873893738]",0.049787066876888275,-3.0,-3.0,0.1478794664144516,9.967783989850432e-05,0.0010461979545652866,0.0010968672577291727,0.0017378740012645721,"{""critic_optimizer_updates"": 2006, ""actor_optimizer_updates_0"": 6, ""actor_optimizer_updates_1"": 6, ""actor_optimizer_steps_total"": 12, ""alpha_optimizer_updates"": 6}",-3.5402064323425293,2.3000106811523438,0.6471264362335205,3.93611478805542,0.886538565158844
F_BC_only,7,0.00040492895641364157,0.000557992490939796,"[0.035192571580410004, -0.026930522173643112, 0.11663885414600372, 0.01175248995423317, 0.003837072988972068, -0.05701342225074768, 0.663885235786438]","[0.08910500258207321, 0.12859387695789337, 0.13940100371837616, 0.013603010214865208, 0.018908869475126266, 0.20719961822032928, 0.7490041255950928]",0.049787066876888275,-3.0,-3.0,0.1484375,0.00023490867170039564,0.00035035572363995016,"[0.04983638972043991, 0.011953655630350113, 0.08948467671871185, -0.0022277720272541046, 0.0305151529610157, -0.05997203290462494, 0.6637694835662842]","[0.07791547477245331, 0.12882322072982788, 0.14284604787826538, 0.015440532937645912, 0.027038125321269035, 0.21118248999118805, 0.7489685416221619]",0.049787066876888275,-3.0,-3.0,0.1478794664144516,0.0003577212046366185,0.0010866520460695028,0.001150087220594287,0.0017581835854798555,"{""critic_optimizer_updates"": 2007, ""actor_optimizer_updates_0"": 7, ""actor_optimizer_updates_1"": 7, ""actor_optimizer_steps_total"": 14, ""alpha_optimizer_updates"": 7}",-3.3427867889404297,2.250789165496826,0.650397539138794,3.868699789047241,0.8865483999252319
F_BC_only,8,0.0006621517823077738,0.0007776070851832628,"[0.032937027513980865, -0.032168593257665634, 0.12805145978927612, 0.013432571664452553, 0.007701464928686619, -0.06010889261960983, 0.6638949513435364]","[0.09317436814308167, 0.12831521034240723, 0.13637733459472656, 0.012824705801904202, 0.01764814369380474, 0.2056448757648468, 0.7490043640136719]",0.049787066876888275,-3.0,-3.0,0.1484375,0.0004482902877498418,0.0005269747925922275,"[0.051783498376607895, 0.011865731328725815, 0.08954472094774246, -0.016138548031449318, 0.03723243996500969, -0.06504808366298676, 0.6637738943099976]","[0.07691788673400879, 0.12882094085216522, 0.15019869804382324, 0.025432506576180458, 0.02713235653936863, 0.21128495037555695, 0.748965322971344]",0.049787066876888275,-3.0,-3.0,0.1478794664144516,0.0006081031169742346,0.0012422094587236643,0.0013268212787806988,0.0019278042018413544,"{""critic_optimizer_updates"": 2008, ""actor_optimizer_updates_0"": 8, ""actor_optimizer_updates_1"": 8, ""actor_optimizer_steps_total"": 16, ""alpha_optimizer_updates"": 8}",-2.965679407119751,2.1771938800811768,0.65334552526474,3.7375383377075195,0.8878781795501709
F_BC_only,9,0.0006142894853837788,0.0007278047851286829,"[0.02730468288064003, -0.024590324610471725, 0.12600016593933105, 0.010563679039478302, 0.009067133069038391, -0.06555387377738953, 0.6638991832733154]","[0.09574012458324432, 0.12909170985221863, 0.1332719475030899, 0.01312306709587574, 0.01761619746685028, 0.2051604986190796, 0.7490042448043823]",0.049787066876888275,-3.0,-3.0,0.1484375,0.0004952353774569929,0.0005672159022651613,"[0.04703608900308609, 0.007504856213927269, 0.09064604341983795, -0.022399278357625008, 0.032660484313964844, -0.07111659646034241, 0.6637766361236572]","[0.07643777132034302, 0.12868019938468933, 0.15223073959350586, 0.0311327762901783, 0.025828901678323746, 0.2102285772562027, 0.7489613890647888]",0.049787066876888275,-3.0,-3.0,0.1478794664144516,0.0005932910717092454,0.0011924486607313156,0.0013436463195830584,0.0019507925026118755,"{""critic_optimizer_updates"": 2009, ""actor_optimizer_updates_0"": 9, ""actor_optimizer_updates_1"": 9, ""actor_optimizer_steps_total"": 18, ""alpha_optimizer_updates"": 9}",-2.6839420795440674,2.104802131652832,0.6528070569038391,3.617936849594116,0.8867732882499695
F_BC_only,10,0.0003191706782672554,0.0004676575190387666,"[0.02405555546283722, -0.009828027337789536, 0.11035319417715073, 0.006965598091483116, 0.007980775088071823, -0.06804792582988739, 0.6639031171798706]","[0.0955134853720665, 0.13045644760131836, 0.1328047513961792, 0.0108380988240242, 0.017039164900779724, 0.2064993679523468, 0.7490034103393555]",0.049787066876888275,-3.0,-3.0,0.1484375,0.00033271065331064165,0.00042596933781169355,"[0.039034418761730194, 0.0011856101918965578, 0.09084707498550415, -0.020140478387475014, 0.020631764084100723, -0.07213394343852997, 0.6637814044952393]","[0.07659231126308441, 0.1285468488931656, 0.14981617033481598, 0.029269065707921982, 0.023456530645489693, 0.2086634635925293, 0.748957633972168]",0.049787066876888275,-3.0,-3.0,0.1478794664144516,0.00034014825359918177,0.0009371626656502485,0.00114562944509089,0.0017759449547156692,"{""critic_optimizer_updates"": 2010, ""actor_optimizer_updates_0"": 10, ""actor_optimizer_updates_1"": 10, ""actor_optimizer_steps_total"": 20, ""alpha_optimizer_updates"": 10}",-2.657299518585205,2.078839063644409,0.6571004390716553,3.5820255279541016,0.8858712315559387
F_BC_only,11,0.00010349023068556562,0.00030891632195562124,"[0.02598617598414421, 0.005231540184468031, 0.08702756464481354, 0.004280792083591223, 0.00739655178040266, -0.06710068881511688, 0.6639063954353333]","[0.09322772920131683, 0.1317259669303894, 0.13473285734653473, 0.00924673117697239, 0.01898140087723732, 0.20891982316970825, 0.7490019202232361]",0.049787066876888275,-3.0,-3.0,0.1484375,0.0001500245271017775,0.00027820520335808396,"[0.031320396810770035, -0.002481975592672825, 0.09041455388069153, -0.011201232671737671, 0.007018346805125475, -0.06837314367294312, 0.6637875437736511]","[0.07727906107902527, 0.12863318622112274, 0.14359734952449799, 0.022715149447321892, 0.021522318944334984, 0.20791196823120117, 0.7489540576934814]",0.049787066876888275,-3.0,-3.0,0.1478794664144516,0.00014073641796130687,0.0007614621426910162,0.0009315959177911282,0.001586492289789021,"{""critic_optimizer_updates"": 2011, ""actor_optimizer_updates_0"": 11, ""actor_optimizer_updates_1"": 11, ""actor_optimizer_steps_total"": 22, ""alpha_optimizer_updates"": 11}",-2.840926170349121,2.109921455383301,0.6568598747253418,3.6336779594421387,0.8845268487930298
F_BC_only,12,0.00013347185449674726,0.000391181034501642,"[0.030217193067073822, 0.016452934592962265, 0.06609804928302765, 0.001736595993861556, 0.007539805024862289, -0.06329723447561264, 0.6639095544815063]","[0.09028297662734985, 0.13258829712867737, 0.1375526487827301, 0.013521486893296242, 0.023649094626307487, 0.21169714629650116, 0.7490003108978271]",0.049787066876888275,-3.0,-3.0,0.1484375,8.39902859297581e-05,0.00024829822359606624,"[0.026642359793186188, -0.00240120617672801, 0.08644086122512817, 0.002113507129251957, -0.0035173192154616117, -0.06312470138072968, 0.6637952327728271]","[0.07818922400474548, 0.12908262014389038, 0.13697534799575806, 0.01622653938829899, 0.020774176344275475, 0.2078482061624527, 0.7489508390426636]",0.049787066876888275,-3.0,-3.0,0.1478794664144516,0.00016716940444894135,0.0008129564230330288,0.0008388124988414347,0.0015157056041061878,"{""critic_optimizer_updates"": 2012, ""actor_optimizer_updates_0"": 12, ""actor_optimizer_updates_1"": 12, ""actor_optimizer_steps_total"": 24, ""alpha_optimizer_updates"": 12}",-3.1178786754608154,2.1796131134033203,0.6563017964363098,3.7454445362091064,0.8846415877342224
F_BC_only,13,0.00024084083270281553,0.0005261688493192196,"[0.03469228744506836, 0.02206353470683098, 0.05669795721769333, -0.0004501634102780372, 0.008889627642929554, -0.06231015548110008, 0.6639125347137451]","[0.08753664791584015, 0.13307097554206848, 0.13951745629310608, 0.019886672496795654, 0.02790527418255806, 0.21311578154563904, 0.7489990592002869]",0.049787066876888275,-3.0,-3.0,0.1484375,0.0001258087286259979,0.0003158124745823443,"[0.026153013110160828, -0.00010739010758697987, 0.08281812071800232, 0.0151250921189785, -0.00808851420879364, -0.0608564093708992, 0.6638025045394897]","[0.07893195003271103, 0.12943120300769806, 0.13162875175476074, 0.01375521905720234, 0.021356550976634026, 0.20804186165332794, 0.7489479780197144]",0.049787066876888275,-3.0,-3.0,0.1478794664144516,0.00028178663342259824,0.00093093077884987,0.0008565526222810149,0.0015395673690363765,"{""critic_optimizer_updates"": 2013, ""actor_optimizer_updates_0"": 13, ""actor_optimizer_updates_1"": 13, ""actor_optimizer_steps_total"": 26, ""alpha_optimizer_updates"": 13}",-3.33443546295166,2.2360165119171143,0.6568288803100586,3.834310531616211,0.8848861455917358
F_BC_only,14,0.0002241428301203996,0.0005063923308625817,"[0.036732494831085205, 0.02154069021344185, 0.06089498847723007, -0.0021397473756223917, 0.0102089773863554, -0.06535542756319046, 0.6639083623886108]","[0.08580824732780457, 0.13325397670269012, 0.1401764154434204, 0.023890100419521332, 0.02923390455543995, 0.2123376429080963, 0.7489990592002869]",0.049787066876888275,-3.0,-3.0,0.1484375,0.00016184580454137176,0.00035948731238022447,"[0.02859494276344776, 0.0018798552919179201, 0.08065393567085266, 0.02362539991736412, -0.005924121476709843, -0.06237567961215973, 0.6638005971908569]","[0.07929838448762894, 0.1294546276330948, 0.13058719038963318, 0.014674488455057144, 0.023561695590615273, 0.20843267440795898, 0.7489451169967651]",0.049787066876888275,-3.0,-3.0,0.1478794664144516,0.00025802847812883556,0.000964114151429385,0.0009269351721741259,0.0016146220732480288,"{""critic_optimizer_updates"": 2014, ""actor_optimizer_updates_0"": 14, ""actor_optimizer_updates_1"": 14, ""actor_optimizer_steps_total"": 28, ""alpha_optimizer_updates"": 14}",-3.3742475509643555,2.25343656539917,0.6543116569519043,3.8437368869781494,0.8855652213096619
F_BC_only,15,0.00011789996642619371,0.00037142873043194413,"[0.034435469657182693, 0.015594401396811008, 0.07413814216852188, -0.0026798176113516092, 0.010462856851518154, -0.06901378184556961, 0.663905918598175]","[0.08546305447816849, 0.13318870961666107, 0.13981573283672333, 0.023771334439516068, 0.02700577676296234, 0.2101382166147232, 0.748999297618866]",0.049787066876888275,-3.0,-3.0,0.1484375,0.00013393376138992608,0.0003229319117963314,"[0.0324372798204422, 0.001949211349710822, 0.08166708052158356, 0.025133667513728142, 0.0001232900540344417, -0.06550979614257812, 0.6638010144233704]","[0.07908604294061661, 0.12907655537128448, 0.13375192880630493, 0.014651338569819927, 0.02595408633351326, 0.20899070799350739, 0.7489429116249084]",0.049787066876888275,-3.0,-3.0,0.1478794664144516,0.0001509270805399865,0.0008723716018721461,0.0009154901490546763,0.001596077810972929,"{""critic_optimizer_updates"": 2015, ""actor_optimizer_updates_0"": 15, ""actor_optimizer_updates_1"": 15, ""actor_optimizer_steps_total"": 30, ""alpha_optimizer_updates"": 15}",-3.2630927562713623,2.2152295112609863,0.6542130708694458,3.7733733654022217,0.8855842351913452
F_BC_only,16,7.427116361213848e-05,0.00028591370210051537,"[0.030939992517232895, 0.0058613428846001625, 0.09055085480213165, -0.0006007852498441935, 0.00997096300125122, -0.06969967484474182, 0.6639030575752258]","[0.08606527000665665, 0.13291755318641663, 0.1382439285516739, 0.020517027005553246, 0.0235427413135767, 0.20846734941005707, 0.7489997744560242]",0.049787066876888275,-3.0,-3.0,0.1484375,8.8543638412375e-05,0.0002588477509561926,"[0.035574495792388916, 0.00012667733244597912, 0.0851207822561264, 0.01920308545231819, 0.007405336480587721, -0.06779468804597855, 0.6638002395629883]","[0.07855595648288727, 0.12864547967910767, 0.13903306424617767, 0.01295379176735878, 0.027718055993318558, 0.20975734293460846, 0.7489408850669861]",0.049787066876888275,-3.0,-3.0,0.1478794664144516,9.730071906233206e-05,0.0008193180547095835,0.0008872025646269321,0.0015539253363385797,"{""critic_optimizer_updates"": 2016, ""actor_optimizer_updates_0"": 16, ""actor_optimizer_updates_1"": 16, ""actor_optimizer_steps_total"": 32, ""alpha_optimizer_updates"": 16}",-3.0551600456237793,2.127847194671631,0.6503192186355591,3.644662857055664,0.8808495402336121
F_BC_only,17,0.00012833280197810382,0.00030250585405156016,"[0.02904592826962471, -0.0039771730080246925, 0.10236294567584991, 0.003637726418673992, 0.00841656606644392, -0.06747159361839294, 0.6639004349708557]","[0.08746646344661713, 0.13262349367141724, 0.13727986812591553, 0.015324173495173454, 0.020208735018968582, 0.20762039721012115, 0.7490001320838928]",0.049787066876888275,-3.0,-3.0,0.1484375,8.698352030478418e-05,0.0002341499348403886,"[0.0372265949845314, -0.0006519525777548552, 0.08802792429924011, 0.00912054255604744, 0.013854102231562138, -0.06726283580064774, 0.663798451423645]","[0.07799505442380905, 0.12844020128250122, 0.14538410305976868, 0.011453417129814625, 0.02840067818760872, 0.21066997945308685, 0.7489389181137085]",0.049787066876888275,-3.0,-3.0,0.1478794664144516,0.00013832013064529747,0.0008648457005620003,0.0009031732333824039,0.0015602067578583956,"{""critic_optimizer_updates"": 2017, ""actor_optimizer_updates_0"": 17, ""actor_optimizer_updates_1"": 17, ""actor_optimizer_steps_total"": 34, ""alpha_optimizer_updates"": 17}",-2.911050319671631,2.0445735454559326,0.6310580968856812,3.501894474029541,0.8730379939079285
F_BC_only,18,0.00021274785103742033,0.00036301955697126687,"[0.029427558183670044, -0.010767681524157524, 0.10752850025892258, 0.007913900539278984, 0.006575173232704401, -0.06408015638589859, 0.6638976335525513]","[0.08949176967144012, 0.132307767868042, 0.13623976707458496, 0.011089984327554703, 0.01826404221355915, 0.20758198201656342, 0.7490003705024719]",0.049787066876888275,-3.0,-3.0,0.1484375,0.00012830508057959378,0.00025728216860443354,"[0.03722859174013138, 0.0013184999115765095, 0.08906864374876022, -0.0006594342994503677, 0.0174374021589756, -0.06471545994281769, 0.6637966632843018]","[0.07767395675182343, 0.1284685730934143, 0.15077845752239227, 0.014281189069151878, 0.027521902695298195, 0.2111712247133255, 0.7489362955093384]",0.049787066876888275,-3.0,-3.0,0.1478794664144516,0.00021767850557807833,0.0009603507351130247,0.0009577799355611205,0.001614755135960877,"{""critic_optimizer_updates"": 2018, ""actor_optimizer_updates_0"": 18, ""actor_optimizer_updates_1"": 18, ""actor_optimizer_steps_total"": 36, ""alpha_optimizer_updates"": 18}",-2.875133991241455,2.0064280033111572,0.6312628984451294,3.4551405906677246,0.8728815317153931
F_BC_only,19,0.0002319475606782362,0.0003789731708820909,"[0.03082874044775963, -0.012304108589887619, 0.10442141443490982, 0.010004134848713875, 0.005333922803401947, -0.06146075204014778, 0.663894534111023]","[0.09166550636291504, 0.13209325075149536, 0.13589626550674438, 0.010608114302158356, 0.017564471811056137, 0.20786269009113312, 0.7490002512931824]",0.049787066876888275,-3.0,-3.0,0.1484375,0.00016844258061610162,0.00028935488080605865,"[0.03659358620643616, 0.00498669408261776, 0.08684663474559784, -0.007494925055652857, 0.01742560975253582, -0.06335069984197617, 0.6637942790985107]","[0.07767421007156372, 0.12862209975719452, 0.15291772782802582, 0.020439477637410164, 0.025533605366945267, 0.21083542704582214, 0.748932957649231]",0.049787066876888275,-3.0,-3.0,0.1478794664144516,0.0002421714161755517,0.0010194673668593168,0.0010130961891263723,0.0016817271243780851,"{""critic_optimizer_updates"": 2019, ""actor_optimizer_updates_0"": 19, ""actor_optimizer_updates_1"": 19, ""actor_optimizer_steps_total"": 38, ""alpha_optimizer_updates"": 19}",-2.899304151535034,2.0055782794952393,0.6340786218643188,3.443301200866699,0.873193085193634
F_BC_only,20,0.0001723325694911182,0.00033223553327843547,"[0.031380545347929, -0.008556860499083996, 0.09620265662670135, 0.009118625894188881, 0.005463568493723869, -0.06208232790231705, 0.6638916730880737]","[0.09306639432907104, 0.13207320868968964, 0.13662371039390564, 0.011263171210885048, 0.01741485670208931, 0.2081325799226761, 0.7490000128746033]",0.049787066876888275,-3.0,-3.0,0.1484375,0.00017808875418268144,0.0003010398941114545,"[0.036051660776138306, 0.007799019105732441, 0.082190603017807, -0.00956489983946085, 0.014659296721220016, -0.06362016499042511, 0.6637915372848511]","[0.0779804214835167, 0.12883439660072327, 0.15254159271717072, 0.02512412518262863, 0.023228328675031662, 0.2098589837551117, 0.7489295601844788]",0.049787066876888275,-3.0,-3.0,0.1478794664144516,0.00018616713350638747,0.0010150233283638954,0.0010382055770605803,0.001730479416437447,"{""critic_optimizer_updates"": 2020, ""actor_optimizer_updates_0"": 20, ""actor_optimizer_updates_1"": 20, ""actor_optimizer_steps_total"": 40, ""alpha_optimizer_updates"": 20}",-3.026740074157715,2.0475802421569824,0.6334803104400635,3.4864604473114014,0.8756325840950012
F_BC_only,21,9.068845974979922e-05,0.00027021014830097556,"[0.031118188053369522, -0.0013053081929683685, 0.08771326392889023, 0.006527104880660772, 0.007940171286463737, -0.06521701067686081, 0.6638869047164917]","[0.09276004135608673, 0.13221576809883118, 0.13638627529144287, 0.010593394748866558, 0.01837405003607273, 0.20862700045108795, 0.7489997744560242]",0.049787066876888275,-3.0,-3.0,0.1484375,0.00012603041250258684,0.0002585677430033684,"[0.035888396203517914, 0.006830599159002304, 0.08266343176364899, -0.007552351336926222, 0.010231802240014076, -0.06535608321428299, 0.6637870073318481]","[0.07840811461210251, 0.12884846329689026, 0.14817003905773163, 0.02538946270942688, 0.02149365469813347, 0.2086877077817917, 0.7489261627197266]",0.049787066876888275,-3.0,-3.0,0.1478794664144516,9.9400662293192e-05,0.0010017056483775377,0.0010093317832797766,0.0017221297603100538,"{""critic_optimizer_updates"": 2021, ""actor_optimizer_updates_0"": 21, ""actor_optimizer_updates_1"": 21, ""actor_optimizer_steps_total"": 42, ""alpha_optimizer_updates"": 21}",-3.1505446434020996,2.1066994667053223,0.6439117193222046,3.5662922859191895,0.8809391260147095
F_BC_only,22,4.923303276882507e-05,0.00024967320496216416,"[0.030288077890872955, 0.006642716005444527, 0.08100564777851105, 0.002960586454719305, 0.010319896042346954, -0.06801202893257141, 0.6638854742050171]","[0.09107685089111328, 0.13239902257919312, 0.13617166876792908, 0.01027072872966528, 0.020667903125286102, 0.2094559669494629, 0.7489995956420898]",0.049787066876888275,-3.0,-3.0,0.1484375,7.224958972074091e-05,0.0002174224064219743,"[0.03582444787025452, 0.002930031856521964, 0.08525077998638153, -0.0030445843003690243, 0.006209122948348522, -0.06713921576738358, 0.6637853384017944]","[0.07908090204000473, 0.12874798476696014, 0.14353877305984497, 0.02173217386007309, 0.020755495876073837, 0.20790986716747284, 0.7489234209060669]",0.049787066876888275,-3.0,-3.0,0.1478794664144516,4.769831502926536e-05,0.0009939777664840221,0.0009682519594207406,0.0016981614753603935,"{""critic_optimizer_updates"": 2022, ""actor_optimizer_updates_0"": 22, ""actor_optimizer_updates_1"": 22, ""actor_optimizer_steps_total"": 44, ""alpha_optimizer_updates"": 22}",-3.1583456993103027,2.105867385864258,0.6434594392776489,3.5543746948242188,0.8815529346466064
F_BC_only,23,5.441232133307494e-05,0.00027020438574254513,"[0.03006157837808132, 0.012177608907222748, 0.07734468579292297, 0.00026290418463759124, 0.011739226058125496, -0.06838347017765045, 0.6638836860656738]","[0.08885626494884491, 0.1324317306280136, 0.13560977578163147, 0.013261576183140278, 0.023870814591646194, 0.2105870395898819, 0.7489996552467346]",0.049787066876888275,-3.0,-3.0,0.1484375,4.974934199708514e-05,0.0002058319078059867,"[0.035562627017498016, -0.0014731311239302158, 0.08707207441329956, 0.0021892087534070015, 0.0043093678541481495, -0.06777327507734299, 0.6637842655181885]","[0.07975789159536362, 0.12858469784259796, 0.13958977162837982, 0.016105612739920616, 0.02120841294527054, 0.2076863795518875, 0.7489215135574341]",0.049787066876888275,-3.0,-3.0,0.1478794664144516,4.517283014138229e-05,0.0010311370715498924,0.0009601923520676792,0.0017040029633790255,"{""critic_optimizer_updates"": 2023, ""actor_optimizer_updates_0"": 23, ""actor_optimizer_updates_1"": 23, ""actor_optimizer_steps_total"": 46, ""alpha_optimizer_updates"": 23}",-3.0838751792907715,2.0820250511169434,0.6331712007522583,3.509732961654663,0.8788135051727295
F_BC_only,24,7.242053834488615e-05,0.0002944962470792234,"[0.030750274658203125, 0.013285181485116482, 0.07725740224123001, -0.0009155606967397034, 0.011282182298600674, -0.06614545732736588, 0.6638795137405396]","[0.0870089903473854, 0.13211998343467712, 0.1351797878742218, 0.01770663447678089, 0.02632986381649971, 0.21181517839431763, 0.7489996552467346]",0.049787066876888275,-3.0,-3.0,0.1484375,5.315228918334469e-05,0.00021700930665247142,"[0.03478188067674637, -0.004390426445752382, 0.08586325496435165, 0.007230530492961407, 0.004671183880418539, -0.06725241243839264, 0.6637818813323975]","[0.08035822957754135, 0.1284482330083847, 0.13739575445652008, 0.012824086472392082, 0.022290987893939018, 0.20775285363197327, 0.7489209175109863]",0.049787066876888275,-3.0,-3.0,0.1478794664144516,6.604252121178433e-05,0.0010952393058687449,0.0009854435920715332,0.0017391056753695011,"{""critic_optimizer_updates"": 2024, ""actor_optimizer_updates_0"": 24, ""actor_optimizer_updates_1"": 24, ""actor_optimizer_steps_total"": 48, ""alpha_optimizer_updates"": 24}",-3.002666473388672,2.0320746898651123,0.6238822937011719,3.427419424057007,0.8747831583023071
F_BC_only,25,7.211722549982369e-05,0.000290892698103562,"[0.032160088419914246, 0.010731777176260948, 0.0801083892583847, -0.0005176955019123852, 0.009623315185308456, -0.06413783133029938, 0.6638728380203247]","[0.08605162054300308, 0.13161557912826538, 0.13556106388568878, 0.02058715932071209, 0.026746876537799835, 0.21204787492752075, 0.7489997744560242]",0.049787066876888275,-3.0,-3.0,0.1484375,5.69511903449893e-05,0.00022255341173149645,"[0.033548712730407715, -0.002907142974436283, 0.08351017534732819, 0.011311842128634453, 0.006489893421530724, -0.0653715431690216, 0.6637804508209229]","[0.08049656450748444, 0.12857958674430847, 0.13773669302463531, 0.012773729860782623, 0.023781094700098038, 0.2083376795053482, 0.7489211559295654]",0.049787066876888275,-3.0,-3.0,0.1478794664144516,7.539079524576664e-05,0.0011472717160359025,0.0010102116502821445,0.0017704624915495515,"{""critic_optimizer_updates"": 2025, ""actor_optimizer_updates_0"": 25, ""actor_optimizer_updates_1"": 25, ""actor_optimizer_steps_total"": 50, ""alpha_optimizer_updates"": 25}",-2.9957756996154785,2.012831687927246,0.6245574951171875,3.392575979232788,0.8739683628082275
F_BC_only,26,5.075619992567226e-05,0.0002601239539217204,"[0.0332084521651268, 0.005679538939148188, 0.08402292430400848, 0.0013071168214082718, 0.0083762900903821, -0.0640610009431839, 0.6638691425323486]","[0.08600839227437973, 0.13104386627674103, 0.13732725381851196, 0.020745769143104553, 0.024906180799007416, 0.21091699600219727, 0.749000072479248]",0.049787066876888275,-3.0,-3.0,0.1484375,5.587549094343558e-05,0.0002170983498217538,"[0.03225273638963699, 0.0010320525616407394, 0.08193798363208771, 0.013169636018574238, 0.008608769625425339, -0.06391611695289612, 0.6637825965881348]","[0.08015597611665726, 0.12889361381530762, 0.14076843857765198, 0.01302951481193304, 0.025366537272930145, 0.20906925201416016, 0.7489217519760132]",0.049787066876888275,-3.0,-3.0,0.1478794664144516,6.0974631196586415e-05,0.001149672083556652,0.001017385977320373,0.0017826204420998693,"{""critic_optimizer_updates"": 2026, ""actor_optimizer_updates_0"": 26, ""actor_optimizer_updates_1"": 26, ""actor_optimizer_steps_total"": 52, ""alpha_optimizer_updates"": 26}",-3.0497612953186035,2.0048396587371826,0.6235469579696655,3.385359764099121,0.8733935952186584
F_BC_only,27,3.781628402066417e-05,0.0002294346340931952,"[0.033136747777462006, 0.0008681304752826691, 0.09023634344339371, 0.003459577914327383, 0.007829262875020504, -0.06536451727151871, 0.663872480392456]","[0.08681736886501312, 0.13059337437152863, 0.13765867054462433, 0.018008200451731682, 0.02190089225769043, 0.20896479487419128, 0.7490004897117615]",0.049787066876888275,-3.0,-3.0,0.1484375,4.9442049203207716e-05,0.00020015373593196273,"[0.03184346854686737, 0.003956266678869724, 0.08523613214492798, 0.01295672357082367, 0.009953532367944717, -0.06432357430458069, 0.6637847423553467]","[0.07914772629737854, 0.12892019748687744, 0.14309683442115784, 0.013581309467554092, 0.026644473895430565, 0.2094622105360031, 0.7489225268363953]",0.049787066876888275,-3.0,-3.0,0.1478794664144516,4.291109144105576e-05,0.001090832520276308,0.001016816240735352,0.0017746082739904523,"{""critic_optimizer_updates"": 2027, ""actor_optimizer_updates_0"": 27, ""actor_optimizer_updates_1"": 27, ""actor_optimizer_steps_total"": 54, ""alpha_optimizer_updates"": 27}",-3.108555316925049,2.0067520141601562,0.6222933530807495,3.3887476921081543,0.8738830089569092
F_BC_only,28,5.22722075402271e-05,0.00023032593890093267,"[0.031870920211076736, -0.0025727511383593082, 0.09430606663227081, 0.005398798733949661, 0.007646119687706232, -0.06644683331251144, 0.6638720035552979]","[0.08842875808477402, 0.13047251105308533, 0.13865117728710175, 0.014040891081094742, 0.019286399707198143, 0.20733729004859924, 0.749000608921051]",0.049787066876888275,-3.0,-3.0,0.1484375,5.4670439567416906e-05,0.00019393149705138057,"[0.03261421620845795, 0.003914241213351488, 0.08837095648050308, 0.009544376283884048, 0.010247554630041122, -0.06587140262126923, 0.6637804508209229]","[0.07796698063611984, 0.1287640929222107, 0.14501483738422394, 0.016148684546351433, 0.027070369571447372, 0.20948491990566254, 0.7489228248596191]",0.049787066876888275,-3.0,-3.0,0.1478794664144516,5.5204614909598604e-05,0.0010986201232299209,0.0010572562459856272,0.0018101916648447514,"{""critic_optimizer_updates"": 2028, ""actor_optimizer_updates_0"": 28, ""actor_optimizer_updates_1"": 28, ""actor_optimizer_steps_total"": 56, ""alpha_optimizer_updates"": 28}",-3.166956901550293,2.0294876098632812,0.6209867000579834,3.420391082763672,0.8756183385848999
F_BC_only,29,8.60248546814546e-05,0.0002504907897673547,"[0.03007730469107628, -0.0036321564111858606, 0.09760978817939758, 0.006772407330572605, 0.0070039392448961735, -0.06652393192052841, 0.6638709902763367]","[0.09033136069774628, 0.1308039426803589, 0.13799500465393066, 0.01088025700300932, 0.01797938533127308, 0.20673298835754395, 0.7490008473396301]",0.049787066876888275,-3.0,-3.0,0.1484375,7.049232226563618e-05,0.00019889046961907297,"[0.03446660563349724, 0.0025641024112701416, 0.09114804118871689, 0.00406291289255023, 0.00997539795935154, -0.06670127809047699, 0.6637754440307617]","[0.07692857086658478, 0.12860828638076782, 0.14415480196475983, 0.019150855019688606, 0.026735136285424232, 0.20953144133090973, 0.7489224672317505]",0.049787066876888275,-3.0,-3.0,0.1478794664144516,9.052749373950064e-05,0.0011300703044980764,0.0011056609218940139,0.001849565887823701,"{""critic_optimizer_updates"": 2029, ""actor_optimizer_updates_0"": 29, ""actor_optimizer_updates_1"": 29, ""actor_optimizer_steps_total"": 58, ""alpha_optimizer_updates"": 29}",-3.1853954792022705,2.042360305786133,0.6213213801383972,3.4430978298187256,0.876693844795227
F_BC_only,30,0.0001067623816197738,0.00026231599622406065,"[0.02885286509990692, -0.0023902421817183495, 0.0987279936671257, 0.0072579151019454, 0.0065820058807730675, -0.06519435346126556, 0.6638696789741516]","[0.09180159121751785, 0.13137033581733704, 0.13624274730682373, 0.009638492949306965, 0.017643561586737633, 0.2071889489889145, 0.7490010261535645]",0.049787066876888275,-3.0,-3.0,0.1484375,8.028893353184685e-05,0.0002020112588070333,"[0.03651217743754387, 0.001630349550396204, 0.09094034135341644, -0.0011253179982304573, 0.009710781276226044, -0.06518033146858215, 0.6637698411941528]","[0.07643423974514008, 0.12854121625423431, 0.1415048986673355, 0.02074814960360527, 0.025854330509901047, 0.2098490446805954, 0.7489216327667236]",0.049787066876888275,-3.0,-3.0,0.1478794664144516,0.00011767459363909438,0.001160306390374899,0.0011468414450064301,0.0018858310068026185,"{""critic_optimizer_updates"": 2030, ""actor_optimizer_updates_0"": 30, ""actor_optimizer_updates_1"": 30, ""actor_optimizer_steps_total"": 60, ""alpha_optimizer_updates"": 30}",-3.1195144653320312,2.0495123863220215,0.6194738149642944,3.4603230953216553,0.8774410486221313
F_BC_only,31,0.0001005543235805817,0.0002551228681113571,"[0.028916196897625923, -0.00016528996638953686, 0.09687983989715576, 0.0062770359218120575, 0.006061171181499958, -0.0635991320014, 0.6638667583465576]","[0.09234213083982468, 0.13197894394397736, 0.13449126482009888, 0.009367312304675579, 0.017934678122401237, 0.20817194879055023, 0.7490010261535645]",0.049787066876888275,-3.0,-3.0,0.1484375,7.696782995481044e-05,0.00019772775704041123,"[0.03783468157052994, 0.0020981181878596544, 0.08749304711818695, -0.0044371890835464, 0.009681872092187405, -0.0634373128414154, 0.6637631058692932]","[0.0766095370054245, 0.12855856120586395, 0.1384837031364441, 0.01981690526008606, 0.02476290613412857, 0.2100486010313034, 0.7489205598831177]",0.049787066876888275,-3.0,-3.0,0.1478794664144516,0.00011901903781108558,0.001177971251308918,0.0011754323495551944,0.001918019843287766,"{""critic_optimizer_updates"": 2031, ""actor_optimizer_updates_0"": 31, ""actor_optimizer_updates_1"": 31, ""actor_optimizer_steps_total"": 62, ""alpha_optimizer_updates"": 31}",-3.0372366905212402,2.04636287689209,0.6209233999252319,3.467151403427124,0.8782065510749817
F_BC_only,32,7.520208600908518e-05,0.00023600204440299422,"[0.030222872272133827, 0.002144779311493039, 0.09238499402999878, 0.004498307127505541, 0.006421167403459549, -0.062879279255867, 0.6638644337654114]","[0.09201468527317047, 0.1324792355298996, 0.13334329426288605, 0.009519505314528942, 0.019337236881256104, 0.209121972322464, 0.7490007281303406]",0.049787066876888275,-3.0,-3.0,0.1484375,6.35997494100593e-05,0.00018832251953426749,"[0.03745177760720253, 0.0036433429922908545, 0.08494910597801208, -0.003953506238758564, 0.00946363527327776, -0.06348913908004761, 0.6637536287307739]","[0.07733222097158432, 0.12875401973724365, 0.13613560795783997, 0.01814812235534191, 0.023816602304577827, 0.2097967267036438, 0.7489199042320251]",0.049787066876888275,-3.0,-3.0,0.1478794664144516,9.737171058077365e-05,0.001177439815364778,0.0012009738711640239,0.001953565515577793,"{""critic_optimizer_updates"": 2032, ""actor_optimizer_updates_0"": 32, ""actor_optimizer_updates_1"": 32, ""actor_optimizer_steps_total"": 64, ""alpha_optimizer_updates"": 32}",-2.9456496238708496,2.035551071166992,0.6209299564361572,3.447734832763672,0.8781688213348389
F_BC_only,33,4.595060818246566e-05,0.00021901784930378199,"[0.03208506852388382, 0.0037171118892729282, 0.08670393377542496, 0.002965988591313362, 0.008017322048544884, -0.06406165659427643, 0.6638654470443726]","[0.09069515764713287, 0.13273651897907257, 0.1335829645395279, 0.01076712366193533, 0.02148108370602131, 0.20955459773540497, 0.7490008473396301]",0.049787066876888275,-3.0,-3.0,0.1484375,4.71653911517933e-05,0.00017920818936545402,"[0.035435378551483154, 0.0038081915117800236, 0.08419878780841827, -0.000393008318496868, 0.009239109233021736, -0.06496739387512207, 0.6637454032897949]","[0.07862874865531921, 0.12895342707633972, 0.1356721818447113, 0.016228321939706802, 0.02325291559100151, 0.20920880138874054, 0.7489194273948669]",0.049787066876888275,-3.0,-3.0,0.1478794664144516,6.082774780225009e-05,0.0011415615445002913,0.001215973636135459,0.001984033966436982,"{""critic_optimizer_updates"": 2033, ""actor_optimizer_updates_0"": 33, ""actor_optimizer_updates_1"": 33, ""actor_optimizer_steps_total"": 66, ""alpha_optimizer_updates"": 33}",-2.946080446243286,1.9866578578948975,0.629179835319519,3.388648748397827,0.8757697343826294
F_BC_only,34,3.5047822166234255e-05,0.00022122252266854048,"[0.03322901576757431, 0.004833784885704517, 0.08186522126197815, 0.001934380386956036, 0.009819956496357918, -0.06636746972799301, 0.6638669967651367]","[0.08901682496070862, 0.13299956917762756, 0.13539057970046997, 0.01372869685292244, 0.023364515975117683, 0.20962868630886078, 0.7490010261535645]",0.049787066876888275,-3.0,-3.0,0.1484375,4.064763925271109e-05,0.00018007548351306468,"[0.033257462084293365, 0.0021727776620537043, 0.08462843298912048, 0.004338026978075504, 0.009050164371728897, -0.06654249876737595, 0.6637389063835144]","[0.08002699911594391, 0.1290663480758667, 0.13810689747333527, 0.01463211141526699, 0.023158591240644455, 0.2088715136051178, 0.7489194273948669]",0.049787066876888275,-3.0,-3.0,0.1478794664144516,4.1428116674069315e-05,0.0011243099579587579,0.0012312456965446472,0.002015234436839819,"{""critic_optimizer_updates"": 2034, ""actor_optimizer_updates_0"": 34, ""actor_optimizer_updates_1"": 34, ""actor_optimizer_steps_total"": 68, ""alpha_optimizer_updates"": 34}",-3.0116052627563477,1.9976451396942139,0.6316287517547607,3.408521890640259,0.8769487142562866
F_BC_only,35,4.031541902804747e-05,0.0002368012792430818,"[0.03337569162249565, 0.005341060925275087, 0.07945173233747482, 0.001700416672974825, 0.010850735008716583, -0.06774026155471802, 0.6638685464859009]","[0.0876830592751503, 0.1331581324338913, 0.13834179937839508, 0.01677687279880047, 0.024323994293808937, 0.20952993631362915, 0.7490012645721436]",0.049787066876888275,-3.0,-3.0,0.1484375,4.748844003188424e-05,0.00019179742957931012,"[0.032026998698711395, -7.89507757872343e-05, 0.08590845763683319, 0.008476892486214638, 0.008657753467559814, -0.06731139868497849, 0.6637349128723145]","[0.08073989301919937, 0.1290619969367981, 0.14185799658298492, 0.013748984783887863, 0.023327743634581566, 0.2087296098470688, 0.7489198446273804]",0.049787066876888275,-3.0,-3.0,0.1478794664144516,4.153820191277191e-05,0.001126309740357101,0.0012527569197118282,0.002050158102065325,"{""critic_optimizer_updates"": 2035, ""actor_optimizer_updates_0"": 35, ""actor_optimizer_updates_1"": 35, ""actor_optimizer_steps_total"": 70, ""alpha_optimizer_updates"": 35}",-3.147353172302246,2.031741142272949,0.637067973613739,3.4720964431762695,0.8798719644546509
F_BC_only,36,4.0663864638190717e-05,0.00023818430781830102,"[0.03211114928126335, 0.00548083009198308, 0.08112961798906326, 0.002290389034897089, 0.010873056016862392, -0.06702357530593872, 0.6638702750205994]","[0.0871117040514946, 0.133169025182724, 0.14074014127254486, 0.0183852668851614, 0.023914983496069908, 0.20953498780727386, 0.7490016222000122]",0.049787066876888275,-3.0,-3.0,0.1484375,5.088143370812759e-05,0.00019584545225370675,"[0.03222653269767761, -0.0007379988674074411, 0.08753642439842224, 0.010618558153510094, 0.00849193800240755, -0.06612223386764526, 0.6637318134307861]","[0.08018279075622559, 0.12898802757263184, 0.14455793797969818, 0.01373235322535038, 0.02398652583360672, 0.2091044783592224, 0.7489202618598938]",0.049787066876888275,-3.0,-3.0,0.1478794664144516,4.0948696550913155e-05,0.0011195000261068344,0.0012704278342425823,0.0020703303162008524,"{""critic_optimizer_updates"": 2036, ""actor_optimizer_updates_0"": 36, ""actor_optimizer_updates_1"": 36, ""actor_optimizer_steps_total"": 72, ""alpha_optimizer_updates"": 36}",-3.216139793395996,2.081289529800415,0.6323729753494263,3.5617570877075195,0.8815783858299255
F_BC_only,37,3.537970769684762e-05,0.00022709912445861846,"[0.031082268804311752, 0.004857618361711502, 0.08504082262516022, 0.003325441386550665, 0.009832028299570084, -0.06505709886550903, 0.663872480392456]","[0.08718116581439972, 0.13304831087589264, 0.14238481223583221, 0.01806567795574665, 0.022762272506952286, 0.2096334844827652, 0.74900221824646]",0.049787066876888275,-3.0,-3.0,0.1484375,4.7414276195922866e-05,0.00019049999536946416,"[0.03380109369754791, 0.000522746006026864, 0.08650323748588562, 0.010269120335578918, 0.00862110685557127, -0.06475718319416046, 0.6637309193611145]","[0.07885368168354034, 0.12892700731754303, 0.14632417261600494, 0.014104718342423439, 0.024704501032829285, 0.2095620185136795, 0.7489207983016968]",0.049787066876888275,-3.0,-3.0,0.1478794664144516,3.4789074561558664e-05,0.0010939174098894,0.0012763278791680932,0.002073676325380802,"{""critic_optimizer_updates"": 2037, ""actor_optimizer_updates_0"": 37, ""actor_optimizer_updates_1"": 37, ""actor_optimizer_steps_total"": 74, ""alpha_optimizer_updates"": 37}",-3.2183897495269775,2.107408285140991,0.6325269341468811,3.606740951538086,0.8825425505638123
F_BC_only,38,3.356467641424388e-05,0.0002123635495081544,"[0.03070807456970215, 0.0030942426528781652, 0.09014551341533661, 0.0038070010486990213, 0.008520052768290043, -0.06332612037658691, 0.6638762950897217]","[0.08803108334541321, 0.13280510902404785, 0.14230723679065704, 0.015344014391303062, 0.021099235862493515, 0.20950990915298462, 0.7490029335021973]",0.049787066876888275,-3.0,-3.0,0.1484375,4.391174661577679e-05,0.0001843545469455421,"[0.03588131442666054, 0.002502314979210496, 0.08442030847072601, 0.007323406636714935, 0.008876868523657322, -0.06413482874631882, 0.6637299060821533]","[0.07734493166208267, 0.12886062264442444, 0.14615844190120697, 0.014670275151729584, 0.025306547060608864, 0.20983123779296875, 0.7489210963249207]",0.049787066876888275,-3.0,-3.0,0.1478794664144516,3.115428262390196e-05,0.0010485376697033644,0.0012855848763138056,0.0020746374502778053,"{""critic_optimizer_updates"": 2038, ""actor_optimizer_updates_0"": 38, ""actor_optimizer_updates_1"": 38, ""actor_optimizer_steps_total"": 76, ""alpha_optimizer_updates"": 38}",-3.152047634124756,2.1027932167053223,0.6316011548042297,3.5924367904663086,0.882858395576477
F_BC_only,39,4.639461258193478e-05,0.00021114430273883045,"[0.03152986988425255, 0.0007415555883198977, 0.09381843358278275, 0.004182357341051102, 0.007191644981503487, -0.06274794042110443, 0.6638798713684082]","[0.08935781568288803, 0.13253910839557648, 0.1408155858516693, 0.012239208444952965, 0.019848430529236794, 0.20926769077777863, 0.7490036487579346]",0.049787066876888275,-3.0,-3.0,0.1484375,5.136759500601329e-05,0.00019003005581907928,"[0.03700345754623413, 0.003864061087369919, 0.0822182446718216, 0.003105852520093322, 0.0092401634901762, -0.064836286008358, 0.6637294888496399]","[0.07644329965114594, 0.1287691444158554, 0.14520664513111115, 0.015503202565014362, 0.025675103068351746, 0.20973403751850128, 0.7489213347434998]",0.049787066876888275,-3.0,-3.0,0.1478794664144516,4.469330087886192e-05,0.0010183542035520077,0.0013042337959632277,0.0020855278708040714,"{""critic_optimizer_updates"": 2039, ""actor_optimizer_updates_0"": 39, ""actor_optimizer_updates_1"": 39, ""actor_optimizer_steps_total"": 78, ""alpha_optimizer_updates"": 39}",-3.0834672451019287,2.092039108276367,0.6327613592147827,3.5759503841400146,0.8827285170555115
F_BC_only,40,6.047599163139239e-05,0.0002184854238294065,"[0.0318036824464798, -0.0012657369952648878, 0.09359103441238403, 0.00448669632896781, 0.006827746517956257, -0.0640556737780571, 0.6638832688331604]","[0.09078357368707657, 0.13230493664741516, 0.14019958674907684, 0.010315503925085068, 0.01919485628604889, 0.20873099565505981, 0.7490040063858032]",0.049787066876888275,-3.0,-3.0,0.1484375,6.0967187891947106e-05,0.00020062482508365065,"[0.03676695376634598, 0.0037912994157522917, 0.08090965449810028, -0.0006087201181799173, 0.009191200137138367, -0.06559914350509644, 0.6637333631515503]","[0.07627737522125244, 0.1286340355873108, 0.14524739980697632, 0.016198717057704926, 0.025428874418139458, 0.20942392945289612, 0.7489219307899475]",0.049787066876888275,-3.0,-3.0,0.1478794664144516,6.102657789597288e-05,0.000999795738607645,0.0013119714567437768,0.0020955975633114576,"{""critic_optimizer_updates"": 2040, ""actor_optimizer_updates_0"": 40, ""actor_optimizer_updates_1"": 40, ""actor_optimizer_steps_total"": 80, ""alpha_optimizer_updates"": 40}",-3.003080368041992,2.0656800270080566,0.6359347105026245,3.540020227432251,0.8820807933807373
F_BC_only,41,6.47694178042002e-05,0.0002197854919359088,"[0.030479025095701218, -0.001517253229394555, 0.09221864491701126, 0.004192454740405083, 0.007124067284166813, -0.06638301908969879, 0.6638856530189514]","[0.09151080995798111, 0.13208898901939392, 0.13866852223873138, 0.009574861265718937, 0.01910308375954628, 0.20828233659267426, 0.7490043640136719]",0.049787066876888275,-3.0,-3.0,0.1484375,5.463200795929879e-05,0.00019490609702188522,"[0.03608444705605507, 0.002970712259411812, 0.08483397960662842, -0.0017424316611140966, 0.008898187428712845, -0.06543496996164322, 0.6637371182441711]","[0.0766700878739357, 0.12850792706012726, 0.1451009213924408, 0.01675163209438324, 0.024991638958454132, 0.20937764644622803, 0.7489226460456848]",0.049787066876888275,-3.0,-3.0,0.1478794664144516,6.928751099621877e-05,0.000984141486696899,0.0013009206159040332,0.0020875283516943455,"{""critic_optimizer_updates"": 2041, ""actor_optimizer_updates_0"": 41, ""actor_optimizer_updates_1"": 41, ""actor_optimizer_steps_total"": 82, ""alpha_optimizer_updates"": 41}",-3.07639479637146,2.063403606414795,0.6370463967323303,3.5445594787597656,0.8815913200378418
F_BC_only,42,5.194648838369176e-05,0.00021090396330691874,"[0.02904505655169487, -0.0005398145876824856, 0.08933873474597931, 0.003959431778639555, 0.007967870682477951, -0.06673592329025269, 0.6638877987861633]","[0.09128254652023315, 0.13188721239566803, 0.13767127692699432, 0.00955148320645094, 0.019722769036889076, 0.20844459533691406, 0.749004602432251]",0.049787066876888275,-3.0,-3.0,0.1484375,4.3014173570554703e-05,0.000185793440323323,"[0.034914445132017136, 0.0021895375102758408, 0.08829984068870544, -0.0005117732798680663, 0.008623698726296425, -0.06506240367889404, 0.6637406349182129]","[0.0777672529220581, 0.12837852537631989, 0.14502418041229248, 0.016586409881711006, 0.02421220950782299, 0.20944750308990479, 0.7489234209060669]",0.049787066876888275,-3.0,-3.0,0.1478794664144516,5.9518632042454556e-05,0.0009603291982784867,0.0012857572874054313,0.002081262646242976,"{""critic_optimizer_updates"": 2042, ""actor_optimizer_updates_0"": 42, ""actor_optimizer_updates_1"": 42, ""actor_optimizer_steps_total"": 84, ""alpha_optimizer_updates"": 42}",-3.147599697113037,2.050478458404541,0.6393044590950012,3.5343990325927734,0.881500244140625
F_BC_only,43,3.537670636433177e-05,0.00020192080410197377,"[0.028855999931693077, 0.0012952208053320646, 0.0862644612789154, 0.0035667794290930033, 0.008393518626689911, -0.06514313071966171, 0.6638898253440857]","[0.09040739387273788, 0.13174840807914734, 0.13712935149669647, 0.010423541069030762, 0.02072090655565262, 0.20921561121940613, 0.7490047216415405]",0.049787066876888275,-3.0,-3.0,0.1484375,3.68182772945147e-05,0.000183007083251141,"[0.034101881086826324, 0.0015837810933589935, 0.08795753866434097, 0.002042518462985754, 0.008709760382771492, -0.06474611163139343, 0.663744330406189]","[0.07922834157943726, 0.1283339112997055, 0.1452576071023941, 0.015732113271951675, 0.023419013246893883, 0.20946945250034332, 0.7489242553710938]",0.049787066876888275,-3.0,-3.0,0.1478794664144516,4.523300231085159e-05,0.0009372892673127353,0.0012764232233166695,0.00208646384999156,"{""critic_optimizer_updates"": 2043, ""actor_optimizer_updates_0"": 43, ""actor_optimizer_updates_1"": 43, ""actor_optimizer_steps_total"": 86, ""alpha_optimizer_updates"": 43}",-3.1496148109436035,2.0391790866851807,0.6416457891464233,3.5188188552856445,0.8816858530044556
F_BC_only,44,2.8527625545393676e-05,0.00020008237333968282,"[0.030576491728425026, 0.0038701940793544054, 0.08567777276039124, 0.003345401957631111, 0.008585821837186813, -0.06400032341480255, 0.6638895869255066]","[0.08909481018781662, 0.13170190155506134, 0.13582997024059296, 0.01270876545459032, 0.021457688882946968, 0.2096971869468689, 0.7490048408508301]",0.049787066876888275,-3.0,-3.0,0.1484375,3.4902579500339925e-05,0.00018346162687521428,"[0.03391217440366745, 0.0013242403510957956, 0.08687793463468552, 0.004989682696759701, 0.00908927246928215, -0.0652901902794838, 0.6637459397315979]","[0.08029806613922119, 0.12830530107021332, 0.14388419687747955, 0.01493897009640932, 0.02298790216445923, 0.20917677879333496, 0.7489246726036072]",0.049787066876888275,-3.0,-3.0,0.1478794664144516,3.866666156682186e-05,0.0009380158735439181,0.0012759472010657191,0.0020943935960531235,"{""critic_optimizer_updates"": 2044, ""actor_optimizer_updates_0"": 44, ""actor_optimizer_updates_1"": 44, ""actor_optimizer_steps_total"": 88, ""alpha_optimizer_updates"": 44}",-3.102992534637451,2.026343584060669,0.6397032737731934,3.4964139461517334,0.8818113803863525
F_BC_only,45,2.904377834056504e-05,0.00020515514188446105,"[0.03292418271303177, 0.005089979153126478, 0.08572878688573837, 0.0030860959086567163, 0.008591234683990479, -0.06447093933820724, 0.6638885736465454]","[0.08798736333847046, 0.1316286027431488, 0.13585573434829712, 0.015266800299286842, 0.02176852896809578, 0.20957985520362854, 0.7490047812461853]",0.049787066876888275,-3.0,-3.0,0.1484375,3.678111170302145e-05,0.00018605642253533006,"[0.03440859541296959, 0.0015227093826979399, 0.08402866870164871, 0.006982206366956234, 0.009559564292430878, -0.06623749434947968, 0.663751482963562]","[0.0804823637008667, 0.12836866080760956, 0.14265188574790955, 0.014233792200684547, 0.022904064506292343, 0.20886218547821045, 0.7489262223243713]",0.049787066876888275,-3.0,-3.0,0.1478794664144516,3.706034112838097e-05,0.0009526741923764348,0.0012655723839998245,0.0020857625640928745,"{""critic_optimizer_updates"": 2045, ""actor_optimizer_updates_0"": 45, ""actor_optimizer_updates_1"": 45, ""actor_optimizer_steps_total"": 90, ""alpha_optimizer_updates"": 45}",-3.0378870964050293,2.008045196533203,0.6401925086975098,3.470412492752075,0.8810687065124512
F_BC_only,46,2.9127706511644647e-05,0.0002075346710626036,"[0.034260038286447525, 0.004787390120327473, 0.08557508885860443, 0.0031001719180494547, 0.008546872064471245, -0.06551377475261688, 0.6638885736465454]","[0.08739977329969406, 0.13151858747005463, 0.13735038042068481, 0.01660250313580036, 0.02135627530515194, 0.2089439481496811, 0.7490047216415405]",0.049787066876888275,-3.0,-3.0,0.1484375,3.752246266230941e-05,0.00018369959434494376,"[0.03530209884047508, 0.0017493877094238997, 0.08221019059419632, 0.007053062319755554, 0.009559769183397293, -0.06651977449655533, 0.6637592315673828]","[0.07956772297620773, 0.12840041518211365, 0.14180807769298553, 0.013559587299823761, 0.02311740070581436, 0.20880785584449768, 0.7489275932312012]",0.049787066876888275,-3.0,-3.0,0.1478794664144516,3.4281918487977237e-05,0.0009585435618646443,0.0012447871267795563,0.0020610163919627666,"{""critic_optimizer_updates"": 2046, ""actor_optimizer_updates_0"": 46, ""actor_optimizer_updates_1"": 46, ""actor_optimizer_steps_total"": 92, ""alpha_optimizer_updates"": 46}",-2.998098373413086,2.0006251335144043,0.6415053606033325,3.4608325958251953,0.8817031979560852
F_BC_only,47,3.0645565857412294e-05,0.00020263466285541654,"[0.03386335074901581, 0.0034766001626849174, 0.08786027133464813, 0.003403095528483391, 0.008900588378310204, -0.06621110439300537, 0.6638898849487305]","[0.08733190596103668, 0.13142018020153046, 0.13758671283721924, 0.01646912284195423, 0.02053767442703247, 0.2085055410861969, 0.7490047812461853]",0.049787066876888275,-3.0,-3.0,0.1484375,3.4458309528417885e-05,0.00017419300274923444,"[0.03595671057701111, 0.002400339115411043, 0.08575376868247986, 0.00591648044064641, 0.008966532535851002, -0.06607848405838013, 0.6637670993804932]","[0.07821976393461227, 0.12842939794063568, 0.1404772847890854, 0.01372799277305603, 0.023775845766067505, 0.20904378592967987, 0.7489287853240967]",0.049787066876888275,-3.0,-3.0,0.1478794664144516,3.647496487246826e-05,0.0009554873104207218,0.0012215266469866037,0.002024133689701557,"{""critic_optimizer_updates"": 2047, ""actor_optimizer_updates_0"": 47, ""actor_optimizer_updates_1"": 47, ""actor_optimizer_steps_total"": 94, ""alpha_optimizer_updates"": 47}",-3.013781785964966,1.9925450086593628,0.640256404876709,3.454296350479126,0.8819800019264221
F_BC_only,48,2.766187026281841e-05,0.0001970768062165007,"[0.03197861835360527, 0.001654412830248475, 0.08807108551263809, 0.0037723961286246777, 0.00897175818681717, -0.06587836891412735, 0.6638866662979126]","[0.08792555332183838, 0.13142502307891846, 0.1393505334854126, 0.014509263448417187, 0.01965903304517269, 0.20848971605300903, 0.7490048408508301]",0.049787066876888275,-3.0,-3.0,0.1484375,3.9355836634058505e-05,0.00017468139412812889,"[0.035847049206495285, 0.0019160076044499874, 0.08891381323337555, 0.0043201143853366375, 0.00846170075237751, -0.06510555744171143, 0.6637731790542603]","[0.07720401138067245, 0.12844063341617584, 0.14024688303470612, 0.014716715551912785, 0.024573570117354393, 0.2093510776758194, 0.7489301562309265]",0.049787066876888275,-3.0,-3.0,0.1478794664144516,2.859891719708685e-05,0.0009731914033181965,0.0012126399669796228,0.0020058979280292988,"{""critic_optimizer_updates"": 2048, ""actor_optimizer_updates_0"": 48, ""actor_optimizer_updates_1"": 48, ""actor_optimizer_steps_total"": 96, ""alpha_optimizer_updates"": 48}",-3.090524196624756,2.0014543533325195,0.6413180828094482,3.4776599407196045,0.8823220133781433
F_BC_only,49,3.0856313969707116e-05,0.00019982042431365699,"[0.03018694557249546, 0.0001456418540328741, 0.0873502567410469, 0.00391521817073226, 0.008508839644491673, -0.06489904224872589, 0.663886308670044]","[0.08876786381006241, 0.13150575757026672, 0.14133428037166595, 0.011880142614245415, 0.019249869510531425, 0.20874257385730743, 0.7490048408508301]",0.049787066876888275,-3.0,-3.0,0.1484375,4.184313729638234e-05,0.00017710613610688597,"[0.034938111901283264, 0.0012794940266758204, 0.08864191919565201, 0.0025263591669499874, 0.008330406621098518, -0.06422830373048782, 0.6637789011001587]","[0.07689249515533447, 0.1285434365272522, 0.14156034588813782, 0.015633348375558853, 0.025087077170610428, 0.20966294407844543, 0.7489314079284668]",0.049787066876888275,-3.0,-3.0,0.1478794664144516,3.006194492627401e-05,0.0009864153107628226,0.0012002777075394988,0.001994785852730274,"{""critic_optimizer_updates"": 2049, ""actor_optimizer_updates_0"": 49, ""actor_optimizer_updates_1"": 49, ""actor_optimizer_steps_total"": 98, ""alpha_optimizer_updates"": 49}",-3.2115578651428223,2.0132856369018555,0.6440284848213196,3.49459171295166,0.8812898993492126
F_BC_only,50,3.966356234741397e-05,0.00021059731079731137,"[0.029300415888428688, -0.00041323574259877205, 0.08590824156999588, 0.003973260521888733, 0.00778050534427166, -0.06400541961193085, 0.6638875007629395]","[0.08953431248664856, 0.1317017674446106, 0.14356930553913116, 0.01022050715982914, 0.019294295459985733, 0.20910373330116272, 0.7490050792694092]",0.049787066876888275,-3.0,-3.0,0.1484375,4.352439646027051e-05,0.00018109676602762192,"[0.034217655658721924, 0.0015141281764954329, 0.08422182500362396, 0.0013547593262046576, 0.008858101442456245, -0.06477034837007523, 0.663784384727478]","[0.07706643640995026, 0.12878571450710297, 0.14343677461147308, 0.01613887958228588, 0.025221848860383034, 0.20950639247894287, 0.7489326596260071]",0.049787066876888275,-3.0,-3.0,0.1478794664144516,3.9086116885300726e-05,0.0009941153693944216,0.0011858983198180795,0.001990509917959571,"{""critic_optimizer_updates"": 2050, ""actor_optimizer_updates_0"": 50, ""actor_optimizer_updates_1"": 50, ""actor_optimizer_steps_total"": 100, ""alpha_optimizer_updates"": 50}",-3.2393643856048584,1.990477204322815,0.6377206444740295,3.4594154357910156,0.8764089345932007
F_BC_only,51,4.1076800698647276e-05,0.00020891003077849746,"[0.030201943591237068, 0.0007192748598754406, 0.08762726932764053, 0.00430125929415226, 0.007227185182273388, -0.06442965567111969, 0.6638875603675842]","[0.08983047306537628, 0.13201770186424255, 0.14295925199985504, 0.009886817075312138, 0.01995375007390976, 0.20926102995872498, 0.7490054965019226]",0.049787066876888275,-3.0,-3.0,0.1484375,4.248155892128125e-05,0.00018144186469726264,"[0.033780962228775024, 0.0024285183753818274, 0.08355104923248291, 0.0013640769757330418, 0.009331054985523224, -0.0659574344754219, 0.6637891530990601]","[0.07774617522954941, 0.12902137637138367, 0.1439666599035263, 0.016312824562191963, 0.024920040741562843, 0.2092987596988678, 0.7489339113235474]",0.049787066876888275,-3.0,-3.0,0.1478794664144516,4.2099363781744614e-05,0.0009959284216165543,0.0011705777142196894,0.0019798388238996267,"{""critic_optimizer_updates"": 2051, ""actor_optimizer_updates_0"": 51, ""actor_optimizer_updates_1"": 51, ""actor_optimizer_steps_total"": 102, ""alpha_optimizer_updates"": 51}",-3.174760341644287,1.9477962255477905,0.6181468367576599,3.3868532180786133,0.870881199836731
F_BC_only,52,4.210533734294586e-05,0.00020206900080665946,"[0.031731922179460526, 0.0028010066598653793, 0.09142475575208664, 0.004530637059360743, 0.007946997880935669, -0.06627629697322845, 0.6638833284378052]","[0.08954782783985138, 0.1322885900735855, 0.14010246098041534, 0.01052391529083252, 0.020918646827340126, 0.2091074287891388, 0.7490056157112122]",0.049787066876888275,-3.0,-3.0,0.1484375,3.7954814615659416e-05,0.0001766950881574303,"[0.03413492441177368, 0.0020571090281009674, 0.08595636487007141, 0.0027179913595318794, 0.009581134654581547, -0.06649432331323624, 0.6637916564941406]","[0.0786745548248291, 0.1290481835603714, 0.14378629624843597, 0.01628747209906578, 0.024371981620788574, 0.20936009287834167, 0.7489352226257324]",0.049787066876888275,-3.0,-3.0,0.1478794664144516,4.301547960494645e-05,0.0010272227227687836,0.0011604888131842017,0.0019697644747793674,"{""critic_optimizer_updates"": 2052, ""actor_optimizer_updates_0"": 52, ""actor_optimizer_updates_1"": 52, ""actor_optimizer_steps_total"": 104, ""alpha_optimizer_updates"": 52}",-3.1356687545776367,1.935868501663208,0.6149719953536987,3.3717894554138184,0.869318425655365
F_BC_only,53,4.711726069217548e-05,0.00020245122141204774,"[0.03204203397035599, 0.0036133809480816126, 0.09304367005825043, 0.0043093375861644745, 0.00933331809937954, -0.06655518710613251, 0.6638810634613037]","[0.08889933675527573, 0.13237302005290985, 0.13709183037281036, 0.011855038814246655, 0.021706771105527878, 0.20913323760032654, 0.7490057945251465]",0.049787066876888275,-3.0,-3.0,0.1484375,3.674631443573162e-05,0.0001746236375765875,"[0.03495275229215622, 0.0012840153649449348, 0.08874297142028809, 0.004322671331465244, 0.009681535884737968, -0.06566907465457916, 0.6637964844703674]","[0.07942567020654678, 0.1289626955986023, 0.14304275810718536, 0.015946894884109497, 0.023721544072031975, 0.20957733690738678, 0.7489367127418518]",0.049787066876888275,-3.0,-3.0,0.1478794664144516,4.972835085936822e-05,0.0010507665574550629,0.0011426261626183987,0.0019467149395495653,"{""critic_optimizer_updates"": 2053, ""actor_optimizer_updates_0"": 53, ""actor_optimizer_updates_1"": 53, ""actor_optimizer_steps_total"": 106, ""alpha_optimizer_updates"": 53}",-3.080850601196289,1.927946925163269,0.6168432235717773,3.3585855960845947,0.8695319890975952
F_BC_only,54,4.869893746217713e-05,0.00020425295224413276,"[0.031825073063373566, 0.0027449827175587416, 0.09163817763328552, 0.004118473269045353, 0.009757880121469498, -0.06514553725719452, 0.6638792753219604]","[0.08822790533304214, 0.1322316825389862, 0.1345290094614029, 0.013813811354339123, 0.022124310955405235, 0.20939911901950836, 0.7490057945251465]",0.049787066876888275,-3.0,-3.0,0.1484375,3.4988664992852136e-05,0.00017225022020284086,"[0.03602653741836548, 0.0015144788194447756, 0.0890420451760292, 0.005277866497635841, 0.009357779286801815, -0.0647503063082695, 0.6637964844703674]","[0.0793241336941719, 0.12886671721935272, 0.14159460365772247, 0.015468400903046131, 0.022943073883652687, 0.20956473052501678, 0.7489385604858398]",0.049787066876888275,-3.0,-3.0,0.1478794664144516,5.49705364392139e-05,0.0010711412178352475,0.0011395285837352276,0.0019336628029122949,"{""critic_optimizer_updates"": 2054, ""actor_optimizer_updates_0"": 54, ""actor_optimizer_updates_1"": 54, ""actor_optimizer_steps_total"": 108, ""alpha_optimizer_updates"": 54}",-3.0168442726135254,1.9327553510665894,0.61121666431427,3.3562493324279785,0.8704124689102173
F_BC_only,55,4.327337592258118e-05,0.00020625650358852,"[0.031477294862270355, 0.0013925260864198208, 0.08792780339717865, 0.0035312550608068705, 0.00893942266702652, -0.0633821189403534, 0.6638772487640381]","[0.08790779858827591, 0.13204726576805115, 0.13375738263130188, 0.015048421919345856, 0.021955562755465508, 0.20954540371894836, 0.7490054965019226]",0.049787066876888275,-3.0,-3.0,0.1484375,3.365193697391078e-05,0.00017158788978122175,"[0.03622099384665489, 0.0023403496015816927, 0.0848844051361084, 0.005195801146328449, 0.008936366066336632, -0.06469528377056122, 0.6637961864471436]","[0.0787615031003952, 0.12886621057987213, 0.14154945313930511, 0.015070192515850067, 0.022301925346255302, 0.20909446477890015, 0.7489401698112488]",0.049787066876888275,-3.0,-3.0,0.1478794664144516,5.2180625061737373e-05,0.0010892492718994617,0.0011364663951098919,0.001926985802128911,"{""critic_optimizer_updates"": 2055, ""actor_optimizer_updates_0"": 55, ""actor_optimizer_updates_1"": 55, ""actor_optimizer_steps_total"": 110, ""alpha_optimizer_updates"": 55}",-3.009965419769287,1.9266198873519897,0.615039587020874,3.3477859497070312,0.8708451986312866
F_BC_only,56,3.129140168312006e-05,0.0002067358436761424,"[0.03098881244659424, 0.0012012012302875519, 0.08380217850208282, 0.0026061381213366985, 0.007821394130587578, -0.06349219381809235, 0.6638757586479187]","[0.08813867717981339, 0.13191485404968262, 0.13510455191135406, 0.01493713166564703, 0.021298253908753395, 0.2090979665517807, 0.7490050792694092]",0.049787066876888275,-3.0,-3.0,0.1484375,3.8523914554389194e-05,0.00017752512940205634,"[0.035026583820581436, 0.002421181183308363, 0.08100630342960358, 0.004041212145239115, 0.0083952397108078, -0.06563527882099152, 0.6637963056564331]","[0.07807896286249161, 0.12885262072086334, 0.1427532434463501, 0.014538713730871677, 0.022056784480810165, 0.20853842794895172, 0.7489416599273682]",0.049787066876888275,-3.0,-3.0,0.1478794664144516,3.9087779441615567e-05,0.0010990535374730825,0.0011375983012840152,0.0019280473934486508,"{""critic_optimizer_updates"": 2056, ""actor_optimizer_updates_0"": 56, ""actor_optimizer_updates_1"": 56, ""actor_optimizer_steps_total"": 112, ""alpha_optimizer_updates"": 56}",-3.0718326568603516,1.9287612438201904,0.6158367991447449,3.3520290851593018,0.8710860013961792
F_BC_only,57,2.3154787413659506e-05,0.00020545566803775728,"[0.031556107103824615, 0.002357902703806758, 0.0836811438202858, 0.0023742609191685915, 0.0070562842302024364, -0.06588208675384521, 0.6638749241828918]","[0.0886634886264801, 0.13189925253391266, 0.13640375435352325, 0.013852434232831001, 0.020579591393470764, 0.20832261443138123, 0.7490049600601196]",0.049787066876888275,-3.0,-3.0,0.1484375,3.8541387766599655e-05,0.0001757529826136306,"[0.0332147479057312, 0.0019613492768257856, 0.08371837437152863, 0.0029523205012083054, 0.00795435905456543, -0.06661072373390198, 0.6637965440750122]","[0.07744672149419785, 0.12882959842681885, 0.14352665841579437, 0.01471382100135088, 0.022661754861474037, 0.20831434428691864, 0.7489432096481323]",0.049787066876888275,-3.0,-3.0,0.1478794664144516,3.065393684664741e-05,0.0011032315669581294,0.0011348249390721321,0.0019163313554599881,"{""critic_optimizer_updates"": 2057, ""actor_optimizer_updates_0"": 57, ""actor_optimizer_updates_1"": 57, ""actor_optimizer_steps_total"": 114, ""alpha_optimizer_updates"": 57}",-3.1593470573425293,1.914950966835022,0.619397759437561,3.3378725051879883,0.8708664774894714
F_BC_only,58,2.0040761228301562e-05,0.0002083412982756272,"[0.03171387314796448, 0.004116901662200689, 0.08475205302238464, 0.002430140506476164, 0.007388693280518055, -0.06714852899312973, 0.6638757586479187]","[0.08936463296413422, 0.13200879096984863, 0.13908715546131134, 0.012082326225936413, 0.020134445279836655, 0.20777757465839386, 0.7490049600601196]",0.049787066876888275,-3.0,-3.0,0.1484375,4.1006089304573834e-05,0.0001762970059644431,"[0.03226875886321068, 0.0011040640529245138, 0.0880928710103035, 0.0026449975557625294, 0.008126462809741497, -0.06706700474023819, 0.6637972593307495]","[0.07715258747339249, 0.12886060774326324, 0.14423778653144836, 0.01549111120402813, 0.02373737283051014, 0.20873181521892548, 0.7489448189735413]",0.049787066876888275,-3.0,-3.0,0.1478794664144516,2.56572020589374e-05,0.001102101756259799,0.0011371576692909002,0.0019086612155660987,"{""critic_optimizer_updates"": 2058, ""actor_optimizer_updates_0"": 58, ""actor_optimizer_updates_1"": 58, ""actor_optimizer_steps_total"": 116, ""alpha_optimizer_updates"": 58}",-3.284731388092041,1.9030635356903076,0.6269292235374451,3.331195831298828,0.8672816753387451
F_BC_only,59,2.296702041348908e-05,0.00021262657537590712,"[0.03178304433822632, 0.0050455620512366295, 0.08732309937477112, 0.0029675252735614777, 0.008524531498551369, -0.06613124161958694, 0.6638767719268799]","[0.08995368331670761, 0.13209845125675201, 0.14089597761631012, 0.010725229978561401, 0.020182380452752113, 0.20797771215438843, 0.7490050196647644]",0.049787066876888275,-3.0,-3.0,0.1484375,4.080551298102364e-05,0.0001750355731928721,"[0.03323529660701752, 0.0012426497414708138, 0.0894358903169632, 0.0028410956729203463, 0.008814433589577675, -0.06567220389842987, 0.6637973785400391]","[0.0772378072142601, 0.12894600629806519, 0.14399772882461548, 0.015865514054894447, 0.024569783359766006, 0.20962773263454437, 0.7489463090896606]",0.049787066876888275,-3.0,-3.0,0.1478794664144516,2.804056930472143e-05,0.001099593355320394,0.001139041967689991,0.0019006695365533233,"{""critic_optimizer_updates"": 2059, ""actor_optimizer_updates_0"": 59, ""actor_optimizer_updates_1"": 59, ""actor_optimizer_steps_total"": 118, ""alpha_optimizer_updates"": 59}",-3.322439193725586,1.8925106525421143,0.62608802318573,3.321925163269043,0.8648335933685303
F_BC_only,60,2.9506796636269428e-05,0.0002130582433892414,"[0.03157586604356766, 0.0042620147578418255, 0.09122893959283829, 0.003967984579503536, 0.009061591699719429, -0.06403971463441849, 0.6638827919960022]","[0.09030642360448837, 0.13215281069278717, 0.1407756507396698, 0.010265413671731949, 0.020990369841456413, 0.20857523381710052, 0.7490054368972778]",0.049787066876888275,-3.0,-3.0,0.1484375,3.5237644624430686e-05,0.0001713975943857804,"[0.03520875424146652, 0.001685222378000617, 0.08767948299646378, 0.0033962856978178024, 0.009647214785218239, -0.06442383676767349, 0.6637977361679077]","[0.0775919184088707, 0.12899327278137207, 0.14243917167186737, 0.01611335761845112, 0.024856483563780785, 0.21018065512180328, 0.7489473223686218]",0.049787066876888275,-3.0,-3.0,0.1478794664144516,3.16440527967643e-05,0.0010638233507052064,0.0011337189935147762,0.0018876909743994474,"{""critic_optimizer_updates"": 2060, ""actor_optimizer_updates_0"": 60, ""actor_optimizer_updates_1"": 60, ""actor_optimizer_steps_total"": 120, ""alpha_optimizer_updates"": 60}",-3.253852367401123,1.8845651149749756,0.6342740058898926,3.3111166954040527,0.8672524094581604
F_BC_only,61,3.880852818838321e-05,0.00021190936968196183,"[0.03115260973572731, 0.0019398350268602371, 0.09413265436887741, 0.005214517004787922, 0.0092041390016675, -0.06295137107372284, 0.6638867855072021]","[0.09031805396080017, 0.13214711844921112, 0.13856323063373566, 0.010797830298542976, 0.02213420905172825, 0.20907700061798096, 0.7490058541297913]",0.049787066876888275,-3.0,-3.0,0.1484375,3.224886313546449e-05,0.00017259771993849427,"[0.03691334277391434, 0.0017394451424479485, 0.0840763971209526, 0.0037526702508330345, 0.00960753858089447, -0.0647723525762558, 0.6637985706329346]","[0.07800285518169403, 0.1290082335472107, 0.14160358905792236, 0.015896514058113098, 0.02423761412501335, 0.2099536657333374, 0.7489479780197144]",0.049787066876888275,-3.0,-3.0,0.1478794664144516,4.0197381167672575e-05,0.0010418153833597898,0.001126537099480629,0.001878193812444806,"{""critic_optimizer_updates"": 2061, ""actor_optimizer_updates_0"": 61, ""actor_optimizer_updates_1"": 61, ""actor_optimizer_steps_total"": 122, ""alpha_optimizer_updates"": 61}",-3.1241562366485596,1.8613135814666748,0.6367016434669495,3.2790613174438477,0.8681211471557617
F_BC_only,62,3.8429581763921306e-05,0.0002090868802042678,"[0.030753109604120255, -0.000663472106680274, 0.09250058233737946, 0.00551092391833663, 0.00874919630587101, -0.06521318852901459, 0.6638888120651245]","[0.09001880139112473, 0.13212497532367706, 0.13739994168281555, 0.011682450771331787, 0.022871678695082664, 0.2087254673242569, 0.749005913734436]",0.049787066876888275,-3.0,-3.0,0.1484375,3.177075632265769e-05,0.00017705980280879885,"[0.03676890581846237, 0.0010001445189118385, 0.08200930058956146, 0.0038484400138258934, 0.008862875401973724, -0.06590555608272552, 0.6637999415397644]","[0.07839486747980118, 0.12889735400676727, 0.14249283075332642, 0.015247655101120472, 0.023287203162908554, 0.20927175879478455, 0.7489487528800964]",0.049787066876888275,-3.0,-3.0,0.1478794664144516,4.004112270195037e-05,0.001031765597872436,0.0011204055044800043,0.0018750926246866584,"{""critic_optimizer_updates"": 2062, ""actor_optimizer_updates_0"": 62, ""actor_optimizer_updates_1"": 62, ""actor_optimizer_steps_total"": 124, ""alpha_optimizer_updates"": 62}",-3.0488271713256836,1.8503386974334717,0.6380405426025391,3.274911403656006,0.8687865138053894
F_BC_only,63,3.346546509419568e-05,0.00021154648857191205,"[0.03048982471227646, -0.0018955871928483248, 0.08743200451135635, 0.004572723992168903, 0.008869287557899952, -0.06735633313655853, 0.6638907194137573]","[0.08968723565340042, 0.13215576112270355, 0.13786093890666962, 0.012529884465038776, 0.022588999941945076, 0.20823003351688385, 0.749005913734436]",0.049787066876888275,-3.0,-3.0,0.1484375,3.015367292391602e-05,0.0001777740108082071,"[0.034745924174785614, 0.0009160744957625866, 0.08403950184583664, 0.0036844005808234215, 0.008076706901192665, -0.06558627635240555, 0.6638022661209106]","[0.07858830690383911, 0.1288260668516159, 0.14433489739894867, 0.01459587924182415, 0.02288884110748768, 0.20900888741016388, 0.7489495277404785]",0.049787066876888275,-3.0,-3.0,0.1478794664144516,3.45212101819925e-05,0.0010238622780889273,0.0011118012480437756,0.0018670640420168638,"{""critic_optimizer_updates"": 2063, ""actor_optimizer_updates_0"": 63, ""actor_optimizer_updates_1"": 63, ""actor_optimizer_steps_total"": 126, ""alpha_optimizer_updates"": 63}",-3.0610780715942383,1.8595521450042725,0.6387525200843811,3.3000426292419434,0.8701038360595703
F_BC_only,64,2.9892220481997356e-05,0.00021492262021638453,"[0.031315214931964874, 0.00015484215691685677, 0.08471297472715378, 0.003210010938346386, 0.009537115693092346, -0.06686986237764359, 0.663886308670044]","[0.08940078318119049, 0.1323913037776947, 0.13802456855773926, 0.012784353457391262, 0.021503565832972527, 0.20836226642131805, 0.7490059733390808]",0.049787066876888275,-3.0,-3.0,0.1484375,3.22406594932545e-05,0.00017920690879691392,"[0.032367631793022156, 0.0020523492712527514, 0.08831138908863068, 0.004111285321414471, 0.008065804839134216, -0.06456898152828217, 0.6638034582138062]","[0.07847514003515244, 0.128843754529953, 0.14526039361953735, 0.014674017205834389, 0.023117367178201675, 0.2092437595129013, 0.7489504814147949]",0.049787066876888275,-3.0,-3.0,0.1478794664144516,3.377396205905825e-05,0.0010672817006707191,0.0011142275761812925,0.0018656483152881265,"{""critic_optimizer_updates"": 2064, ""actor_optimizer_updates_0"": 64, ""actor_optimizer_updates_1"": 64, ""actor_optimizer_steps_total"": 128, ""alpha_optimizer_updates"": 64}",-3.126732587814331,1.858675479888916,0.6475188136100769,3.306164264678955,0.870578408241272
F_BC_only,65,2.9263665055623278e-05,0.00021708822168875486,"[0.03189467638731003, 0.004305272363126278, 0.08546653389930725, 0.0023667686618864536, 0.008793152868747711, -0.06516403704881668, 0.6638855934143066]","[0.08914382010698318, 0.13274748623371124, 0.13759759068489075, 0.012751341797411442, 0.02027338184416294, 0.2088439017534256, 0.7490063905715942]",0.049787066876888275,-3.0,-3.0,0.1484375,3.4314420190639794e-05,0.00017952425696421415,"[0.031632404774427414, 0.0028157311026006937, 0.08928536623716354, 0.0042512561194598675, 0.008737953379750252, -0.06431121379137039, 0.6638049483299255]","[0.07816287875175476, 0.12886112928390503, 0.14484810829162598, 0.014921588823199272, 0.02359829656779766, 0.2094571590423584, 0.7489509582519531]",0.049787066876888275,-3.0,-3.0,0.1478794664144516,3.474110781098716e-05,0.0010763037716969848,0.001113210804760456,0.0018590507097542286,"{""critic_optimizer_updates"": 2065, ""actor_optimizer_updates_0"": 65, ""actor_optimizer_updates_1"": 65, ""actor_optimizer_steps_total"": 130, ""alpha_optimizer_updates"": 65}",-3.1809353828430176,1.8517670631408691,0.6456115245819092,3.301680088043213,0.8688654899597168
F_BC_only,66,3.187001493643038e-05,0.0002200327580794692,"[0.031605638563632965, 0.007134910672903061, 0.08724310994148254, 0.0020700134336948395, 0.007575441617518663, -0.06285431981086731, 0.6638890504837036]","[0.08907721936702728, 0.13287675380706787, 0.13768072426319122, 0.012142358347773552, 0.019604619592428207, 0.2094719260931015, 0.7490067481994629]",0.049787066876888275,-3.0,-3.0,0.1484375,3.245331026846543e-05,0.00017807463882490993,"[0.03344583883881569, 0.0024524391628801823, 0.08468795567750931, 0.004188579507172108, 0.009897235780954361, -0.06541786342859268, 0.6638054847717285]","[0.07772130519151688, 0.12885428965091705, 0.14417527616024017, 0.015147866681218147, 0.024278758093714714, 0.20923881232738495, 0.7489510774612427]",0.049787066876888275,-3.0,-3.0,0.1478794664144516,3.5502249374985695e-05,0.0010594684863463044,0.0011131017236039042,0.001860121265053749,"{""critic_optimizer_updates"": 2066, ""actor_optimizer_updates_0"": 66, ""actor_optimizer_updates_1"": 66, ""actor_optimizer_steps_total"": 132, ""alpha_optimizer_updates"": 66}",-3.2406811714172363,1.855114459991455,0.6484516263008118,3.3163931369781494,0.8707062602043152
F_BC_only,67,2.6690371669246815e-05,0.000220328860450536,"[0.031199801713228226, 0.006547418422996998, 0.08655387163162231, 0.0026532053016126156, 0.007052544504404068, -0.06311798095703125, 0.6638925075531006]","[0.08925506472587585, 0.13265499472618103, 0.14002272486686707, 0.011553928256034851, 0.019359322264790535, 0.2095538228750229, 0.749006986618042]",0.049787066876888275,-3.0,-3.0,0.1484375,3.792360803345218e-05,0.00018508087669033557,"[0.035902611911296844, 0.0018399548716843128, 0.08088706433773041, 0.004090026021003723, 0.01019133348017931, -0.06693539768457413, 0.6638066172599792]","[0.07737690955400467, 0.12885113060474396, 0.14408570528030396, 0.015521318651735783, 0.024737659841775894, 0.20889030396938324, 0.7489513754844666]",0.049787066876888275,-3.0,-3.0,0.1478794664144516,2.84308880509343e-05,0.0010373543482273817,0.0011197607964277267,0.0018725399859249592,"{""critic_optimizer_updates"": 2067, ""actor_optimizer_updates_0"": 67, ""actor_optimizer_updates_1"": 67, ""actor_optimizer_steps_total"": 134, ""alpha_optimizer_updates"": 67}",-3.2480554580688477,1.8490976095199585,0.6509681940078735,3.325385570526123,0.8712272644042969
F_BC_only,68,2.4326809580088593e-05,0.00021655055752489716,"[0.03079601563513279, 0.003479352220892906, 0.0870816707611084, 0.003911026753485203, 0.007809447590261698, -0.06570500880479813, 0.6638959646224976]","[0.08942505717277527, 0.1321655660867691, 0.1411876082420349, 0.011514686048030853, 0.01963460072875023, 0.20906326174736023, 0.7490072846412659]",0.049787066876888275,-3.0,-3.0,0.1484375,3.442602974246256e-05,0.0001830278488341719,"[0.03723590075969696, 0.0014771809801459312, 0.08315220475196838, 0.004005844704806805, 0.00918453186750412, -0.06690378487110138, 0.6638107895851135]","[0.07725416868925095, 0.12877842783927917, 0.14381223917007446, 0.015859704464673996, 0.024619614705443382, 0.20893310010433197, 0.7489516735076904]",0.049787066876888275,-3.0,-3.0,0.1478794664144516,2.5117791665252298e-05,0.0010139512596651912,0.001105482573620975,0.0018614876316860318,"{""critic_optimizer_updates"": 2068, ""actor_optimizer_updates_0"": 68, ""actor_optimizer_updates_1"": 68, ""actor_optimizer_steps_total"": 136, ""alpha_optimizer_updates"": 68}",-3.2156338691711426,1.847875714302063,0.6524598598480225,3.3325746059417725,0.8732811808586121
F_BC_only,69,2.9373000870691612e-05,0.00022561168589163572,"[0.03085073083639145, -0.0006899312138557434, 0.08473829925060272, 0.004904354922473431, 0.008962608873844147, -0.06716085970401764, 0.6638996601104736]","[0.0895613357424736, 0.1315651834011078, 0.14434531331062317, 0.011779588647186756, 0.020424140617251396, 0.2088562548160553, 0.7490072846412659]",0.049787066876888275,-3.0,-3.0,0.1484375,3.310970350867137e-05,0.00018446343892719597,"[0.036617349833250046, 0.001803106628358364, 0.08560515940189362, 0.0037327848840504885, 0.008163790218532085, -0.06491372734308243, 0.6638165712356567]","[0.07765284925699234, 0.1288655698299408, 0.14575311541557312, 0.015876639634370804, 0.024341687560081482, 0.20912447571754456, 0.7489522695541382]",0.049787066876888275,-3.0,-3.0,0.1478794664144516,2.8473048587329686e-05,0.0010069593554362655,0.0010901240166276693,0.0018596691079437733,"{""critic_optimizer_updates"": 2069, ""actor_optimizer_updates_0"": 69, ""actor_optimizer_updates_1"": 69, ""actor_optimizer_steps_total"": 138, ""alpha_optimizer_updates"": 69}",-3.164130687713623,1.834131121635437,0.6505608558654785,3.310331344604492,0.872891902923584
F_BC_only,70,3.201709478162229e-05,0.00022439697931986302,"[0.03146270290017128, -0.001845827791839838, 0.08728255331516266, 0.005074076820164919, 0.009287336841225624, -0.06755156815052032, 0.6639031171798706]","[0.08949360996484756, 0.13125599920749664, 0.14386816322803497, 0.01238543726503849, 0.02152649685740471, 0.2090788185596466, 0.7490073442459106]",0.049787066876888275,-3.0,-3.0,0.1484375,3.272121830377728e-05,0.00018638257461134344,"[0.03469041362404823, 0.0022317178081721067, 0.08983619511127472, 0.0033122929744422436, 0.007785096764564514, -0.06372109055519104, 0.6638222932815552]","[0.07810346782207489, 0.12890678644180298, 0.1459168642759323, 0.01567368395626545, 0.02407190389931202, 0.20920473337173462, 0.7489524483680725]",0.049787066876888275,-3.0,-3.0,0.1478794664144516,3.069794911425561e-05,0.000987791339866817,0.0010738699929788709,0.0018493107054382563,"{""critic_optimizer_updates"": 2070, ""actor_optimizer_updates_0"": 70, ""actor_optimizer_updates_1"": 70, ""actor_optimizer_steps_total"": 140, ""alpha_optimizer_updates"": 70}",-3.1038854122161865,1.8015042543411255,0.6503592729568481,3.267599105834961,0.867137610912323
F_BC_only,71,3.2036754419095814e-05,0.00022035914298612624,"[0.03153606504201889, -0.00021809060126543045, 0.09047355502843857, 0.004533854313194752, 0.008707979694008827, -0.06636440008878708, 0.6639002561569214]","[0.08933532238006592, 0.13128189742565155, 0.14227886497974396, 0.012923656031489372, 0.02227185107767582, 0.20966623723506927, 0.7490081191062927]",0.049787066876888275,-3.0,-3.0,0.1484375,2.926174238382373e-05,0.0001856859162217006,"[0.033081237226724625, 0.0024798456579446793, 0.08855155855417252, 0.002933466574177146, 0.00853749830275774, -0.0649380087852478, 0.6638261079788208]","[0.07857751846313477, 0.12892410159111023, 0.14504016935825348, 0.015347094275057316, 0.0236507635563612, 0.20890621840953827, 0.7489523887634277]",0.049787066876888275,-3.0,-3.0,0.1478794664144516,3.0976101697888225e-05,0.0009973482228815556,0.0010617343941703439,0.0018423873698338866,"{""critic_optimizer_updates"": 2071, ""actor_optimizer_updates_0"": 71, ""actor_optimizer_updates_1"": 71, ""actor_optimizer_steps_total"": 142, ""alpha_optimizer_updates"": 71}",-3.030548095703125,1.7694603204727173,0.6475775837898254,3.2113614082336426,0.8634869456291199
F_BC_only,72,3.406923497095704e-05,0.0002186215715482831,"[0.03119935281574726, 0.002751086838543415, 0.09297690540552139, 0.0037133540026843548, 0.008043590933084488, -0.06413255631923676, 0.663894534111023]","[0.0891021341085434, 0.13148458302021027, 0.1391897201538086, 0.01302362885326147, 0.02195560187101364, 0.21012651920318604, 0.7490084171295166]",0.049787066876888275,-3.0,-3.0,0.1484375,2.80447602563072e-05,0.0001853794528869912,"[0.03304110839962959, 0.002130707958713174, 0.08530934154987335, 0.0032310730312019587, 0.009807826019823551, -0.06652021408081055, 0.6638261675834656]","[0.07866433262825012, 0.12887293100357056, 0.1430872678756714, 0.01537838950753212, 0.02353573590517044, 0.20880216360092163, 0.7489527463912964]",0.049787066876888275,-3.0,-3.0,0.1478794664144516,3.5723773180507123e-05,0.001033854205161333,0.0010685916058719158,0.001850778004154563,"{""critic_optimizer_updates"": 2072, ""actor_optimizer_updates_0"": 72, ""actor_optimizer_updates_1"": 72, ""actor_optimizer_steps_total"": 144, ""alpha_optimizer_updates"": 72}",-3.019627809524536,1.7452059984207153,0.645997166633606,3.176607131958008,0.8618510961532593
F_BC_only,73,4.061788058606908e-05,0.0002212471008533612,"[0.030997538939118385, 0.0044239843264222145, 0.09336696565151215, 0.0034381242003291845, 0.008657862432301044, -0.06364816427230835, 0.6638889312744141]","[0.0888558104634285, 0.13159357011318207, 0.1349964588880539, 0.0128848347812891, 0.02109106257557869, 0.2099013328552246, 0.7490085363388062]",0.049787066876888275,-3.0,-3.0,0.1484375,2.971839603560511e-05,0.00018497822748031467,"[0.0342671237885952, 0.001657700864598155, 0.0849781334400177, 0.0037562819197773933, 0.010419121943414211, -0.06612855195999146, 0.663825511932373]","[0.0784003734588623, 0.12883323431015015, 0.1405080258846283, 0.015428120270371437, 0.023593910038471222, 0.20915855467319489, 0.748953104019165]",0.049787066876888275,-3.0,-3.0,0.1478794664144516,4.8906964366324246e-05,0.0010736525291576982,0.001078180968761444,0.0018537768628448248,"{""critic_optimizer_updates"": 2073, ""actor_optimizer_updates_0"": 73, ""actor_optimizer_updates_1"": 73, ""actor_optimizer_steps_total"": 146, ""alpha_optimizer_updates"": 73}",-3.124436378479004,1.7411776781082153,0.646720290184021,3.1886465549468994,0.8607817888259888
F_BC_only,74,5.161068111192435e-05,0.00022736242681276053,"[0.030900312587618828, 0.003930710256099701, 0.09169074892997742, 0.0035561067052185535, 0.008945446461439133, -0.06525693833827972, 0.6638834476470947]","[0.08880135416984558, 0.13156422972679138, 0.1308494210243225, 0.012408972717821598, 0.020226549357175827, 0.20920532941818237, 0.7490084171295166]",0.049787066876888275,-3.0,-3.0,0.1484375,3.20601902785711e-05,0.00018276523042004555,"[0.0354851670563221, 0.0024277667980641127, 0.08829113841056824, 0.00450072530657053, 0.009729892946779728, -0.06555484235286713, 0.6638243198394775]","[0.07811743766069412, 0.12899701297283173, 0.13859973847866058, 0.015476161614060402, 0.02371392771601677, 0.20940886437892914, 0.748953640460968]",0.049787066876888275,-3.0,-3.0,0.1478794664144516,6.969455716898665e-05,0.0011179200373589993,0.0010874922154471278,0.001854189787991345,"{""critic_optimizer_updates"": 2074, ""actor_optimizer_updates_0"": 74, ""actor_optimizer_updates_1"": 74, ""actor_optimizer_steps_total"": 148, ""alpha_optimizer_updates"": 74}",-3.267536163330078,1.757929801940918,0.6479926109313965,3.229999542236328,0.8631302118301392
F_BC_only,75,4.7215111408149824e-05,0.0002265241346322,"[0.031583353877067566, 0.0023303553462028503, 0.08700796961784363, 0.0038318645674735308, 0.008563702926039696, -0.0663481205701828, 0.6638785600662231]","[0.0890953540802002, 0.1314983367919922, 0.1301572471857071, 0.011924121528863907, 0.019388174638152122, 0.20853154361248016, 0.7490081191062927]",0.049787066876888275,-3.0,-3.0,0.1484375,3.4119453630410135e-05,0.00018061661103274673,"[0.03596510365605354, 0.0020849243737757206, 0.08977994322776794, 0.004433898720890284, 0.008703382685780525, -0.06479685008525848, 0.6638228893280029]","[0.07803846895694733, 0.1291101574897766, 0.13791382312774658, 0.015145804733037949, 0.023892277851700783, 0.20945972204208374, 0.7489541172981262]",0.049787066876888275,-3.0,-3.0,0.1478794664144516,7.019917393336073e-05,0.001146945869550109,0.001094914972782135,0.0018596253357827663,"{""critic_optimizer_updates"": 2075, ""actor_optimizer_updates_0"": 75, ""actor_optimizer_updates_1"": 75, ""actor_optimizer_steps_total"": 150, ""alpha_optimizer_updates"": 75}",-3.301396369934082,1.7567731142044067,0.6452968120574951,3.2310304641723633,0.8632152676582336
F_BC_only,76,3.401410867809318e-05,0.00022369212820194662,"[0.03175521641969681, 0.0005971172358840704, 0.08108988404273987, 0.003913930617272854, 0.007800930179655552, -0.06558258831501007, 0.6638761162757874]","[0.08961307257413864, 0.1314321756362915, 0.1331786811351776, 0.011534993536770344, 0.019040172919631004, 0.20837733149528503, 0.7490078210830688]",0.049787066876888275,-3.0,-3.0,0.1484375,3.544840728864074e-05,0.00018130648822989315,"[0.03538726642727852, 0.0012208221014589071, 0.08490340411663055, 0.0036033838987350464, 0.008093491196632385, -0.06492295861244202, 0.6638226509094238]","[0.0782407745718956, 0.12927892804145813, 0.14052005112171173, 0.014457612298429012, 0.023886634036898613, 0.20895327627658844, 0.748954176902771]",0.049787066876888275,-3.0,-3.0,0.1478794664144516,5.477136073750444e-05,0.0011577208060771227,0.001091530080884695,0.0018690975848585367,"{""critic_optimizer_updates"": 2076, ""actor_optimizer_updates_0"": 76, ""actor_optimizer_updates_1"": 76, ""actor_optimizer_steps_total"": 152, ""alpha_optimizer_updates"": 76}",-3.2308831214904785,1.7293224334716797,0.6335530281066895,3.187135696411133,0.8561917543411255
F_BC_only,77,2.430323183943983e-05,0.0002170080115320161,"[0.030901387333869934, 0.0014233875554054976, 0.08213767409324646, 0.0037422997411340475, 0.007271242793649435, -0.06501611322164536, 0.6638750433921814]","[0.08989191055297852, 0.13161882758140564, 0.13596953451633453, 0.011635693721473217, 0.019267292693257332, 0.20850534737110138, 0.7490079402923584]",0.049787066876888275,-3.0,-3.0,0.1484375,4.0133047150447965e-05,0.00018419550906401128,"[0.03446640446782112, 0.001035619992762804, 0.08473563939332962, 0.0032880438957363367, 0.007741206791251898, -0.06618759781122208, 0.6638213992118835]","[0.07826391607522964, 0.12953804433345795, 0.1417611688375473, 0.014568991027772427, 0.024070661514997482, 0.20836561918258667, 0.7489540576934814]",0.049787066876888275,-3.0,-3.0,0.1478794664144516,4.335234916652553e-05,0.0011564088054001331,0.0010994512122124434,0.0018824492581188679,"{""critic_optimizer_updates"": 2077, ""actor_optimizer_updates_0"": 77, ""actor_optimizer_updates_1"": 77, ""actor_optimizer_steps_total"": 154, ""alpha_optimizer_updates"": 77}",-3.1482977867126465,1.7059067487716675,0.6306432485580444,3.1453142166137695,0.8521243333816528
F_BC_only,78,2.1158974050194956e-05,0.0002079164405586198,"[0.030551986768841743, 0.0038941698148846626, 0.08871462196111679, 0.003496607532724738, 0.008324654772877693, -0.06541256606578827, 0.663876473903656]","[0.08977138996124268, 0.13198015093803406, 0.13707441091537476, 0.012160371989011765, 0.02005474641919136, 0.20876342058181763, 0.7490089535713196]",0.049787066876888275,-3.0,-3.0,0.1484375,3.644671960501e-05,0.00017669169756118208,"[0.0341261550784111, 0.0023320489563047886, 0.08937950432300568, 0.003718102350831032, 0.008181966841220856, -0.06629451364278793, 0.6638202667236328]","[0.07811162620782852, 0.129744753241539, 0.14016345143318176, 0.01555678341537714, 0.02431425265967846, 0.20836159586906433, 0.7489537000656128]",0.049787066876888275,-3.0,-3.0,0.1478794664144516,3.555928560672328e-05,0.001124909962527454,0.0011054181959480047,0.001879140269011259,"{""critic_optimizer_updates"": 2078, ""actor_optimizer_updates_0"": 78, ""actor_optimizer_updates_1"": 78, ""actor_optimizer_steps_total"": 156, ""alpha_optimizer_updates"": 78}",-3.1233863830566406,1.688118577003479,0.6241403222084045,3.11059832572937,0.8469040393829346
F_BC_only,79,3.219917925889604e-05,0.0002108929184032604,"[0.030948512256145477, 0.00486361887305975, 0.09435181319713593, 0.003726138500496745, 0.009398842230439186, -0.0658857524394989, 0.6638796329498291]","[0.08948095142841339, 0.13227105140686035, 0.13754232227802277, 0.01286129280924797, 0.02094292640686035, 0.20914524793624878, 0.7490102648735046]",0.049787066876888275,-3.0,-3.0,0.1484375,3.6449720937525854e-05,0.0001732909877318889,"[0.03506679832935333, 0.0026410368736833334, 0.09099340438842773, 0.003744191024452448, 0.009251939132809639, -0.06507743895053864, 0.6638195514678955]","[0.07777893543243408, 0.12971249222755432, 0.13808496296405792, 0.01590757630765438, 0.024214794859290123, 0.20884659886360168, 0.7489534616470337]",0.049787066876888275,-3.0,-3.0,0.1478794664144516,4.012555655208416e-05,0.0010936346370726824,0.0011144736781716347,0.0018776572542265058,"{""critic_optimizer_updates"": 2079, ""actor_optimizer_updates_0"": 79, ""actor_optimizer_updates_1"": 79, ""actor_optimizer_steps_total"": 158, ""alpha_optimizer_updates"": 79}",-3.138237237930298,1.6960443258285522,0.6253719329833984,3.1386678218841553,0.8474960327148438
F_BC_only,80,4.064186578034423e-05,0.00021178567840252072,"[0.031634245067834854, 0.0034011066891252995, 0.09622271358966827, 0.0037295364309102297, 0.009522020816802979, -0.06492895632982254, 0.6638820171356201]","[0.08916548639535904, 0.13233302533626556, 0.13686931133270264, 0.013171468861401081, 0.021520769223570824, 0.20959852635860443, 0.7490113377571106]",0.049787066876888275,-3.0,-3.0,0.1484375,3.386146272532642e-05,0.00017078100063372403,"[0.03544743359088898, 0.0017193472012877464, 0.08769319206476212, 0.0030540251173079014, 0.010072452947497368, -0.06448649615049362, 0.663815975189209]","[0.07784181088209152, 0.12946298718452454, 0.13697771728038788, 0.015268523246049881, 0.02364899218082428, 0.2092541754245758, 0.7489539384841919]",0.049787066876888275,-3.0,-3.0,0.1478794664144516,4.582262408803217e-05,0.0010665986919775605,0.0011263513006269932,0.001883548335172236,"{""critic_optimizer_updates"": 2080, ""actor_optimizer_updates_0"": 80, ""actor_optimizer_updates_1"": 80, ""actor_optimizer_steps_total"": 160, ""alpha_optimizer_updates"": 80}",-3.176692485809326,1.7067375183105469,0.6286078095436096,3.185946226119995,0.8499301075935364
F_BC_only,81,3.151087730657309e-05,0.00020395321189425886,"[0.03230457752943039, -0.00040002260357141495, 0.09164033830165863, 0.004149967804551125, 0.009022902697324753, -0.06380751729011536, 0.6638848781585693]","[0.08889007568359375, 0.13211177289485931, 0.13720424473285675, 0.013153886422514915, 0.021594546735286713, 0.20950482785701752, 0.7490122318267822]",0.049787066876888275,-3.0,-3.0,0.1484375,3.510718670440838e-05,0.0001748657668940723,"[0.03526421636343002, 0.00014230981469154358, 0.08193960785865784, 0.0025622581597417593, 0.010104518383741379, -0.06594102084636688, 0.6638098359107971]","[0.07811186462640762, 0.12917378544807434, 0.13835644721984863, 0.014641374349594116, 0.022915730252861977, 0.2092113345861435, 0.7489545345306396]",0.049787066876888275,-3.0,-3.0,0.1478794664144516,3.349848702782765e-05,0.001015706337057054,0.001149806659668684,0.0019113663583993912,"{""critic_optimizer_updates"": 2081, ""actor_optimizer_updates_0"": 81, ""actor_optimizer_updates_1"": 81, ""actor_optimizer_steps_total"": 162, ""alpha_optimizer_updates"": 81}",-3.155850410461426,1.7107166051864624,0.6311269402503967,3.2039222717285156,0.8513216972351074
F_BC_only,82,2.7706939363270067e-05,0.00020282687910366803,"[0.031987980008125305, -0.002228280296549201, 0.08632879704236984, 0.004393255338072777, 0.007977185770869255, -0.06492127478122711, 0.663887619972229]","[0.08898632973432541, 0.13198073208332062, 0.13706715404987335, 0.012828867882490158, 0.02094413712620735, 0.2087758481502533, 0.7490129470825195]",0.049787066876888275,-3.0,-3.0,0.1484375,3.177993858116679e-05,0.00017332876450382173,"[0.03444854915142059, 0.0006927228532731533, 0.08271349966526031, 0.0028768202755600214, 0.008990676142275333, -0.066351018846035, 0.6638056039810181]","[0.07838217914104462, 0.1289694607257843, 0.14084112644195557, 0.014318190515041351, 0.022590843960642815, 0.20909453928470612, 0.7489549517631531]",0.049787066876888275,-3.0,-3.0,0.1478794664144516,2.8146387194283307e-05,0.0009757669176906347,0.0011658112052828074,0.0019315951503813267,"{""critic_optimizer_updates"": 2082, ""actor_optimizer_updates_0"": 82, ""actor_optimizer_updates_1"": 82, ""actor_optimizer_steps_total"": 164, ""alpha_optimizer_updates"": 82}",-3.137906551361084,1.7026267051696777,0.6337904334068298,3.183873176574707,0.8504217863082886
F_BC_only,83,2.645150016178377e-05,0.00020454436889849603,"[0.03137587755918503, -7.29067251086235e-05, 0.08386220782995224, 0.0040885829366743565, 0.0077002341859042645, -0.06727941334247589, 0.6638901233673096]","[0.08914339542388916, 0.13209085166454315, 0.13661687076091766, 0.012426978908479214, 0.02012299932539463, 0.20784713327884674, 0.7490138411521912]",0.049787066876888275,-3.0,-3.0,0.1484375,3.282081524957903e-05,0.00017414771718904376,"[0.03392478823661804, 0.002888590330258012, 0.08669348061084747, 0.00402770284563303, 0.007452257908880711, -0.06560702621936798, 0.663802981376648]","[0.07845022529363632, 0.12888237833976746, 0.1443300098180771, 0.014565723948180676, 0.022619962692260742, 0.20891614258289337, 0.7489555478096008]",0.049787066876888275,-3.0,-3.0,0.1478794664144516,2.8516518796095625e-05,0.0009444852476008236,0.0011813592864200473,0.0019525267416611314,"{""critic_optimizer_updates"": 2083, ""actor_optimizer_updates_0"": 83, ""actor_optimizer_updates_1"": 83, ""actor_optimizer_steps_total"": 166, ""alpha_optimizer_updates"": 83}",-3.1336796283721924,1.6878517866134644,0.6347524523735046,3.1586549282073975,0.8492690324783325
F_BC_only,84,2.2816433556727134e-05,0.00020706244686152786,"[0.03048953413963318, 0.003698687767609954, 0.08274558186531067, 0.003555139759555459, 0.008082149550318718, -0.06723989546298981, 0.6638898849487305]","[0.08945604413747787, 0.13223180174827576, 0.13797542452812195, 0.012112743221223354, 0.019642367959022522, 0.20791789889335632, 0.7490143775939941]",0.049787066876888275,-3.0,-3.0,0.1484375,4.085888576810248e-05,0.00018040352733805776,"[0.03405982255935669, 0.004053174052387476, 0.08822792768478394, 0.005269077606499195, 0.007334712892770767, -0.06437613070011139, 0.6637997627258301]","[0.07832043617963791, 0.1288267970085144, 0.14687488973140717, 0.015408682636916637, 0.02333436906337738, 0.20870649814605713, 0.7489559054374695]",0.049787066876888275,-3.0,-3.0,0.1478794664144516,2.455505818943493e-05,0.000943321327213198,0.0012121334439143538,0.001989042852073908,"{""critic_optimizer_updates"": 2084, ""actor_optimizer_updates_0"": 84, ""actor_optimizer_updates_1"": 84, ""actor_optimizer_steps_total"": 168, ""alpha_optimizer_updates"": 84}",-3.1761341094970703,1.6952171325683594,0.640642523765564,3.1776771545410156,0.850560188293457
F_BC_only,85,2.240604408143554e-05,0.00020534991926979274,"[0.030441654846072197, 0.006613314151763916, 0.08567403256893158, 0.0032977741211652756, 0.008338343352079391, -0.064311683177948, 0.6638895273208618]","[0.08969320356845856, 0.13224151730537415, 0.1382812112569809, 0.012125802226364613, 0.019729068502783775, 0.2089342623949051, 0.7490149140357971]",0.049787066876888275,-3.0,-3.0,0.1484375,4.1314760892419145e-05,0.00017939580720849335,"[0.03503767028450966, 0.0027922154404222965, 0.0859772264957428, 0.005196278914809227, 0.008577384054660797, -0.06435035169124603, 0.6637957096099854]","[0.07793337106704712, 0.12869389355182648, 0.14696216583251953, 0.01572592370212078, 0.02408376708626747, 0.20852407813072205, 0.7489559054374695]",0.049787066876888275,-3.0,-3.0,0.1478794664144516,2.5564748284523375e-05,0.0009422299335710704,0.0012372693745419383,0.002015357371419668,"{""critic_optimizer_updates"": 2085, ""actor_optimizer_updates_0"": 85, ""actor_optimizer_updates_1"": 85, ""actor_optimizer_steps_total"": 170, ""alpha_optimizer_updates"": 85}",-3.192542552947998,1.7032971382141113,0.6397701501846313,3.1992225646972656,0.8531431555747986
F_BC_only,86,2.8866810680483468e-05,0.00020475666678976268,"[0.031008269637823105, 0.0069307005032896996, 0.09042474627494812, 0.0029666416812688112, 0.008022479712963104, -0.0627579391002655, 0.6638899445533752]","[0.08963727205991745, 0.13200396299362183, 0.137794628739357, 0.012176171876490116, 0.020216038450598717, 0.20979368686676025, 0.7490155696868896]",0.049787066876888275,-3.0,-3.0,0.1484375,3.64379448001273e-05,0.0001737971615511924,"[0.03507160395383835, 0.0015889317728579044, 0.08463332056999207, 0.0039028923492878675, 0.00984703004360199, -0.06572064757347107, 0.6637933254241943]","[0.07758986949920654, 0.12862683832645416, 0.14435884356498718, 0.015442868694663048, 0.024561507627367973, 0.20845510065555573, 0.7489558458328247]",0.049787066876888275,-3.0,-3.0,0.1478794664144516,3.3084885217249393e-05,0.0009361045085825026,0.0012494232505559921,0.0020248114597052336,"{""critic_optimizer_updates"": 2086, ""actor_optimizer_updates_0"": 86, ""actor_optimizer_updates_1"": 86, ""actor_optimizer_steps_total"": 172, ""alpha_optimizer_updates"": 86}",-3.243823528289795,1.7158010005950928,0.652051568031311,3.2311339378356934,0.857910692691803
F_BC_only,87,3.130512413918041e-05,0.00020075665088370442,"[0.03151308000087738, 0.003529232693836093, 0.09238245338201523, 0.0031822677701711655, 0.007921960204839706, -0.0646400898694992, 0.6638902425765991]","[0.08930259943008423, 0.13146814703941345, 0.13761118054389954, 0.012547302059829235, 0.020727522671222687, 0.20964567363262177, 0.7490161657333374]",0.049787066876888275,-3.0,-3.0,0.1484375,3.4232085454277694e-05,0.000172742351423949,"[0.03469783812761307, 0.001598771894350648, 0.08407053351402283, 0.002532834652811289, 0.010427877306938171, -0.06610408425331116, 0.6637922525405884]","[0.07737445831298828, 0.12870927155017853, 0.14214637875556946, 0.014798647724092007, 0.024543704465031624, 0.20872589945793152, 0.748956024646759]",0.049787066876888275,-3.0,-3.0,0.1478794664144516,3.544225182849914e-05,0.000925722997635603,0.001259742770344019,0.002038725418969989,"{""critic_optimizer_updates"": 2087, ""actor_optimizer_updates_0"": 87, ""actor_optimizer_updates_1"": 87, ""actor_optimizer_steps_total"": 174, ""alpha_optimizer_updates"": 87}",-3.2799413204193115,1.7144060134887695,0.6565682291984558,3.248068332672119,0.8581395149230957
F_BC_only,88,3.0292248993646353e-05,0.0002002490364247933,"[0.03140681982040405, -0.0008094178047031164, 0.0906648263335228, 0.0038091097958385944, 0.008561816066503525, -0.06680525839328766, 0.6638921499252319]","[0.08889826387166977, 0.13099050521850586, 0.1379779428243637, 0.01254113670438528, 0.020978834480047226, 0.2090679556131363, 0.7490168213844299]",0.049787066876888275,-3.0,-3.0,0.1484375,2.9457311029545963e-05,0.00017060684331227094,"[0.03428170830011368, 0.002578398212790489, 0.08608537912368774, 0.0026317783631384373, 0.009498645551502705, -0.06527437269687653, 0.6637974977493286]","[0.07748467475175858, 0.12892204523086548, 0.14049704372882843, 0.015187012031674385, 0.023841699585318565, 0.2092670202255249, 0.7489575743675232]",0.049787066876888275,-3.0,-3.0,0.1478794664144516,3.3612486731726676e-05,0.0008992665680125356,0.001242619240656495,0.002023054286837578,"{""critic_optimizer_updates"": 2088, ""actor_optimizer_updates_0"": 88, ""actor_optimizer_updates_1"": 88, ""actor_optimizer_steps_total"": 176, ""alpha_optimizer_updates"": 88}",-3.2444190979003906,1.7022666931152344,0.6568050384521484,3.2369089126586914,0.8574315905570984
F_BC_only,89,2.9358321626204997e-05,0.0002038130915025249,"[0.03128478303551674, -0.0025448251981288195, 0.08810316026210785, 0.004715153947472572, 0.009624715894460678, -0.06701718270778656, 0.6638906002044678]","[0.08856728672981262, 0.13080814480781555, 0.13824324309825897, 0.012711964547634125, 0.020797401666641235, 0.2088669389486313, 0.7490173578262329]",0.049787066876888275,-3.0,-3.0,0.1484375,2.751549800450448e-05,0.0001701648870948702,"[0.03444702923297882, 0.002973078517243266, 0.0883791446685791, 0.003527643159031868, 0.008315221406519413, -0.06519633531570435, 0.6638022661209106]","[0.07764970511198044, 0.1291171908378601, 0.1399250477552414, 0.0158323235809803, 0.023360369727015495, 0.20932625234127045, 0.7489591240882874]",0.049787066876888275,-3.0,-3.0,0.1478794664144516,2.8971084248041734e-05,0.0009049799991771579,0.0012290586018934846,0.002011294011026621,"{""critic_optimizer_updates"": 2089, ""actor_optimizer_updates_0"": 89, ""actor_optimizer_updates_1"": 89, ""actor_optimizer_steps_total"": 178, ""alpha_optimizer_updates"": 89}",-3.241328716278076,1.6903488636016846,0.6593015193939209,3.2302627563476562,0.8557927012443542
F_BC_only,90,1.9923032596125267e-05,0.0002033412893069908,"[0.031652286648750305, -2.9742484912276268e-05, 0.08629517257213593, 0.005078550428152084, 0.008829338476061821, -0.06531862914562225, 0.6638884544372559]","[0.08859831094741821, 0.13100934028625488, 0.13923290371894836, 0.012996149249374866, 0.02049858309328556, 0.20918360352516174, 0.7490174770355225]",0.049787066876888275,-3.0,-3.0,0.1484375,2.6522822736296803e-05,0.00016944759408943355,"[0.03473542258143425, 0.0008429470472037792, 0.0871715173125267, 0.0042863404378294945, 0.008037500083446503, -0.06526713073253632, 0.6638052463531494]","[0.07806044071912766, 0.12909209728240967, 0.14056146144866943, 0.016272258013486862, 0.023202519863843918, 0.2090054154396057, 0.7489604353904724]",0.049787066876888275,-3.0,-3.0,0.1478794664144516,1.8434806406730786e-05,0.0009184127557091415,0.0012199165066704154,0.0020045582205057144,"{""critic_optimizer_updates"": 2090, ""actor_optimizer_updates_0"": 90, ""actor_optimizer_updates_1"": 90, ""actor_optimizer_steps_total"": 180, ""alpha_optimizer_updates"": 90}",-3.2194151878356934,1.6763051748275757,0.6615014672279358,3.2204065322875977,0.8562915325164795
F_BC_only,91,1.3926955944043584e-05,0.00020875365589745343,"[0.031875886023044586, 0.004674272611737251, 0.08553070574998856, 0.004267815034836531, 0.007500495761632919, -0.06427697092294693, 0.6638892889022827]","[0.0889250785112381, 0.13146349787712097, 0.14142027497291565, 0.013234235346317291, 0.020424919202923775, 0.20934854447841644, 0.7490178942680359]",0.049787066876888275,-3.0,-3.0,0.1484375,3.267002830398269e-05,0.00017556340026203543,"[0.03470350801944733, 5.386653356254101e-05, 0.08332391828298569, 0.0047789691016077995, 0.008346660062670708, -0.0657069981098175, 0.6638087034225464]","[0.07842383533716202, 0.12919162213802338, 0.14208729565143585, 0.016215935349464417, 0.02319769747555256, 0.20856475830078125, 0.7489616274833679]",0.049787066876888275,-3.0,-3.0,0.1478794664144516,1.3515231330529787e-05,0.0009226034162566066,0.0012159685138612986,0.002005151938647032,"{""critic_optimizer_updates"": 2091, ""actor_optimizer_updates_0"": 91, ""actor_optimizer_updates_1"": 91, ""actor_optimizer_steps_total"": 182, ""alpha_optimizer_updates"": 91}",-3.221022129058838,1.6722791194915771,0.6676303148269653,3.2276549339294434,0.8565595746040344
F_BC_only,92,1.7762558854883537e-05,0.00021374764037318528,"[0.03152373060584068, 0.00791136547923088, 0.08701271563768387, 0.0029417588375508785, 0.0073755900375545025, -0.0645403265953064, 0.6638885736465454]","[0.08943365514278412, 0.1319262683391571, 0.14208604395389557, 0.013222546316683292, 0.02037930302321911, 0.2092142254114151, 0.7490184307098389]",0.049787066876888275,-3.0,-3.0,0.1484375,3.890901280101389e-05,0.00017939585086423904,"[0.03435637056827545, 0.0014544110745191574, 0.08279513567686081, 0.004255444742739201, 0.008922436274588108, -0.06534205377101898, 0.6638108491897583]","[0.07849564403295517, 0.12934547662734985, 0.14378993213176727, 0.015274496749043465, 0.023508748039603233, 0.20857615768909454, 0.7489628195762634]",0.049787066876888275,-3.0,-3.0,0.1478794664144516,1.6742429579608142e-05,0.0009421294089406729,0.0012188858818262815,0.002005757065489888,"{""critic_optimizer_updates"": 2092, ""actor_optimizer_updates_0"": 92, ""actor_optimizer_updates_1"": 92, ""actor_optimizer_steps_total"": 184, ""alpha_optimizer_updates"": 92}",-3.2457480430603027,1.6847546100616455,0.6643760800361633,3.2774510383605957,0.8569332361221313
F_BC_only,93,2.0608795239240862e-05,0.00021267918054945767,"[0.031050972640514374, 0.0059180958196520805, 0.08715993911027908, 0.002093311632052064, 0.00925673171877861, -0.06534828990697861, 0.6638883352279663]","[0.08971152454614639, 0.13196666538715363, 0.14300943911075592, 0.01302194781601429, 0.020686324685811996, 0.2090502381324768, 0.7490190267562866]",0.049787066876888275,-3.0,-3.0,0.1484375,4.2754658352350816e-05,0.0001798805606085807,"[0.034217141568660736, 0.0032398607581853867, 0.08582091331481934, 0.0032753455452620983, 0.009286304004490376, -0.06477083265781403, 0.6638128757476807]","[0.0782160684466362, 0.12946902215480804, 0.14497803151607513, 0.014292579144239426, 0.02402002550661564, 0.2089560180902481, 0.7489643096923828]",0.049787066876888275,-3.0,-3.0,0.1478794664144516,1.87887762876926e-05,0.0009545019129291177,0.0012234102468937635,0.0020060406532138586,"{""critic_optimizer_updates"": 2093, ""actor_optimizer_updates_0"": 93, ""actor_optimizer_updates_1"": 93, ""actor_optimizer_steps_total"": 186, ""alpha_optimizer_updates"": 93}",-3.301345109939575,1.6910803318023682,0.6691138744354248,3.3266701698303223,0.857562780380249
F_BC_only,94,2.7605465220403858e-05,0.00020863235113210976,"[0.031169841066002846, 0.0011293839197605848, 0.08833417296409607, 0.0030688238330185413, 0.010515322908759117, -0.06571559607982635, 0.6638874411582947]","[0.08960619568824768, 0.13184627890586853, 0.14138977229595184, 0.013079702854156494, 0.021269166842103004, 0.2091299593448639, 0.7490196824073792]",0.049787066876888275,-3.0,-3.0,0.1484375,4.161256583756767e-05,0.00017717451555654407,"[0.03431563451886177, 0.0033686275128275156, 0.08951038867235184, 0.003127107862383127, 0.009496917016804218, -0.06531209498643875, 0.663814127445221]","[0.07793400436639786, 0.12936565279960632, 0.1439850777387619, 0.014742166735231876, 0.024464167654514313, 0.20928728580474854, 0.7489654421806335]",0.049787066876888275,-3.0,-3.0,0.1478794664144516,2.5730902052600868e-05,0.0009649449493736029,0.0012269734870642424,0.002001172862946987,"{""critic_optimizer_updates"": 2094, ""actor_optimizer_updates_0"": 94, ""actor_optimizer_updates_1"": 94, ""actor_optimizer_steps_total"": 188, ""alpha_optimizer_updates"": 94}",-3.254511833190918,1.6686465740203857,0.6636574268341064,3.2975502014160156,0.8568867444992065
F_BC_only,95,4.084270040038973e-05,0.00021151015243958682,"[0.031015027314424515, -0.0022521603386849165, 0.0897001326084137, 0.0044207703322172165, 0.008839326910674572, -0.0655980259180069, 0.6638864278793335]","[0.0894220620393753, 0.13178971409797668, 0.13873404264450073, 0.012995634227991104, 0.021587921306490898, 0.20924106240272522, 0.7490203380584717]",0.049787066876888275,-3.0,-3.0,0.1484375,3.680644294945523e-05,0.0001737704878905788,"[0.034809619188308716, 0.0019847324583679438, 0.09024268388748169, 0.003358426969498396, 0.009484569542109966, -0.06561871618032455, 0.6638143658638]","[0.07768953591585159, 0.1290942281484604, 0.1412985622882843, 0.015795376151800156, 0.02441670559346676, 0.20923978090286255, 0.7489662766456604]",0.049787066876888275,-3.0,-3.0,0.1478794664144516,4.004328729934059e-05,0.0009800009429454803,0.0012298976071178913,0.00199798378162086,"{""critic_optimizer_updates"": 2095, ""actor_optimizer_updates_0"": 95, ""actor_optimizer_updates_1"": 95, ""actor_optimizer_steps_total"": 190, ""alpha_optimizer_updates"": 95}",-3.194373846054077,1.630695104598999,0.6545460820198059,3.2494261264801025,0.8530664443969727
F_BC_only,96,3.812302747974172e-05,0.0002137525734724477,"[0.03127181529998779, -0.0016983088571578264, 0.08788715302944183, 0.0048531340435147285, 0.006511023733764887, -0.06510303169488907, 0.6638870239257812]","[0.0893760472536087, 0.13200174272060394, 0.13896672427654266, 0.012481307610869408, 0.021218350157141685, 0.20938561856746674, 0.7490209937095642]",0.049787066876888275,-3.0,-3.0,0.1484375,3.352510975673795e-05,0.00017705860955175012,"[0.035015180706977844, 0.0003331375773996115, 0.08315221220254898, 0.0033459393307566643, 0.009294087067246437, -0.06568009406328201, 0.663813591003418]","[0.0779133290052414, 0.12890413403511047, 0.14047285914421082, 0.016225945204496384, 0.0238176416605711, 0.20880667865276337, 0.748967170715332]",0.049787066876888275,-3.0,-3.0,0.1478794664144516,3.690362791530788e-05,0.0009758573723956943,0.0012348241871222854,0.0020114032085984945,"{""critic_optimizer_updates"": 2096, ""actor_optimizer_updates_0"": 96, ""actor_optimizer_updates_1"": 96, ""actor_optimizer_steps_total"": 192, ""alpha_optimizer_updates"": 96}",-3.1173160076141357,1.6088662147521973,0.6399831771850586,3.2067863941192627,0.8512111902236938
F_BC_only,97,2.980786121042911e-05,0.0002151217486243695,"[0.031107395887374878, 0.001669053453952074, 0.08654046803712845, 0.004436737857758999, 0.007431091740727425, -0.06531022489070892, 0.6638875007629395]","[0.08949831128120422, 0.13231168687343597, 0.14007273316383362, 0.012183763086795807, 0.020531779155135155, 0.20911112427711487, 0.7490215301513672]",0.049787066876888275,-3.0,-3.0,0.1484375,3.62120772479102e-05,0.0001847961830208078,"[0.03475170582532883, 0.00024080020375549793, 0.08018159866333008, 0.003458417020738125, 0.008546525612473488, -0.06527575105428696, 0.6638141870498657]","[0.07829682528972626, 0.12888143956661224, 0.14210736751556396, 0.015638653188943863, 0.023278452455997467, 0.20863020420074463, 0.7489683032035828]",0.049787066876888275,-3.0,-3.0,0.1478794664144516,2.880745887523517e-05,0.0009756768704392016,0.0012382218847051263,0.002023888286203146,"{""critic_optimizer_updates"": 2097, ""actor_optimizer_updates_0"": 97, ""actor_optimizer_updates_1"": 97, ""actor_optimizer_steps_total"": 194, ""alpha_optimizer_updates"": 97}",-3.1454639434814453,1.5935553312301636,0.6403247117996216,3.203484058380127,0.8514662981033325
F_BC_only,98,2.922137537098024e-05,0.00022008619271218777,"[0.03106515109539032, 0.005395327229052782, 0.08738626539707184, 0.003500650404021144, 0.009624340571463108, -0.06600779294967651, 0.663884162902832]","[0.08974327892065048, 0.13257236778736115, 0.1404092013835907, 0.012202228419482708, 0.020169837400317192, 0.20881739258766174, 0.7490218281745911]",0.049787066876888275,-3.0,-3.0,0.1484375,3.242173625039868e-05,0.00018025223107542843,"[0.03385186195373535, 0.002232715953141451, 0.0850570872426033, 0.003708222880959511, 0.0076182931661605835, -0.06524001806974411, 0.6638141870498657]","[0.07858400046825409, 0.12889093160629272, 0.14472073316574097, 0.014759459532797337, 0.023174118250608444, 0.20878203213214874, 0.7489696145057678]",0.049787066876888275,-3.0,-3.0,0.1478794664144516,2.9501105018425733e-05,0.0010092160664498806,0.0012397661339491606,0.002024382818490267,"{""critic_optimizer_updates"": 2098, ""actor_optimizer_updates_0"": 98, ""actor_optimizer_updates_1"": 98, ""actor_optimizer_steps_total"": 196, ""alpha_optimizer_updates"": 98}",-3.2318568229675293,1.5915335416793823,0.642256498336792,3.2334017753601074,0.854305624961853
F_BC_only,99,3.0384517231141217e-05,0.00022030611580703408,"[0.031067129224538803, 0.005796704441308975, 0.08888263255357742, 0.0026215563993901014, 0.009532245807349682, -0.06577695906162262, 0.6638808250427246]","[0.08989164233207703, 0.1324634701013565, 0.13961651921272278, 0.012474900111556053, 0.02063051052391529, 0.20901116728782654, 0.7490218877792358]",0.049787066876888275,-3.0,-3.0,0.1484375,4.133114271098748e-05,0.0001841536141000688,"[0.03364361822605133, 0.00387105206027627, 0.09094858169555664, 0.004607365000993013, 0.00788121111690998, -0.06538614630699158, 0.6638144254684448]","[0.07855880260467529, 0.12888507544994354, 0.14641451835632324, 0.014806673862040043, 0.02373098023235798, 0.20901989936828613, 0.7489709258079529]",0.049787066876888275,-3.0,-3.0,0.1478794664144516,3.362349161761813e-05,0.0010384516790509224,0.0012540945317596197,0.0020302128978073597,"{""critic_optimizer_updates"": 2099, ""actor_optimizer_updates_0"": 99, ""actor_optimizer_updates_1"": 99, ""actor_optimizer_steps_total"": 198, ""alpha_optimizer_updates"": 99}",-3.335639715194702,1.6007225513458252,0.651410698890686,3.276712656021118,0.8555269837379456
F_BC_only,100,3.101932452409528e-05,0.00021770011517219245,"[0.031260982155799866, 0.003327891230583191, 0.08879761397838593, 0.002637052908539772, 0.008141491562128067, -0.06489476561546326, 0.663877546787262]","[0.08989029377698898, 0.13212288916110992, 0.13914769887924194, 0.012668357230722904, 0.02136400155723095, 0.20923012495040894, 0.7490219473838806]",0.049787066876888275,-3.0,-3.0,0.1484375,4.480931966099888e-05,0.00018350603932049125,"[0.034489791840314865, 0.003177221864461899, 0.0876530259847641, 0.004820813424885273, 0.009532117284834385, -0.06563329696655273, 0.663814127445221]","[0.07824208587408066, 0.1288445144891739, 0.14683562517166138, 0.015302728861570358, 0.024272950366139412, 0.20912866294384003, 0.7489718794822693]",0.049787066876888275,-3.0,-3.0,0.1478794664144516,3.8339218008331954e-05,0.001068730023689568,0.0012639634078368545,0.0020351866260170937,"{""critic_optimizer_updates"": 2100, ""actor_optimizer_updates_0"": 100, ""actor_optimizer_updates_1"": 100, ""actor_optimizer_steps_total"": 200, ""alpha_optimizer_updates"": 100}",-3.2953944206237793,1.5735126733779907,0.6385448575019836,3.2378110885620117,0.8552845120429993
